====================================================================================================
Intervalle [0] ]13.457,14.542[ -> 0 ancrage de depart (VIDE, structurel)


====================================================================================================
Intervalle [1] : intervalle de depart ]x0_1=14.542, x0_2=20.797[  -> 100 ancrages de depart trouves
cibles enchainees (dans l'ordre) : [20.797, 21.788, 25.115, 30.231, 30.884, 33.514, 13.507, 13.583, 21.147, 21.76, 24.287, 25.066, 30.344, 30.895, 32.787, 33.596]
====================================================================================================

--- depart l=1 : b1[1] = (t=1,k=-2,sg=+) = 19.905401285 | chaine atteint n_l = 16 etape(s) ---
etape |   cible x0 |     t    k  sg |               b |      N1      N2 |     erreur
    0 |   (depart) |     1   -2   + |    19.905401285 |                 |           
    1 |     20.797 |    46   -3   - |    25.000988656 |   57812   12261 |   8.64e-11
    2 |     21.788 |    50   -2   + |    20.325592746 |   28180   61913 |   7.18e-11
    3 |     25.115 |     5   -3   - |    25.149034370 |     375   52771 |   7.90e-12
    4 |     30.231 |     2   -4   + |    38.176600707 |   41273   26398 |   2.11e-11
    5 |     30.884 |     7   -3   - |    25.114911288 |   44827   56665 |   2.05e-10
    6 |     33.514 |     3   -4   + |    38.240062994 |   13123   23322 |   7.80e-10
    7 |     13.507 |     4   -1   - |     7.045562355 |   16463   63017 |   1.85e-10
    8 |     13.583 |     8   -2   + |    20.220732211 |   21774   21445 |   2.02e-10
    9 |     21.147 |    47   -3   - |    25.000208129 |   53817   12937 |   8.44e-11
   10 |      21.76 |    42   -2   + |    20.319216806 |    8344   18765 |   4.49e-11
   11 |     24.287 |    43   -3   - |    25.003491381 |   10173   56336 |   2.80e-10
   12 |     25.066 |     8   -3   + |    29.285452495 |   17483     259 |   8.79e-11
   13 |     30.344 |    45   -4   - |    34.066515330 |   38602   10977 |   1.27e-11
   14 |     30.895 |    44   -3   + |    29.385692940 |    6051   12715 |   1.95e-10
   15 |     32.787 |    45   -4   - |    34.066515330 |    5841   15527 |   1.25e-10
   16 |     33.596 |    50   -3   + |    29.390313030 |   51280    5737 |   1.34e-10
  -> CHAINE COMPLETE : toutes les 16 cibles restantes atteintes.

--- depart l=2 : b1[2] = (t=1,k=-2,sg=-) = 16.353479850 | chaine atteint n_l = 16 etape(s) ---
etape |   cible x0 |     t    k  sg |               b |      N1      N2 |     erreur
    0 |   (depart) |     1   -2   - |    16.353479850 |                 |           
    1 |     20.797 |    10   -3   + |    29.303877256 |   33543   17521 |   8.98e-11
    2 |     21.788 |    10   -2   - |    16.019724162 |   16949   22084 |   2.76e-10
    3 |     25.115 |     4   -3   + |    29.213318780 |   18931   42013 |   8.35e-11
    4 |     30.231 |    48   -4   - |    34.064172396 |   60107   15958 |   1.01e-10
    5 |     30.884 |    44   -3   + |    29.385692940 |   22243   47211 |   2.46e-11
    6 |     33.514 |    50   -4   - |    34.062728956 |    7778   58517 |   8.48e-11
    7 |     13.507 |    50   -1   + |    11.260872462 |    6839   62588 |   1.74e-11
    8 |     13.583 |    43   -2   - |    15.938771097 |   16315   16082 |   4.56e-11
    9 |     21.147 |     8   -3   + |    29.285452495 |   14537    9303 |   1.15e-10
   10 |      21.76 |    10   -2   - |    16.019724162 |   10399   13633 |   3.27e-11
   11 |     24.287 |     8   -3   + |    29.285452495 |   24174   39983 |   1.35e-10
   12 |     25.066 |    19   -3   - |    25.041544537 |     373   64356 |   1.72e-10
   13 |     30.344 |     1   -4   + |    38.034841852 |   52420   36141 |   1.78e-10
   14 |     30.895 |     7   -3   - |    25.114911288 |   20319   25099 |   2.16e-10
   15 |     32.787 |     7   -4   + |    38.338130698 |   40361   55782 |   7.17e-10
   16 |     33.596 |     1   -3   - |    25.418200133 |   55165   31989 |   5.02e-11
  -> CHAINE COMPLETE : toutes les 16 cibles restantes atteintes.

--- depart l=3 : b1[3] = (t=2,k=-2,sg=+) = 20.047160140 | chaine atteint n_l = 16 etape(s) ---
etape |   cible x0 |     t    k  sg |               b |      N1      N2 |     erreur
    0 |   (depart) |     2   -2   + |    20.047160140 |                 |           
    1 |     20.797 |    49   -3   - |    24.998719350 |   11885    2121 |   5.60e-11
    2 |     21.788 |    44   -2   + |    20.320972656 |   18946   41465 |   7.34e-11
    3 |     25.115 |    48   -4   - |    34.064172396 |   24135   12929 |   7.31e-10
    4 |     30.231 |    42   -3   + |    29.383937090 |    7267   32885 |   8.96e-11
    5 |     30.884 |    45   -4   - |    34.066515330 |   28913   13628 |   2.74e-11
    6 |     33.514 |    42   -3   + |    29.383937090 |   47728    6385 |   1.26e-10
    7 |     13.507 |     3   -1   - |     7.083538425 |   16826   41589 |   1.86e-10
    8 |     13.583 |     8   -2   + |    20.220732211 |   62647   61342 |   1.52e-11
    9 |     21.147 |    47   -3   - |    25.000208129 |   53817   12937 |   8.44e-11
   10 |      21.76 |    42   -2   + |    20.319216806 |    8344   18765 |   4.49e-11
   11 |     24.287 |    43   -3   - |    25.003491381 |   10173   56336 |   2.80e-10
   12 |     25.066 |     8   -3   + |    29.285452495 |   17483     259 |   8.79e-11
   13 |     30.344 |    45   -4   - |    34.066515330 |   38602   10977 |   1.27e-11
   14 |     30.895 |    44   -3   + |    29.385692940 |    6051   12715 |   1.95e-10
   15 |     32.787 |    45   -4   - |    34.066515330 |    5841   15527 |   1.25e-10
   16 |     33.596 |    50   -3   + |    29.390313030 |   51280    5737 |   1.34e-10
  -> CHAINE COMPLETE : toutes les 16 cibles restantes atteintes.

--- depart l=4 : b1[4] = (t=2,k=-2,sg=-) = 16.211720995 | chaine atteint n_l = 16 etape(s) ---
etape |   cible x0 |     t    k  sg |               b |      N1      N2 |     erreur
    0 |   (depart) |     2   -2   - |    16.211720995 |                 |           
    1 |     20.797 |     2   -3   + |    29.111880423 |   56545   31182 |   2.20e-10
    2 |     21.788 |     9   -2   - |    16.028169558 |   42656   54239 |   1.03e-10
    3 |     25.115 |     6   -3   + |    29.258480607 |   21503   47157 |   1.70e-11
    4 |     30.231 |    48   -4   - |    34.064172396 |   50049   12698 |   1.67e-11
    5 |     30.884 |    44   -3   + |    29.385692940 |   22243   47211 |   2.46e-11
    6 |     33.514 |    50   -4   - |    34.062728956 |    7778   58517 |   8.48e-11
    7 |     13.507 |    50   -1   + |    11.260872462 |    6839   62588 |   1.74e-11
    8 |     13.583 |    43   -2   - |    15.938771097 |   16315   16082 |   4.56e-11
    9 |     21.147 |     8   -3   + |    29.285452495 |   14537    9303 |   1.15e-10
   10 |      21.76 |    10   -2   - |    16.019724162 |   10399   13633 |   3.27e-11
   11 |     24.287 |     8   -3   + |    29.285452495 |   24174   39983 |   1.35e-10
   12 |     25.066 |    19   -3   - |    25.041544537 |     373   64356 |   1.72e-10
   13 |     30.344 |     1   -4   + |    38.034841852 |   52420   36141 |   1.78e-10
   14 |     30.895 |     7   -3   - |    25.114911288 |   20319   25099 |   2.16e-10
   15 |     32.787 |     7   -4   + |    38.338130698 |   40361   55782 |   7.17e-10
   16 |     33.596 |     1   -3   - |    25.418200133 |   55165   31989 |   5.02e-11
  -> CHAINE COMPLETE : toutes les 16 cibles restantes atteintes.

--- depart l=5 : b1[5] = (t=3,k=-2,sg=+) = 20.110622426 | chaine atteint n_l = 16 etape(s) ---
etape |   cible x0 |     t    k  sg |               b |      N1      N2 |     erreur
    0 |   (depart) |     3   -2   + |    20.110622426 |                 |           
    1 |     20.797 |    49   -3   - |    24.998719350 |   51103    8348 |   1.62e-10
    2 |     21.788 |    44   -2   + |    20.320972656 |   18946   41465 |   7.34e-11
    3 |     25.115 |    48   -4   - |    34.064172396 |   24135   12929 |   7.31e-10
    4 |     30.231 |    42   -3   + |    29.383937090 |    7267   32885 |   8.96e-11
    5 |     30.884 |    45   -4   - |    34.066515330 |   28913   13628 |   2.74e-11
    6 |     33.514 |    42   -3   + |    29.383937090 |   47728    6385 |   1.26e-10
    7 |     13.507 |     3   -1   - |     7.083538425 |   16826   41589 |   1.86e-10
    8 |     13.583 |     8   -2   + |    20.220732211 |   62647   61342 |   1.52e-11
    9 |     21.147 |    47   -3   - |    25.000208129 |   53817   12937 |   8.44e-11
   10 |      21.76 |    42   -2   + |    20.319216806 |    8344   18765 |   4.49e-11
   11 |     24.287 |    43   -3   - |    25.003491381 |   10173   56336 |   2.80e-10
   12 |     25.066 |     8   -3   + |    29.285452495 |   17483     259 |   8.79e-11
   13 |     30.344 |    45   -4   - |    34.066515330 |   38602   10977 |   1.27e-11
   14 |     30.895 |    44   -3   + |    29.385692940 |    6051   12715 |   1.95e-10
   15 |     32.787 |    45   -4   - |    34.066515330 |    5841   15527 |   1.25e-10
   16 |     33.596 |    50   -3   + |    29.390313030 |   51280    5737 |   1.34e-10
  -> CHAINE COMPLETE : toutes les 16 cibles restantes atteintes.

--- depart l=6 : b1[6] = (t=3,k=-2,sg=-) = 16.148258708 | chaine atteint n_l = 16 etape(s) ---
etape |   cible x0 |     t    k  sg |               b |      N1      N2 |     erreur
    0 |   (depart) |     3   -2   - |    16.148258708 |                 |           
    1 |     20.797 |     7   -3   + |    29.273410414 |   26129   14330 |   4.62e-10
    2 |     21.788 |     8   -2   - |    16.038148923 |   48313   62896 |   1.28e-11
    3 |     25.115 |     8   -3   + |    29.285452495 |   15221   33128 |   3.76e-10
    4 |     30.231 |    49   -4   - |    34.063439633 |   29592    7301 |   6.03e-12
    5 |     30.884 |    46   -3   + |    29.387333046 |   15883   33741 |   5.50e-11
    6 |     33.514 |    45   -4   - |    34.066515330 |    8369   62507 |   2.34e-10
    7 |     13.507 |    41   -1   + |    11.253570823 |    4189   38219 |   4.15e-10
    8 |     13.583 |    47   -2   - |    15.935487846 |   65396   64755 |   5.90e-11
    9 |     21.147 |     2   -3   + |    29.111880423 |   60595   39648 |   2.85e-10
   10 |      21.76 |     8   -2   - |    16.038148923 |   13153   16900 |   2.92e-10
   11 |     24.287 |     1   -3   + |    28.970121569 |   31425   55352 |   3.34e-10
   12 |     25.066 |    17   -3   - |    25.048031726 |     201   43673 |   5.95e-11
   13 |     30.344 |     7   -4   + |    38.338130698 |   53689   35568 |   1.17e-10
   14 |     30.895 |    10   -3   - |    25.084444446 |   16461   21086 |   5.22e-11
   15 |     32.787 |     6   -4   + |    38.323200891 |   15852   22055 |   6.84e-11
   16 |     33.596 |     1   -3   - |    25.418200133 |   40306   23299 |   2.41e-10
  -> CHAINE COMPLETE : toutes les 16 cibles restantes atteintes.

--- depart l=7 : b1[7] = (t=4,k=-2,sg=+) = 20.148598496 | chaine atteint n_l = 16 etape(s) ---
etape |   cible x0 |     t    k  sg |               b |      N1      N2 |     erreur
    0 |   (depart) |     4   -2   + |    20.148598496 |                 |           
    1 |     20.797 |    47   -3   - |    25.000208129 |   35206    5431 |   5.48e-11
    2 |     21.788 |    50   -2   + |    20.325592746 |    2127    4672 |   1.43e-11
    3 |     25.115 |     5   -3   - |    25.149034370 |     375   52771 |   7.90e-12
    4 |     30.231 |     2   -4   + |    38.176600707 |   41273   26398 |   2.11e-11
    5 |     30.884 |     7   -3   - |    25.114911288 |   44827   56665 |   2.05e-10
    6 |     33.514 |     3   -4   + |    38.240062994 |   13123   23322 |   7.80e-10
    7 |     13.507 |     4   -1   - |     7.045562355 |   16463   63017 |   1.85e-10
    8 |     13.583 |     8   -2   + |    20.220732211 |   21774   21445 |   2.02e-10
    9 |     21.147 |    47   -3   - |    25.000208129 |   53817   12937 |   8.44e-11
   10 |      21.76 |    42   -2   + |    20.319216806 |    8344   18765 |   4.49e-11
   11 |     24.287 |    43   -3   - |    25.003491381 |   10173   56336 |   2.80e-10
   12 |     25.066 |     8   -3   + |    29.285452495 |   17483     259 |   8.79e-11
   13 |     30.344 |    45   -4   - |    34.066515330 |   38602   10977 |   1.27e-11
   14 |     30.895 |    44   -3   + |    29.385692940 |    6051   12715 |   1.95e-10
   15 |     32.787 |    45   -4   - |    34.066515330 |    5841   15527 |   1.25e-10
   16 |     33.596 |    50   -3   + |    29.390313030 |   51280    5737 |   1.34e-10
  -> CHAINE COMPLETE : toutes les 16 cibles restantes atteintes.

--- depart l=8 : b1[8] = (t=4,k=-2,sg=-) = 16.110282639 | chaine atteint n_l = 16 etape(s) ---
etape |   cible x0 |     t    k  sg |               b |      N1      N2 |     erreur
    0 |   (depart) |     4   -2   - |    16.110282639 |                 |           
    1 |     20.797 |     9   -3   + |    29.295431860 |   54011   29786 |   1.98e-10
    2 |     21.788 |     3   -2   - |    16.148258708 |   27530   36647 |   1.02e-10
    3 |     25.115 |     6   -3   + |    29.258480607 |   23339   50507 |   2.54e-10
    4 |     30.231 |    48   -4   - |    34.064172396 |   50049   12698 |   1.67e-11
    5 |     30.884 |    44   -3   + |    29.385692940 |   22243   47211 |   2.46e-11
    6 |     33.514 |    50   -4   - |    34.062728956 |    7778   58517 |   8.48e-11
    7 |     13.507 |    50   -1   + |    11.260872462 |    6839   62588 |   1.74e-11
    8 |     13.583 |    43   -2   - |    15.938771097 |   16315   16082 |   4.56e-11
    9 |     21.147 |     8   -3   + |    29.285452495 |   14537    9303 |   1.15e-10
   10 |      21.76 |    10   -2   - |    16.019724162 |   10399   13633 |   3.27e-11
   11 |     24.287 |     8   -3   + |    29.285452495 |   24174   39983 |   1.35e-10
   12 |     25.066 |    19   -3   - |    25.041544537 |     373   64356 |   1.72e-10
   13 |     30.344 |     1   -4   + |    38.034841852 |   52420   36141 |   1.78e-10
   14 |     30.895 |     7   -3   - |    25.114911288 |   20319   25099 |   2.16e-10
   15 |     32.787 |     7   -4   + |    38.338130698 |   40361   55782 |   7.17e-10
   16 |     33.596 |     1   -3   - |    25.418200133 |   55165   31989 |   5.02e-11
  -> CHAINE COMPLETE : toutes les 16 cibles restantes atteintes.

--- depart l=9 : b1[9] = (t=5,k=-2,sg=+) = 20.174567049 | chaine atteint n_l = 16 etape(s) ---
etape |   cible x0 |     t    k  sg |               b |      N1      N2 |     erreur
    0 |   (depart) |     5   -2   + |    20.174567049 |                 |           
    1 |     20.797 |    49   -3   - |    24.998719350 |   60140    8909 |   1.32e-10
    2 |     21.788 |    44   -2   + |    20.320972656 |   18946   41465 |   7.34e-11
    3 |     25.115 |    48   -4   - |    34.064172396 |   24135   12929 |   7.31e-10
    4 |     30.231 |    42   -3   + |    29.383937090 |    7267   32885 |   8.96e-11
    5 |     30.884 |    45   -4   - |    34.066515330 |   28913   13628 |   2.74e-11
    6 |     33.514 |    42   -3   + |    29.383937090 |   47728    6385 |   1.26e-10
    7 |     13.507 |     3   -1   - |     7.083538425 |   16826   41589 |   1.86e-10
    8 |     13.583 |     8   -2   + |    20.220732211 |   62647   61342 |   1.52e-11
    9 |     21.147 |    47   -3   - |    25.000208129 |   53817   12937 |   8.44e-11
   10 |      21.76 |    42   -2   + |    20.319216806 |    8344   18765 |   4.49e-11
   11 |     24.287 |    43   -3   - |    25.003491381 |   10173   56336 |   2.80e-10
   12 |     25.066 |     8   -3   + |    29.285452495 |   17483     259 |   8.79e-11
   13 |     30.344 |    45   -4   - |    34.066515330 |   38602   10977 |   1.27e-11
   14 |     30.895 |    44   -3   + |    29.385692940 |    6051   12715 |   1.95e-10
   15 |     32.787 |    45   -4   - |    34.066515330 |    5841   15527 |   1.25e-10
   16 |     33.596 |    50   -3   + |    29.390313030 |   51280    5737 |   1.34e-10
  -> CHAINE COMPLETE : toutes les 16 cibles restantes atteintes.

--- depart l=10 : b1[10] = (t=5,k=-2,sg=-) = 16.084314086 | chaine atteint n_l = 16 etape(s) ---
etape |   cible x0 |     t    k  sg |               b |      N1      N2 |     erreur
    0 |   (depart) |     5   -2   - |    16.084314086 |                 |           
    1 |     20.797 |     6   -3   + |    29.258480607 |   37168   20701 |   2.98e-11
    2 |     21.788 |    10   -2   - |    16.019724162 |   24009   31094 |   8.00e-11
    3 |     25.115 |     4   -3   + |    29.213318780 |   18931   42013 |   8.35e-11
    4 |     30.231 |    48   -4   - |    34.064172396 |   60107   15958 |   1.01e-10
    5 |     30.884 |    44   -3   + |    29.385692940 |   22243   47211 |   2.46e-11
    6 |     33.514 |    50   -4   - |    34.062728956 |    7778   58517 |   8.48e-11
    7 |     13.507 |    50   -1   + |    11.260872462 |    6839   62588 |   1.74e-11
    8 |     13.583 |    43   -2   - |    15.938771097 |   16315   16082 |   4.56e-11
    9 |     21.147 |     8   -3   + |    29.285452495 |   14537    9303 |   1.15e-10
   10 |      21.76 |    10   -2   - |    16.019724162 |   10399   13633 |   3.27e-11
   11 |     24.287 |     8   -3   + |    29.285452495 |   24174   39983 |   1.35e-10
   12 |     25.066 |    19   -3   - |    25.041544537 |     373   64356 |   1.72e-10
   13 |     30.344 |     1   -4   + |    38.034841852 |   52420   36141 |   1.78e-10
   14 |     30.895 |     7   -3   - |    25.114911288 |   20319   25099 |   2.16e-10
   15 |     32.787 |     7   -4   + |    38.338130698 |   40361   55782 |   7.17e-10
   16 |     33.596 |     1   -3   - |    25.418200133 |   55165   31989 |   5.02e-11
  -> CHAINE COMPLETE : toutes les 16 cibles restantes atteintes.

--- depart l=11 : b1[11] = (t=6,k=-2,sg=+) = 20.193760324 | chaine atteint n_l = 16 etape(s) ---
etape |   cible x0 |     t    k  sg |               b |      N1      N2 |     erreur
    0 |   (depart) |     6   -2   + |    20.193760324 |                 |           
    1 |     20.797 |    42   -3   - |    25.004384612 |   42643    6114 |   8.10e-11
    2 |     21.788 |    48   -2   + |    20.324149306 |   16333   35887 |   2.35e-12
    3 |     25.115 |    48   -4   - |    34.064172396 |   62323   33364 |   4.96e-11
    4 |     30.231 |    42   -3   + |    29.383937090 |    7267   32885 |   8.96e-11
    5 |     30.884 |    45   -4   - |    34.066515330 |   28913   13628 |   2.74e-11
    6 |     33.514 |    42   -3   + |    29.383937090 |   47728    6385 |   1.26e-10
    7 |     13.507 |     3   -1   - |     7.083538425 |   16826   41589 |   1.86e-10
    8 |     13.583 |     8   -2   + |    20.220732211 |   62647   61342 |   1.52e-11
    9 |     21.147 |    47   -3   - |    25.000208129 |   53817   12937 |   8.44e-11
   10 |      21.76 |    42   -2   + |    20.319216806 |    8344   18765 |   4.49e-11
   11 |     24.287 |    43   -3   - |    25.003491381 |   10173   56336 |   2.80e-10
   12 |     25.066 |     8   -3   + |    29.285452495 |   17483     259 |   8.79e-11
   13 |     30.344 |    45   -4   - |    34.066515330 |   38602   10977 |   1.27e-11
   14 |     30.895 |    44   -3   + |    29.385692940 |    6051   12715 |   1.95e-10
   15 |     32.787 |    45   -4   - |    34.066515330 |    5841   15527 |   1.25e-10
   16 |     33.596 |    50   -3   + |    29.390313030 |   51280    5737 |   1.34e-10
  -> CHAINE COMPLETE : toutes les 16 cibles restantes atteintes.

--- depart l=12 : b1[12] = (t=6,k=-2,sg=-) = 16.065120811 | chaine atteint n_l = 16 etape(s) ---
etape |   cible x0 |     t    k  sg |               b |      N1      N2 |     erreur
    0 |   (depart) |     6   -2   - |    16.065120811 |                 |           
    1 |     20.797 |    10   -3   + |    29.303877256 |   28342   15765 |   6.77e-10
    2 |     21.788 |    10   -2   - |    16.019724162 |   16949   22084 |   2.76e-10
    3 |     25.115 |     4   -3   + |    29.213318780 |   18931   42013 |   8.35e-11
    4 |     30.231 |    48   -4   - |    34.064172396 |   60107   15958 |   1.01e-10
    5 |     30.884 |    44   -3   + |    29.385692940 |   22243   47211 |   2.46e-11
    6 |     33.514 |    50   -4   - |    34.062728956 |    7778   58517 |   8.48e-11
    7 |     13.507 |    50   -1   + |    11.260872462 |    6839   62588 |   1.74e-11
    8 |     13.583 |    43   -2   - |    15.938771097 |   16315   16082 |   4.56e-11
    9 |     21.147 |     8   -3   + |    29.285452495 |   14537    9303 |   1.15e-10
   10 |      21.76 |    10   -2   - |    16.019724162 |   10399   13633 |   3.27e-11
   11 |     24.287 |     8   -3   + |    29.285452495 |   24174   39983 |   1.35e-10
   12 |     25.066 |    19   -3   - |    25.041544537 |     373   64356 |   1.72e-10
   13 |     30.344 |     1   -4   + |    38.034841852 |   52420   36141 |   1.78e-10
   14 |     30.895 |     7   -3   - |    25.114911288 |   20319   25099 |   2.16e-10
   15 |     32.787 |     7   -4   + |    38.338130698 |   40361   55782 |   7.17e-10
   16 |     33.596 |     1   -3   - |    25.418200133 |   55165   31989 |   5.02e-11
  -> CHAINE COMPLETE : toutes les 16 cibles restantes atteintes.

--- depart l=13 : b1[13] = (t=7,k=-2,sg=+) = 20.208690130 | chaine atteint n_l = 16 etape(s) ---
etape |   cible x0 |     t    k  sg |               b |      N1      N2 |     erreur
    0 |   (depart) |     7   -2   + |    20.208690130 |                 |           
    1 |     20.797 |    50   -3   - |    24.998008672 |    8469    1186 |   4.97e-11
    2 |     21.788 |    41   -2   + |    20.318291107 |   10939   23892 |   1.15e-10
    3 |     25.115 |     2   -3   - |    25.276441279 |    1315   39071 |   4.52e-11
    4 |     30.231 |     7   -4   + |    38.338130698 |   55999   34223 |   2.98e-10
    5 |     30.884 |    10   -3   - |    25.084444446 |   17312   22251 |   2.76e-11
    6 |     33.514 |     5   -4   + |    38.304007616 |   32609   57386 |   2.22e-10
    7 |     13.507 |     8   -1   - |     6.973428639 |   13382   50789 |   1.34e-09
    8 |     13.583 |     5   -2   + |    20.174567049 |   62971   63143 |   5.60e-11
    9 |     21.147 |    47   -3   - |    25.000208129 |   48635   12274 |   1.91e-10
   10 |      21.76 |    42   -2   + |    20.319216806 |    8344   18765 |   4.49e-11
   11 |     24.287 |    43   -3   - |    25.003491381 |   10173   56336 |   2.80e-10
   12 |     25.066 |     8   -3   + |    29.285452495 |   17483     259 |   8.79e-11
   13 |     30.344 |    45   -4   - |    34.066515330 |   38602   10977 |   1.27e-11
   14 |     30.895 |    44   -3   + |    29.385692940 |    6051   12715 |   1.95e-10
   15 |     32.787 |    45   -4   - |    34.066515330 |    5841   15527 |   1.25e-10
   16 |     33.596 |    50   -3   + |    29.390313030 |   51280    5737 |   1.34e-10
  -> CHAINE COMPLETE : toutes les 16 cibles restantes atteintes.

--- depart l=14 : b1[14] = (t=7,k=-2,sg=-) = 16.050191004 | chaine atteint n_l = 16 etape(s) ---
etape |   cible x0 |     t    k  sg |               b |      N1      N2 |     erreur
    0 |   (depart) |     7   -2   - |    16.050191004 |                 |           
    1 |     20.797 |     6   -3   + |    29.258480607 |   39703   22273 |   9.98e-11
    2 |     21.788 |    10   -2   - |    16.019724162 |   24009   31094 |   8.00e-11
    3 |     25.115 |     4   -3   + |    29.213318780 |   18931   42013 |   8.35e-11
    4 |     30.231 |    48   -4   - |    34.064172396 |   60107   15958 |   1.01e-10
    5 |     30.884 |    44   -3   + |    29.385692940 |   22243   47211 |   2.46e-11
    6 |     33.514 |    50   -4   - |    34.062728956 |    7778   58517 |   8.48e-11
    7 |     13.507 |    50   -1   + |    11.260872462 |    6839   62588 |   1.74e-11
    8 |     13.583 |    43   -2   - |    15.938771097 |   16315   16082 |   4.56e-11
    9 |     21.147 |     8   -3   + |    29.285452495 |   14537    9303 |   1.15e-10
   10 |      21.76 |    10   -2   - |    16.019724162 |   10399   13633 |   3.27e-11
   11 |     24.287 |     8   -3   + |    29.285452495 |   24174   39983 |   1.35e-10
   12 |     25.066 |    19   -3   - |    25.041544537 |     373   64356 |   1.72e-10
   13 |     30.344 |     1   -4   + |    38.034841852 |   52420   36141 |   1.78e-10
   14 |     30.895 |     7   -3   - |    25.114911288 |   20319   25099 |   2.16e-10
   15 |     32.787 |     7   -4   + |    38.338130698 |   40361   55782 |   7.17e-10
   16 |     33.596 |     1   -3   - |    25.418200133 |   55165   31989 |   5.02e-11
  -> CHAINE COMPLETE : toutes les 16 cibles restantes atteintes.

--- depart l=15 : b1[15] = (t=8,k=-2,sg=+) = 20.220732211 | chaine atteint n_l = 16 etape(s) ---
etape |   cible x0 |     t    k  sg |               b |      N1      N2 |     erreur
    0 |   (depart) |     8   -2   + |    20.220732211 |                 |           
    1 |     20.797 |    48   -3   - |    24.999452113 |   39263    5384 |   1.23e-10
    2 |     21.788 |    50   -2   + |    20.325592746 |   19219   42205 |   8.55e-11
    3 |     25.115 |     5   -3   - |    25.149034370 |     375   52771 |   7.90e-12
    4 |     30.231 |     2   -4   + |    38.176600707 |   41273   26398 |   2.11e-11
    5 |     30.884 |     7   -3   - |    25.114911288 |   44827   56665 |   2.05e-10
    6 |     33.514 |     3   -4   + |    38.240062994 |   13123   23322 |   7.80e-10
    7 |     13.507 |     4   -1   - |     7.045562355 |   16463   63017 |   1.85e-10
    8 |     13.583 |     8   -2   + |    20.220732211 |   21774   21445 |   2.02e-10
    9 |     21.147 |    47   -3   - |    25.000208129 |   53817   12937 |   8.44e-11
   10 |      21.76 |    42   -2   + |    20.319216806 |    8344   18765 |   4.49e-11
   11 |     24.287 |    43   -3   - |    25.003491381 |   10173   56336 |   2.80e-10
   12 |     25.066 |     8   -3   + |    29.285452495 |   17483     259 |   8.79e-11
   13 |     30.344 |    45   -4   - |    34.066515330 |   38602   10977 |   1.27e-11
   14 |     30.895 |    44   -3   + |    29.385692940 |    6051   12715 |   1.95e-10
   15 |     32.787 |    45   -4   - |    34.066515330 |    5841   15527 |   1.25e-10
   16 |     33.596 |    50   -3   + |    29.390313030 |   51280    5737 |   1.34e-10
  -> CHAINE COMPLETE : toutes les 16 cibles restantes atteintes.

--- depart l=16 : b1[16] = (t=8,k=-2,sg=-) = 16.038148923 | chaine atteint n_l = 16 etape(s) ---
etape |   cible x0 |     t    k  sg |               b |      N1      N2 |     erreur
    0 |   (depart) |     8   -2   - |    16.038148923 |                 |           
    1 |     20.797 |     7   -3   + |    29.273410414 |   53327   29939 |   1.05e-10
    2 |     21.788 |     8   -2   - |    16.038148923 |   48313   62896 |   1.28e-11
    3 |     25.115 |     8   -3   + |    29.285452495 |   15221   33128 |   3.76e-10
    4 |     30.231 |    49   -4   - |    34.063439633 |   29592    7301 |   6.03e-12
    5 |     30.884 |    46   -3   + |    29.387333046 |   15883   33741 |   5.50e-11
    6 |     33.514 |    45   -4   - |    34.066515330 |    8369   62507 |   2.34e-10
    7 |     13.507 |    41   -1   + |    11.253570823 |    4189   38219 |   4.15e-10
    8 |     13.583 |    47   -2   - |    15.935487846 |   65396   64755 |   5.90e-11
    9 |     21.147 |     2   -3   + |    29.111880423 |   60595   39648 |   2.85e-10
   10 |      21.76 |     8   -2   - |    16.038148923 |   13153   16900 |   2.92e-10
   11 |     24.287 |     1   -3   + |    28.970121569 |   31425   55352 |   3.34e-10
   12 |     25.066 |    17   -3   - |    25.048031726 |     201   43673 |   5.95e-11
   13 |     30.344 |     7   -4   + |    38.338130698 |   53689   35568 |   1.17e-10
   14 |     30.895 |    10   -3   - |    25.084444446 |   16461   21086 |   5.22e-11
   15 |     32.787 |     6   -4   + |    38.323200891 |   15852   22055 |   6.84e-11
   16 |     33.596 |     1   -3   - |    25.418200133 |   40306   23299 |   2.41e-10
  -> CHAINE COMPLETE : toutes les 16 cibles restantes atteintes.

--- depart l=17 : b1[17] = (t=9,k=-2,sg=+) = 20.230711577 | chaine atteint n_l = 16 etape(s) ---
etape |   cible x0 |     t    k  sg |               b |      N1      N2 |     erreur
    0 |   (depart) |     9   -2   + |    20.230711577 |                 |           
    1 |     20.797 |    45   -3   - |    25.001795047 |   45702    6155 |   1.86e-10
    2 |     21.788 |    43   -2   + |    20.320110038 |   11790   25813 |   1.54e-10
    3 |     25.115 |     1   -3   - |    25.418200133 |    3629   57390 |   2.95e-10
    4 |     30.231 |    10   -4   + |    38.368597540 |   65396   38677 |   2.88e-10
    5 |     30.884 |     1   -3   - |    25.418200133 |   30115   41238 |   1.66e-10
    6 |     33.514 |     4   -4   + |    38.278039063 |   37596   63889 |   6.49e-10
    7 |     13.507 |    10   -1   - |     6.955003878 |   13793   52147 |   7.76e-10
    8 |     13.583 |    10   -2   + |    20.239156973 |   13709   13651 |   5.30e-11
    9 |     21.147 |    45   -3   - |    25.001795047 |   55297   13023 |   2.70e-11
   10 |      21.76 |    49   -2   + |    20.324882069 |   10977   24796 |   7.76e-12
   11 |     24.287 |    44   -3   - |    25.002628762 |   10409   57630 |   1.14e-11
   12 |     25.066 |     4   -3   + |    29.213318780 |   59293     906 |   8.84e-11
   13 |     30.344 |    47   -4   - |    34.064928413 |   61513   18692 |   1.17e-10
   14 |     30.895 |    49   -3   + |    29.389602352 |   18324   38585 |   3.20e-11
   15 |     32.787 |    44   -4   - |    34.067349046 |   23001   61033 |   1.69e-11
   16 |     33.596 |    41   -3   + |    29.383011391 |   15463    1730 |   1.43e-10
  -> CHAINE COMPLETE : toutes les 16 cibles restantes atteintes.

--- depart l=18 : b1[18] = (t=9,k=-2,sg=-) = 16.028169558 | chaine atteint n_l = 16 etape(s) ---
etape |   cible x0 |     t    k  sg |               b |      N1      N2 |     erreur
    0 |   (depart) |     9   -2   - |    16.028169558 |                 |           
    1 |     20.797 |     8   -3   + |    29.285452495 |   18090   10163 |   3.95e-10
    2 |     21.788 |     5   -2   - |    16.084314086 |   25282   33233 |   3.85e-11
    3 |     25.115 |     1   -3   + |    28.970121569 |   27260   63857 |   1.47e-10
    4 |     30.231 |    45   -4   - |    34.066515330 |   35831   11779 |   2.26e-11
    5 |     30.884 |    42   -3   + |    29.383937090 |   13628   28913 |   2.74e-11
    6 |     33.514 |    42   -4   - |    34.069104896 |    7268   54075 |   9.28e-11
    7 |     13.507 |    49   -1   + |    11.260161785 |    5720   52347 |   7.28e-10
    8 |     13.583 |    41   -2   - |    15.940590028 |   59225   58352 |   3.16e-12
    9 |     21.147 |     8   -3   + |    29.285452495 |   51503   32948 |   1.19e-11
   10 |      21.76 |    10   -2   - |    16.019724162 |   10399   13633 |   3.27e-11
   11 |     24.287 |     8   -3   + |    29.285452495 |   24174   39983 |   1.35e-10
   12 |     25.066 |    19   -3   - |    25.041544537 |     373   64356 |   1.72e-10
   13 |     30.344 |     1   -4   + |    38.034841852 |   52420   36141 |   1.78e-10
   14 |     30.895 |     7   -3   - |    25.114911288 |   20319   25099 |   2.16e-10
   15 |     32.787 |     7   -4   + |    38.338130698 |   40361   55782 |   7.17e-10
   16 |     33.596 |     1   -3   - |    25.418200133 |   55165   31989 |   5.02e-11
  -> CHAINE COMPLETE : toutes les 16 cibles restantes atteintes.

--- depart l=19 : b1[19] = (t=10,k=-2,sg=+) = 20.239156973 | chaine atteint n_l = 16 etape(s) ---
etape |   cible x0 |     t    k  sg |               b |      N1      N2 |     erreur
    0 |   (depart) |    10   -2   + |    20.239156973 |                 |           
    1 |     20.797 |    41   -3   - |    25.005310311 |   60321    7996 |   1.91e-10
    2 |     21.788 |    50   -2   + |    20.325592746 |   20379   44834 |   5.59e-11
    3 |     25.115 |     5   -3   - |    25.149034370 |     375   52771 |   7.90e-12
    4 |     30.231 |     2   -4   + |    38.176600707 |   41273   26398 |   2.11e-11
    5 |     30.884 |     7   -3   - |    25.114911288 |   44827   56665 |   2.05e-10
    6 |     33.514 |     3   -4   + |    38.240062994 |   13123   23322 |   7.80e-10
    7 |     13.507 |     4   -1   - |     7.045562355 |   16463   63017 |   1.85e-10
    8 |     13.583 |     8   -2   + |    20.220732211 |   21774   21445 |   2.02e-10
    9 |     21.147 |    47   -3   - |    25.000208129 |   53817   12937 |   8.44e-11
   10 |      21.76 |    42   -2   + |    20.319216806 |    8344   18765 |   4.49e-11
   11 |     24.287 |    43   -3   - |    25.003491381 |   10173   56336 |   2.80e-10
   12 |     25.066 |     8   -3   + |    29.285452495 |   17483     259 |   8.79e-11
   13 |     30.344 |    45   -4   - |    34.066515330 |   38602   10977 |   1.27e-11
   14 |     30.895 |    44   -3   + |    29.385692940 |    6051   12715 |   1.95e-10
   15 |     32.787 |    45   -4   - |    34.066515330 |    5841   15527 |   1.25e-10
   16 |     33.596 |    50   -3   + |    29.390313030 |   51280    5737 |   1.34e-10
  -> CHAINE COMPLETE : toutes les 16 cibles restantes atteintes.

--- depart l=20 : b1[20] = (t=10,k=-2,sg=-) = 16.019724162 | chaine atteint n_l = 16 etape(s) ---
etape |   cible x0 |     t    k  sg |               b |      N1      N2 |     erreur
    0 |   (depart) |    10   -2   - |    16.019724162 |                 |           
    1 |     20.797 |     2   -3   + |    29.111880423 |   33047   18987 |   3.23e-10
    2 |     21.788 |     9   -2   - |    16.028169558 |   42656   54239 |   1.03e-10
    3 |     25.115 |     6   -3   + |    29.258480607 |   21503   47157 |   1.70e-11
    4 |     30.231 |    48   -4   - |    34.064172396 |   50049   12698 |   1.67e-11
    5 |     30.884 |    44   -3   + |    29.385692940 |   22243   47211 |   2.46e-11
    6 |     33.514 |    50   -4   - |    34.062728956 |    7778   58517 |   8.48e-11
    7 |     13.507 |    50   -1   + |    11.260872462 |    6839   62588 |   1.74e-11
    8 |     13.583 |    43   -2   - |    15.938771097 |   16315   16082 |   4.56e-11
    9 |     21.147 |     8   -3   + |    29.285452495 |   14537    9303 |   1.15e-10
   10 |      21.76 |    10   -2   - |    16.019724162 |   10399   13633 |   3.27e-11
   11 |     24.287 |     8   -3   + |    29.285452495 |   24174   39983 |   1.35e-10
   12 |     25.066 |    19   -3   - |    25.041544537 |     373   64356 |   1.72e-10
   13 |     30.344 |     1   -4   + |    38.034841852 |   52420   36141 |   1.78e-10
   14 |     30.895 |     7   -3   - |    25.114911288 |   20319   25099 |   2.16e-10
   15 |     32.787 |     7   -4   + |    38.338130698 |   40361   55782 |   7.17e-10
   16 |     33.596 |     1   -3   - |    25.418200133 |   55165   31989 |   5.02e-11
  -> CHAINE COMPLETE : toutes les 16 cibles restantes atteintes.

--- depart l=21 : b1[21] = (t=11,k=-2,sg=+) = 20.246424982 | chaine atteint n_l = 16 etape(s) ---
etape |   cible x0 |     t    k  sg |               b |      N1      N2 |     erreur
    0 |   (depart) |    11   -2   + |    20.246424982 |                 |           
    1 |     20.797 |    46   -3   - |    25.000988656 |   29443    3856 |   2.06e-11
    2 |     21.788 |    50   -2   + |    20.325592746 |   28180   61913 |   7.18e-11
    3 |     25.115 |     5   -3   - |    25.149034370 |     375   52771 |   7.90e-12
    4 |     30.231 |     2   -4   + |    38.176600707 |   41273   26398 |   2.11e-11
    5 |     30.884 |     7   -3   - |    25.114911288 |   44827   56665 |   2.05e-10
    6 |     33.514 |     3   -4   + |    38.240062994 |   13123   23322 |   7.80e-10
    7 |     13.507 |     4   -1   - |     7.045562355 |   16463   63017 |   1.85e-10
    8 |     13.583 |     8   -2   + |    20.220732211 |   21774   21445 |   2.02e-10
    9 |     21.147 |    47   -3   - |    25.000208129 |   53817   12937 |   8.44e-11
   10 |      21.76 |    42   -2   + |    20.319216806 |    8344   18765 |   4.49e-11
   11 |     24.287 |    43   -3   - |    25.003491381 |   10173   56336 |   2.80e-10
   12 |     25.066 |     8   -3   + |    29.285452495 |   17483     259 |   8.79e-11
   13 |     30.344 |    45   -4   - |    34.066515330 |   38602   10977 |   1.27e-11
   14 |     30.895 |    44   -3   + |    29.385692940 |    6051   12715 |   1.95e-10
   15 |     32.787 |    45   -4   - |    34.066515330 |    5841   15527 |   1.25e-10
   16 |     33.596 |    50   -3   + |    29.390313030 |   51280    5737 |   1.34e-10
  -> CHAINE COMPLETE : toutes les 16 cibles restantes atteintes.

--- depart l=22 : b1[22] = (t=11,k=-2,sg=-) = 16.012456153 | chaine atteint n_l = 16 etape(s) ---
etape |   cible x0 |     t    k  sg |               b |      N1      N2 |     erreur
    0 |   (depart) |    11   -2   - |    16.012456153 |                 |           
    1 |     20.797 |     2   -3   + |    29.111880423 |   50007   28775 |   1.12e-10
    2 |     21.788 |     9   -2   - |    16.028169558 |   42656   54239 |   1.03e-10
    3 |     25.115 |     6   -3   + |    29.258480607 |   21503   47157 |   1.70e-11
    4 |     30.231 |    48   -4   - |    34.064172396 |   50049   12698 |   1.67e-11
    5 |     30.884 |    44   -3   + |    29.385692940 |   22243   47211 |   2.46e-11
    6 |     33.514 |    50   -4   - |    34.062728956 |    7778   58517 |   8.48e-11
    7 |     13.507 |    50   -1   + |    11.260872462 |    6839   62588 |   1.74e-11
    8 |     13.583 |    43   -2   - |    15.938771097 |   16315   16082 |   4.56e-11
    9 |     21.147 |     8   -3   + |    29.285452495 |   14537    9303 |   1.15e-10
   10 |      21.76 |    10   -2   - |    16.019724162 |   10399   13633 |   3.27e-11
   11 |     24.287 |     8   -3   + |    29.285452495 |   24174   39983 |   1.35e-10
   12 |     25.066 |    19   -3   - |    25.041544537 |     373   64356 |   1.72e-10
   13 |     30.344 |     1   -4   + |    38.034841852 |   52420   36141 |   1.78e-10
   14 |     30.895 |     7   -3   - |    25.114911288 |   20319   25099 |   2.16e-10
   15 |     32.787 |     7   -4   + |    38.338130698 |   40361   55782 |   7.17e-10
   16 |     33.596 |     1   -3   - |    25.418200133 |   55165   31989 |   5.02e-11
  -> CHAINE COMPLETE : toutes les 16 cibles restantes atteintes.

--- depart l=23 : b1[23] = (t=12,k=-2,sg=+) = 20.252765983 | chaine atteint n_l = 16 etape(s) ---
etape |   cible x0 |     t    k  sg |               b |      N1      N2 |     erreur
    0 |   (depart) |    12   -2   + |    20.252765983 |                 |           
    1 |     20.797 |    50   -3   - |    24.998008672 |   54497    7060 |   5.87e-11
    2 |     21.788 |    41   -2   + |    20.318291107 |   10939   23892 |   1.15e-10
    3 |     25.115 |     2   -3   - |    25.276441279 |    1315   39071 |   4.52e-11
    4 |     30.231 |     7   -4   + |    38.338130698 |   55999   34223 |   2.98e-10
    5 |     30.884 |    10   -3   - |    25.084444446 |   17312   22251 |   2.76e-11
    6 |     33.514 |     5   -4   + |    38.304007616 |   32609   57386 |   2.22e-10
    7 |     13.507 |     8   -1   - |     6.973428639 |   13382   50789 |   1.34e-09
    8 |     13.583 |     5   -2   + |    20.174567049 |   62971   63143 |   5.60e-11
    9 |     21.147 |    47   -3   - |    25.000208129 |   48635   12274 |   1.91e-10
   10 |      21.76 |    42   -2   + |    20.319216806 |    8344   18765 |   4.49e-11
   11 |     24.287 |    43   -3   - |    25.003491381 |   10173   56336 |   2.80e-10
   12 |     25.066 |     8   -3   + |    29.285452495 |   17483     259 |   8.79e-11
   13 |     30.344 |    45   -4   - |    34.066515330 |   38602   10977 |   1.27e-11
   14 |     30.895 |    44   -3   + |    29.385692940 |    6051   12715 |   1.95e-10
   15 |     32.787 |    45   -4   - |    34.066515330 |    5841   15527 |   1.25e-10
   16 |     33.596 |    50   -3   + |    29.390313030 |   51280    5737 |   1.34e-10
  -> CHAINE COMPLETE : toutes les 16 cibles restantes atteintes.

--- depart l=24 : b1[24] = (t=12,k=-2,sg=-) = 16.006115152 | chaine atteint n_l = 16 etape(s) ---
etape |   cible x0 |     t    k  sg |               b |      N1      N2 |     erreur
    0 |   (depart) |    12   -2   - |    16.006115152 |                 |           
    1 |     20.797 |     9   -3   + |    29.295431860 |   56262   31717 |   3.02e-10
    2 |     21.788 |     3   -2   - |    16.148258708 |   27530   36647 |   1.02e-10
    3 |     25.115 |     6   -3   + |    29.258480607 |   23339   50507 |   2.54e-10
    4 |     30.231 |    48   -4   - |    34.064172396 |   50049   12698 |   1.67e-11
    5 |     30.884 |    44   -3   + |    29.385692940 |   22243   47211 |   2.46e-11
    6 |     33.514 |    50   -4   - |    34.062728956 |    7778   58517 |   8.48e-11
    7 |     13.507 |    50   -1   + |    11.260872462 |    6839   62588 |   1.74e-11
    8 |     13.583 |    43   -2   - |    15.938771097 |   16315   16082 |   4.56e-11
    9 |     21.147 |     8   -3   + |    29.285452495 |   14537    9303 |   1.15e-10
   10 |      21.76 |    10   -2   - |    16.019724162 |   10399   13633 |   3.27e-11
   11 |     24.287 |     8   -3   + |    29.285452495 |   24174   39983 |   1.35e-10
   12 |     25.066 |    19   -3   - |    25.041544537 |     373   64356 |   1.72e-10
   13 |     30.344 |     1   -4   + |    38.034841852 |   52420   36141 |   1.78e-10
   14 |     30.895 |     7   -3   - |    25.114911288 |   20319   25099 |   2.16e-10
   15 |     32.787 |     7   -4   + |    38.338130698 |   40361   55782 |   7.17e-10
   16 |     33.596 |     1   -3   - |    25.418200133 |   55165   31989 |   5.02e-11
  -> CHAINE COMPLETE : toutes les 16 cibles restantes atteintes.

--- depart l=25 : b1[25] = (t=13,k=-2,sg=+) = 20.258361639 | chaine atteint n_l = 16 etape(s) ---
etape |   cible x0 |     t    k  sg |               b |      N1      N2 |     erreur
    0 |   (depart) |    13   -2   + |    20.258361639 |                 |           
    1 |     20.797 |    43   -3   - |    25.003491381 |   33901    4341 |   2.73e-10
    2 |     21.788 |    46   -2   + |    20.322612762 |   24293   53306 |   1.13e-10
    3 |     25.115 |    48   -4   - |    34.064172396 |   58023   31072 |   7.40e-12
    4 |     30.231 |    42   -3   + |    29.383937090 |    7267   32885 |   8.96e-11
    5 |     30.884 |    45   -4   - |    34.066515330 |   28913   13628 |   2.74e-11
    6 |     33.514 |    42   -3   + |    29.383937090 |   47728    6385 |   1.26e-10
    7 |     13.507 |     3   -1   - |     7.083538425 |   16826   41589 |   1.86e-10
    8 |     13.583 |     8   -2   + |    20.220732211 |   62647   61342 |   1.52e-11
    9 |     21.147 |    47   -3   - |    25.000208129 |   53817   12937 |   8.44e-11
   10 |      21.76 |    42   -2   + |    20.319216806 |    8344   18765 |   4.49e-11
   11 |     24.287 |    43   -3   - |    25.003491381 |   10173   56336 |   2.80e-10
   12 |     25.066 |     8   -3   + |    29.285452495 |   17483     259 |   8.79e-11
   13 |     30.344 |    45   -4   - |    34.066515330 |   38602   10977 |   1.27e-11
   14 |     30.895 |    44   -3   + |    29.385692940 |    6051   12715 |   1.95e-10
   15 |     32.787 |    45   -4   - |    34.066515330 |    5841   15527 |   1.25e-10
   16 |     33.596 |    50   -3   + |    29.390313030 |   51280    5737 |   1.34e-10
  -> CHAINE COMPLETE : toutes les 16 cibles restantes atteintes.

--- depart l=26 : b1[26] = (t=13,k=-2,sg=-) = 16.000519496 | chaine atteint n_l = 16 etape(s) ---
etape |   cible x0 |     t    k  sg |               b |      N1      N2 |     erreur
    0 |   (depart) |    13   -2   - |    16.000519496 |                 |           
    1 |     20.797 |     7   -3   + |    29.273410414 |   42680   24151 |   5.13e-11
    2 |     21.788 |     8   -2   - |    16.038148923 |   48313   62896 |   1.28e-11
    3 |     25.115 |     8   -3   + |    29.285452495 |   15221   33128 |   3.76e-10
    4 |     30.231 |    49   -4   - |    34.063439633 |   29592    7301 |   6.03e-12
    5 |     30.884 |    46   -3   + |    29.387333046 |   15883   33741 |   5.50e-11
    6 |     33.514 |    45   -4   - |    34.066515330 |    8369   62507 |   2.34e-10
    7 |     13.507 |    41   -1   + |    11.253570823 |    4189   38219 |   4.15e-10
    8 |     13.583 |    47   -2   - |    15.935487846 |   65396   64755 |   5.90e-11
    9 |     21.147 |     2   -3   + |    29.111880423 |   60595   39648 |   2.85e-10
   10 |      21.76 |     8   -2   - |    16.038148923 |   13153   16900 |   2.92e-10
   11 |     24.287 |     1   -3   + |    28.970121569 |   31425   55352 |   3.34e-10
   12 |     25.066 |    17   -3   - |    25.048031726 |     201   43673 |   5.95e-11
   13 |     30.344 |     7   -4   + |    38.338130698 |   53689   35568 |   1.17e-10
   14 |     30.895 |    10   -3   - |    25.084444446 |   16461   21086 |   5.22e-11
   15 |     32.787 |     6   -4   + |    38.323200891 |   15852   22055 |   6.84e-11
   16 |     33.596 |     1   -3   - |    25.418200133 |   40306   23299 |   2.41e-10
  -> CHAINE COMPLETE : toutes les 16 cibles restantes atteintes.

--- depart l=27 : b1[27] = (t=14,k=-2,sg=+) = 20.263347384 | chaine atteint n_l = 16 etape(s) ---
etape |   cible x0 |     t    k  sg |               b |      N1      N2 |     erreur
    0 |   (depart) |    14   -2   + |    20.263347384 |                 |           
    1 |     20.797 |    50   -3   - |    24.998008672 |   31040    3943 |   1.07e-10
    2 |     21.788 |    41   -2   + |    20.318291107 |   10939   23892 |   1.15e-10
    3 |     25.115 |     2   -3   - |    25.276441279 |    1315   39071 |   4.52e-11
    4 |     30.231 |     7   -4   + |    38.338130698 |   55999   34223 |   2.98e-10
    5 |     30.884 |    10   -3   - |    25.084444446 |   17312   22251 |   2.76e-11
    6 |     33.514 |     5   -4   + |    38.304007616 |   32609   57386 |   2.22e-10
    7 |     13.507 |     8   -1   - |     6.973428639 |   13382   50789 |   1.34e-09
    8 |     13.583 |     5   -2   + |    20.174567049 |   62971   63143 |   5.60e-11
    9 |     21.147 |    47   -3   - |    25.000208129 |   48635   12274 |   1.91e-10
   10 |      21.76 |    42   -2   + |    20.319216806 |    8344   18765 |   4.49e-11
   11 |     24.287 |    43   -3   - |    25.003491381 |   10173   56336 |   2.80e-10
   12 |     25.066 |     8   -3   + |    29.285452495 |   17483     259 |   8.79e-11
   13 |     30.344 |    45   -4   - |    34.066515330 |   38602   10977 |   1.27e-11
   14 |     30.895 |    44   -3   + |    29.385692940 |    6051   12715 |   1.95e-10
   15 |     32.787 |    45   -4   - |    34.066515330 |    5841   15527 |   1.25e-10
   16 |     33.596 |    50   -3   + |    29.390313030 |   51280    5737 |   1.34e-10
  -> CHAINE COMPLETE : toutes les 16 cibles restantes atteintes.

--- depart l=28 : b1[28] = (t=14,k=-2,sg=-) = 15.995533750 | chaine atteint n_l = 16 etape(s) ---
etape |   cible x0 |     t    k  sg |               b |      N1      N2 |     erreur
    0 |   (depart) |    14   -2   - |    15.995533750 |                 |           
    1 |     20.797 |     6   -3   + |    29.258480607 |   13321    7559 |   9.84e-11
    2 |     21.788 |    10   -2   - |    16.019724162 |   24009   31094 |   8.00e-11
    3 |     25.115 |     4   -3   + |    29.213318780 |   18931   42013 |   8.35e-11
    4 |     30.231 |    48   -4   - |    34.064172396 |   60107   15958 |   1.01e-10
    5 |     30.884 |    44   -3   + |    29.385692940 |   22243   47211 |   2.46e-11
    6 |     33.514 |    50   -4   - |    34.062728956 |    7778   58517 |   8.48e-11
    7 |     13.507 |    50   -1   + |    11.260872462 |    6839   62588 |   1.74e-11
    8 |     13.583 |    43   -2   - |    15.938771097 |   16315   16082 |   4.56e-11
    9 |     21.147 |     8   -3   + |    29.285452495 |   14537    9303 |   1.15e-10
   10 |      21.76 |    10   -2   - |    16.019724162 |   10399   13633 |   3.27e-11
   11 |     24.287 |     8   -3   + |    29.285452495 |   24174   39983 |   1.35e-10
   12 |     25.066 |    19   -3   - |    25.041544537 |     373   64356 |   1.72e-10
   13 |     30.344 |     1   -4   + |    38.034841852 |   52420   36141 |   1.78e-10
   14 |     30.895 |     7   -3   - |    25.114911288 |   20319   25099 |   2.16e-10
   15 |     32.787 |     7   -4   + |    38.338130698 |   40361   55782 |   7.17e-10
   16 |     33.596 |     1   -3   - |    25.418200133 |   55165   31989 |   5.02e-11
  -> CHAINE COMPLETE : toutes les 16 cibles restantes atteintes.

--- depart l=29 : b1[29] = (t=15,k=-2,sg=+) = 20.267826531 | chaine atteint n_l = 16 etape(s) ---
etape |   cible x0 |     t    k  sg |               b |      N1      N2 |     erreur
    0 |   (depart) |    15   -2   + |    20.267826531 |                 |           
    1 |     20.797 |    45   -3   - |    25.001795047 |   50441    6348 |   2.14e-10
    2 |     21.788 |    43   -2   + |    20.320110038 |   11790   25813 |   1.54e-10
    3 |     25.115 |     1   -3   - |    25.418200133 |    3629   57390 |   2.95e-10
    4 |     30.231 |    10   -4   + |    38.368597540 |   65396   38677 |   2.88e-10
    5 |     30.884 |     1   -3   - |    25.418200133 |   30115   41238 |   1.66e-10
    6 |     33.514 |     4   -4   + |    38.278039063 |   37596   63889 |   6.49e-10
    7 |     13.507 |    10   -1   - |     6.955003878 |   13793   52147 |   7.76e-10
    8 |     13.583 |    10   -2   + |    20.239156973 |   13709   13651 |   5.30e-11
    9 |     21.147 |    45   -3   - |    25.001795047 |   55297   13023 |   2.70e-11
   10 |      21.76 |    49   -2   + |    20.324882069 |   10977   24796 |   7.76e-12
   11 |     24.287 |    44   -3   - |    25.002628762 |   10409   57630 |   1.14e-11
   12 |     25.066 |     4   -3   + |    29.213318780 |   59293     906 |   8.84e-11
   13 |     30.344 |    47   -4   - |    34.064928413 |   61513   18692 |   1.17e-10
   14 |     30.895 |    49   -3   + |    29.389602352 |   18324   38585 |   3.20e-11
   15 |     32.787 |    44   -4   - |    34.067349046 |   23001   61033 |   1.69e-11
   16 |     33.596 |    41   -3   + |    29.383011391 |   15463    1730 |   1.43e-10
  -> CHAINE COMPLETE : toutes les 16 cibles restantes atteintes.

--- depart l=30 : b1[30] = (t=15,k=-2,sg=-) = 15.991054604 | chaine atteint n_l = 16 etape(s) ---
etape |   cible x0 |     t    k  sg |               b |      N1      N2 |     erreur
    0 |   (depart) |    15   -2   - |    15.991054604 |                 |           
    1 |     20.797 |     4   -3   + |    29.213318780 |   19211   10970 |   4.95e-11
    2 |     21.788 |     3   -2   - |    16.148258708 |   14627   19258 |   2.14e-10
    3 |     25.115 |     6   -3   + |    29.258480607 |   23339   50507 |   2.54e-10
    4 |     30.231 |    48   -4   - |    34.064172396 |   50049   12698 |   1.67e-11
    5 |     30.884 |    44   -3   + |    29.385692940 |   22243   47211 |   2.46e-11
    6 |     33.514 |    50   -4   - |    34.062728956 |    7778   58517 |   8.48e-11
    7 |     13.507 |    50   -1   + |    11.260872462 |    6839   62588 |   1.74e-11
    8 |     13.583 |    43   -2   - |    15.938771097 |   16315   16082 |   4.56e-11
    9 |     21.147 |     8   -3   + |    29.285452495 |   14537    9303 |   1.15e-10
   10 |      21.76 |    10   -2   - |    16.019724162 |   10399   13633 |   3.27e-11
   11 |     24.287 |     8   -3   + |    29.285452495 |   24174   39983 |   1.35e-10
   12 |     25.066 |    19   -3   - |    25.041544537 |     373   64356 |   1.72e-10
   13 |     30.344 |     1   -4   + |    38.034841852 |   52420   36141 |   1.78e-10
   14 |     30.895 |     7   -3   - |    25.114911288 |   20319   25099 |   2.16e-10
   15 |     32.787 |     7   -4   + |    38.338130698 |   40361   55782 |   7.17e-10
   16 |     33.596 |     1   -3   - |    25.418200133 |   55165   31989 |   5.02e-11
  -> CHAINE COMPLETE : toutes les 16 cibles restantes atteintes.

--- depart l=31 : b1[31] = (t=16,k=-2,sg=+) = 20.271879441 | chaine atteint n_l = 16 etape(s) ---
etape |   cible x0 |     t    k  sg |               b |      N1      N2 |     erreur
    0 |   (depart) |    16   -2   + |    20.271879441 |                 |           
    1 |     20.797 |    42   -3   - |    25.004384612 |   53738    6707 |   1.02e-10
    2 |     21.788 |    48   -2   + |    20.324149306 |   16333   35887 |   2.35e-12
    3 |     25.115 |    48   -4   - |    34.064172396 |   62323   33364 |   4.96e-11
    4 |     30.231 |    42   -3   + |    29.383937090 |    7267   32885 |   8.96e-11
    5 |     30.884 |    45   -4   - |    34.066515330 |   28913   13628 |   2.74e-11
    6 |     33.514 |    42   -3   + |    29.383937090 |   47728    6385 |   1.26e-10
    7 |     13.507 |     3   -1   - |     7.083538425 |   16826   41589 |   1.86e-10
    8 |     13.583 |     8   -2   + |    20.220732211 |   62647   61342 |   1.52e-11
    9 |     21.147 |    47   -3   - |    25.000208129 |   53817   12937 |   8.44e-11
   10 |      21.76 |    42   -2   + |    20.319216806 |    8344   18765 |   4.49e-11
   11 |     24.287 |    43   -3   - |    25.003491381 |   10173   56336 |   2.80e-10
   12 |     25.066 |     8   -3   + |    29.285452495 |   17483     259 |   8.79e-11
   13 |     30.344 |    45   -4   - |    34.066515330 |   38602   10977 |   1.27e-11
   14 |     30.895 |    44   -3   + |    29.385692940 |    6051   12715 |   1.95e-10
   15 |     32.787 |    45   -4   - |    34.066515330 |    5841   15527 |   1.25e-10
   16 |     33.596 |    50   -3   + |    29.390313030 |   51280    5737 |   1.34e-10
  -> CHAINE COMPLETE : toutes les 16 cibles restantes atteintes.

--- depart l=32 : b1[32] = (t=16,k=-2,sg=-) = 15.987001693 | chaine atteint n_l = 16 etape(s) ---
etape |   cible x0 |     t    k  sg |               b |      N1      N2 |     erreur
    0 |   (depart) |    16   -2   - |    15.987001693 |                 |           
    1 |     20.797 |    10   -3   + |    29.303877256 |   60199   34038 |   1.58e-10
    2 |     21.788 |    10   -2   - |    16.019724162 |   16949   22084 |   2.76e-10
    3 |     25.115 |     4   -3   + |    29.213318780 |   18931   42013 |   8.35e-11
    4 |     30.231 |    48   -4   - |    34.064172396 |   60107   15958 |   1.01e-10
    5 |     30.884 |    44   -3   + |    29.385692940 |   22243   47211 |   2.46e-11
    6 |     33.514 |    50   -4   - |    34.062728956 |    7778   58517 |   8.48e-11
    7 |     13.507 |    50   -1   + |    11.260872462 |    6839   62588 |   1.74e-11
    8 |     13.583 |    43   -2   - |    15.938771097 |   16315   16082 |   4.56e-11
    9 |     21.147 |     8   -3   + |    29.285452495 |   14537    9303 |   1.15e-10
   10 |      21.76 |    10   -2   - |    16.019724162 |   10399   13633 |   3.27e-11
   11 |     24.287 |     8   -3   + |    29.285452495 |   24174   39983 |   1.35e-10
   12 |     25.066 |    19   -3   - |    25.041544537 |     373   64356 |   1.72e-10
   13 |     30.344 |     1   -4   + |    38.034841852 |   52420   36141 |   1.78e-10
   14 |     30.895 |     7   -3   - |    25.114911288 |   20319   25099 |   2.16e-10
   15 |     32.787 |     7   -4   + |    38.338130698 |   40361   55782 |   7.17e-10
   16 |     33.596 |     1   -3   - |    25.418200133 |   55165   31989 |   5.02e-11
  -> CHAINE COMPLETE : toutes les 16 cibles restantes atteintes.

--- depart l=33 : b1[33] = (t=17,k=-2,sg=+) = 20.275569692 | chaine atteint n_l = 16 etape(s) ---
etape |   cible x0 |     t    k  sg |               b |      N1      N2 |     erreur
    0 |   (depart) |    17   -2   + |    20.275569692 |                 |           
    1 |     20.797 |    45   -3   - |    25.001795047 |   23071    2861 |   1.04e-11
    2 |     21.788 |    43   -2   + |    20.320110038 |   11790   25813 |   1.54e-10
    3 |     25.115 |     1   -3   - |    25.418200133 |    3629   57390 |   2.95e-10
    4 |     30.231 |    10   -4   + |    38.368597540 |   65396   38677 |   2.88e-10
    5 |     30.884 |     1   -3   - |    25.418200133 |   30115   41238 |   1.66e-10
    6 |     33.514 |     4   -4   + |    38.278039063 |   37596   63889 |   6.49e-10
    7 |     13.507 |    10   -1   - |     6.955003878 |   13793   52147 |   7.76e-10
    8 |     13.583 |    10   -2   + |    20.239156973 |   13709   13651 |   5.30e-11
    9 |     21.147 |    45   -3   - |    25.001795047 |   55297   13023 |   2.70e-11
   10 |      21.76 |    49   -2   + |    20.324882069 |   10977   24796 |   7.76e-12
   11 |     24.287 |    44   -3   - |    25.002628762 |   10409   57630 |   1.14e-11
   12 |     25.066 |     4   -3   + |    29.213318780 |   59293     906 |   8.84e-11
   13 |     30.344 |    47   -4   - |    34.064928413 |   61513   18692 |   1.17e-10
   14 |     30.895 |    49   -3   + |    29.389602352 |   18324   38585 |   3.20e-11
   15 |     32.787 |    44   -4   - |    34.067349046 |   23001   61033 |   1.69e-11
   16 |     33.596 |    41   -3   + |    29.383011391 |   15463    1730 |   1.43e-10
  -> CHAINE COMPLETE : toutes les 16 cibles restantes atteintes.

--- depart l=34 : b1[34] = (t=17,k=-2,sg=-) = 15.983311442 | chaine atteint n_l = 16 etape(s) ---
etape |   cible x0 |     t    k  sg |               b |      N1      N2 |     erreur
    0 |   (depart) |    17   -2   - |    15.983311442 |                 |           
    1 |     20.797 |     6   -3   + |    29.258480607 |   36585   20813 |   9.78e-11
    2 |     21.788 |    10   -2   - |    16.019724162 |   24009   31094 |   8.00e-11
    3 |     25.115 |     4   -3   + |    29.213318780 |   18931   42013 |   8.35e-11
    4 |     30.231 |    48   -4   - |    34.064172396 |   60107   15958 |   1.01e-10
    5 |     30.884 |    44   -3   + |    29.385692940 |   22243   47211 |   2.46e-11
    6 |     33.514 |    50   -4   - |    34.062728956 |    7778   58517 |   8.48e-11
    7 |     13.507 |    50   -1   + |    11.260872462 |    6839   62588 |   1.74e-11
    8 |     13.583 |    43   -2   - |    15.938771097 |   16315   16082 |   4.56e-11
    9 |     21.147 |     8   -3   + |    29.285452495 |   14537    9303 |   1.15e-10
   10 |      21.76 |    10   -2   - |    16.019724162 |   10399   13633 |   3.27e-11
   11 |     24.287 |     8   -3   + |    29.285452495 |   24174   39983 |   1.35e-10
   12 |     25.066 |    19   -3   - |    25.041544537 |     373   64356 |   1.72e-10
   13 |     30.344 |     1   -4   + |    38.034841852 |   52420   36141 |   1.78e-10
   14 |     30.895 |     7   -3   - |    25.114911288 |   20319   25099 |   2.16e-10
   15 |     32.787 |     7   -4   + |    38.338130698 |   40361   55782 |   7.17e-10
   16 |     33.596 |     1   -3   - |    25.418200133 |   55165   31989 |   5.02e-11
  -> CHAINE COMPLETE : toutes les 16 cibles restantes atteintes.

--- depart l=35 : b1[35] = (t=18,k=-2,sg=+) = 20.278948331 | chaine atteint n_l = 16 etape(s) ---
etape |   cible x0 |     t    k  sg |               b |      N1      N2 |     erreur
    0 |   (depart) |    18   -2   + |    20.278948331 |                 |           
    1 |     20.797 |    46   -3   - |    25.000988656 |   33166    4087 |   1.06e-10
    2 |     21.788 |    50   -2   + |    20.325592746 |   28180   61913 |   7.18e-11
    3 |     25.115 |     5   -3   - |    25.149034370 |     375   52771 |   7.90e-12
    4 |     30.231 |     2   -4   + |    38.176600707 |   41273   26398 |   2.11e-11
    5 |     30.884 |     7   -3   - |    25.114911288 |   44827   56665 |   2.05e-10
    6 |     33.514 |     3   -4   + |    38.240062994 |   13123   23322 |   7.80e-10
    7 |     13.507 |     4   -1   - |     7.045562355 |   16463   63017 |   1.85e-10
    8 |     13.583 |     8   -2   + |    20.220732211 |   21774   21445 |   2.02e-10
    9 |     21.147 |    47   -3   - |    25.000208129 |   53817   12937 |   8.44e-11
   10 |      21.76 |    42   -2   + |    20.319216806 |    8344   18765 |   4.49e-11
   11 |     24.287 |    43   -3   - |    25.003491381 |   10173   56336 |   2.80e-10
   12 |     25.066 |     8   -3   + |    29.285452495 |   17483     259 |   8.79e-11
   13 |     30.344 |    45   -4   - |    34.066515330 |   38602   10977 |   1.27e-11
   14 |     30.895 |    44   -3   + |    29.385692940 |    6051   12715 |   1.95e-10
   15 |     32.787 |    45   -4   - |    34.066515330 |    5841   15527 |   1.25e-10
   16 |     33.596 |    50   -3   + |    29.390313030 |   51280    5737 |   1.34e-10
  -> CHAINE COMPLETE : toutes les 16 cibles restantes atteintes.

--- depart l=36 : b1[36] = (t=18,k=-2,sg=-) = 15.979932803 | chaine atteint n_l = 16 etape(s) ---
etape |   cible x0 |     t    k  sg |               b |      N1      N2 |     erreur
    0 |   (depart) |    18   -2   - |    15.979932803 |                 |           
    1 |     20.797 |     1   -3   + |    28.970121569 |   51427   30310 |   1.76e-10
    2 |     21.788 |     6   -2   - |    16.065120811 |   38022   47717 |   2.34e-10
    3 |     25.115 |     1   -3   + |    28.970121569 |   27327   64150 |   2.80e-10
    4 |     30.231 |    45   -4   - |    34.066515330 |   35831   11779 |   2.26e-11
    5 |     30.884 |    42   -3   + |    29.383937090 |   13628   28913 |   2.74e-11
    6 |     33.514 |    42   -4   - |    34.069104896 |    7268   54075 |   9.28e-11
    7 |     13.507 |    49   -1   + |    11.260161785 |    5720   52347 |   7.28e-10
    8 |     13.583 |    41   -2   - |    15.940590028 |   59225   58352 |   3.16e-12
    9 |     21.147 |     8   -3   + |    29.285452495 |   51503   32948 |   1.19e-11
   10 |      21.76 |    10   -2   - |    16.019724162 |   10399   13633 |   3.27e-11
   11 |     24.287 |     8   -3   + |    29.285452495 |   24174   39983 |   1.35e-10
   12 |     25.066 |    19   -3   - |    25.041544537 |     373   64356 |   1.72e-10
   13 |     30.344 |     1   -4   + |    38.034841852 |   52420   36141 |   1.78e-10
   14 |     30.895 |     7   -3   - |    25.114911288 |   20319   25099 |   2.16e-10
   15 |     32.787 |     7   -4   + |    38.338130698 |   40361   55782 |   7.17e-10
   16 |     33.596 |     1   -3   - |    25.418200133 |   55165   31989 |   5.02e-11
  -> CHAINE COMPLETE : toutes les 16 cibles restantes atteintes.

--- depart l=37 : b1[37] = (t=19,k=-2,sg=+) = 20.282056881 | chaine atteint n_l = 16 etape(s) ---
etape |   cible x0 |     t    k  sg |               b |      N1      N2 |     erreur
    0 |   (depart) |    19   -2   + |    20.282056881 |                 |           
    1 |     20.797 |    42   -3   - |    25.004384612 |   62268    7621 |   6.61e-11
    2 |     21.788 |    48   -2   + |    20.324149306 |   16333   35887 |   2.35e-12
    3 |     25.115 |    48   -4   - |    34.064172396 |   62323   33364 |   4.96e-11
    4 |     30.231 |    42   -3   + |    29.383937090 |    7267   32885 |   8.96e-11
    5 |     30.884 |    45   -4   - |    34.066515330 |   28913   13628 |   2.74e-11
    6 |     33.514 |    42   -3   + |    29.383937090 |   47728    6385 |   1.26e-10
    7 |     13.507 |     3   -1   - |     7.083538425 |   16826   41589 |   1.86e-10
    8 |     13.583 |     8   -2   + |    20.220732211 |   62647   61342 |   1.52e-11
    9 |     21.147 |    47   -3   - |    25.000208129 |   53817   12937 |   8.44e-11
   10 |      21.76 |    42   -2   + |    20.319216806 |    8344   18765 |   4.49e-11
   11 |     24.287 |    43   -3   - |    25.003491381 |   10173   56336 |   2.80e-10
   12 |     25.066 |     8   -3   + |    29.285452495 |   17483     259 |   8.79e-11
   13 |     30.344 |    45   -4   - |    34.066515330 |   38602   10977 |   1.27e-11
   14 |     30.895 |    44   -3   + |    29.385692940 |    6051   12715 |   1.95e-10
   15 |     32.787 |    45   -4   - |    34.066515330 |    5841   15527 |   1.25e-10
   16 |     33.596 |    50   -3   + |    29.390313030 |   51280    5737 |   1.34e-10
  -> CHAINE COMPLETE : toutes les 16 cibles restantes atteintes.

--- depart l=38 : b1[38] = (t=19,k=-2,sg=-) = 15.976824253 | chaine atteint n_l = 16 etape(s) ---
etape |   cible x0 |     t    k  sg |               b |      N1      N2 |     erreur
    0 |   (depart) |    19   -2   - |    15.976824253 |                 |           
    1 |     20.797 |     1   -3   + |    28.970121569 |   61403   36213 |   3.31e-11
    2 |     21.788 |     6   -2   - |    16.065120811 |   38022   47717 |   2.34e-10
    3 |     25.115 |     1   -3   + |    28.970121569 |   27327   64150 |   2.80e-10
    4 |     30.231 |    45   -4   - |    34.066515330 |   35831   11779 |   2.26e-11
    5 |     30.884 |    42   -3   + |    29.383937090 |   13628   28913 |   2.74e-11
    6 |     33.514 |    42   -4   - |    34.069104896 |    7268   54075 |   9.28e-11
    7 |     13.507 |    49   -1   + |    11.260161785 |    5720   52347 |   7.28e-10
    8 |     13.583 |    41   -2   - |    15.940590028 |   59225   58352 |   3.16e-12
    9 |     21.147 |     8   -3   + |    29.285452495 |   51503   32948 |   1.19e-11
   10 |      21.76 |    10   -2   - |    16.019724162 |   10399   13633 |   3.27e-11
   11 |     24.287 |     8   -3   + |    29.285452495 |   24174   39983 |   1.35e-10
   12 |     25.066 |    19   -3   - |    25.041544537 |     373   64356 |   1.72e-10
   13 |     30.344 |     1   -4   + |    38.034841852 |   52420   36141 |   1.78e-10
   14 |     30.895 |     7   -3   - |    25.114911288 |   20319   25099 |   2.16e-10
   15 |     32.787 |     7   -4   + |    38.338130698 |   40361   55782 |   7.17e-10
   16 |     33.596 |     1   -3   - |    25.418200133 |   55165   31989 |   5.02e-11
  -> CHAINE COMPLETE : toutes les 16 cibles restantes atteintes.

--- depart l=39 : b1[39] = (t=20,k=-2,sg=+) = 20.284929509 | chaine atteint n_l = 16 etape(s) ---
etape |   cible x0 |     t    k  sg |               b |      N1      N2 |     erreur
    0 |   (depart) |    20   -2   + |    20.284929509 |                 |           
    1 |     20.797 |    50   -3   - |    24.998008672 |   53375    6506 |   1.72e-10
    2 |     21.788 |    41   -2   + |    20.318291107 |   10939   23892 |   1.15e-10
    3 |     25.115 |     2   -3   - |    25.276441279 |    1315   39071 |   4.52e-11
    4 |     30.231 |     7   -4   + |    38.338130698 |   55999   34223 |   2.98e-10
    5 |     30.884 |    10   -3   - |    25.084444446 |   17312   22251 |   2.76e-11
    6 |     33.514 |     5   -4   + |    38.304007616 |   32609   57386 |   2.22e-10
    7 |     13.507 |     8   -1   - |     6.973428639 |   13382   50789 |   1.34e-09
    8 |     13.583 |     5   -2   + |    20.174567049 |   62971   63143 |   5.60e-11
    9 |     21.147 |    47   -3   - |    25.000208129 |   48635   12274 |   1.91e-10
   10 |      21.76 |    42   -2   + |    20.319216806 |    8344   18765 |   4.49e-11
   11 |     24.287 |    43   -3   - |    25.003491381 |   10173   56336 |   2.80e-10
   12 |     25.066 |     8   -3   + |    29.285452495 |   17483     259 |   8.79e-11
   13 |     30.344 |    45   -4   - |    34.066515330 |   38602   10977 |   1.27e-11
   14 |     30.895 |    44   -3   + |    29.385692940 |    6051   12715 |   1.95e-10
   15 |     32.787 |    45   -4   - |    34.066515330 |    5841   15527 |   1.25e-10
   16 |     33.596 |    50   -3   + |    29.390313030 |   51280    5737 |   1.34e-10
  -> CHAINE COMPLETE : toutes les 16 cibles restantes atteintes.

--- depart l=40 : b1[40] = (t=20,k=-2,sg=-) = 15.973951625 | chaine atteint n_l = 16 etape(s) ---
etape |   cible x0 |     t    k  sg |               b |      N1      N2 |     erreur
    0 |   (depart) |    20   -2   - |    15.973951625 |                 |           
    1 |     20.797 |     6   -3   + |    29.258480607 |   19107   10891 |   1.63e-10
    2 |     21.788 |    10   -2   - |    16.019724162 |   24009   31094 |   8.00e-11
    3 |     25.115 |     4   -3   + |    29.213318780 |   18931   42013 |   8.35e-11
    4 |     30.231 |    48   -4   - |    34.064172396 |   60107   15958 |   1.01e-10
    5 |     30.884 |    44   -3   + |    29.385692940 |   22243   47211 |   2.46e-11
    6 |     33.514 |    50   -4   - |    34.062728956 |    7778   58517 |   8.48e-11
    7 |     13.507 |    50   -1   + |    11.260872462 |    6839   62588 |   1.74e-11
    8 |     13.583 |    43   -2   - |    15.938771097 |   16315   16082 |   4.56e-11
    9 |     21.147 |     8   -3   + |    29.285452495 |   14537    9303 |   1.15e-10
   10 |      21.76 |    10   -2   - |    16.019724162 |   10399   13633 |   3.27e-11
   11 |     24.287 |     8   -3   + |    29.285452495 |   24174   39983 |   1.35e-10
   12 |     25.066 |    19   -3   - |    25.041544537 |     373   64356 |   1.72e-10
   13 |     30.344 |     1   -4   + |    38.034841852 |   52420   36141 |   1.78e-10
   14 |     30.895 |     7   -3   - |    25.114911288 |   20319   25099 |   2.16e-10
   15 |     32.787 |     7   -4   + |    38.338130698 |   40361   55782 |   7.17e-10
   16 |     33.596 |     1   -3   - |    25.418200133 |   55165   31989 |   5.02e-11
  -> CHAINE COMPLETE : toutes les 16 cibles restantes atteintes.

--- depart l=41 : b1[41] = (t=21,k=-2,sg=+) = 20.287594624 | chaine atteint n_l = 16 etape(s) ---
etape |   cible x0 |     t    k  sg |               b |      N1      N2 |     erreur
    0 |   (depart) |    21   -2   + |    20.287594624 |                 |           
    1 |     20.797 |    42   -3   - |    25.004384612 |   42379    5131 |   2.93e-12
    2 |     21.788 |    48   -2   + |    20.324149306 |   16333   35887 |   2.35e-12
    3 |     25.115 |    48   -4   - |    34.064172396 |   62323   33364 |   4.96e-11
    4 |     30.231 |    42   -3   + |    29.383937090 |    7267   32885 |   8.96e-11
    5 |     30.884 |    45   -4   - |    34.066515330 |   28913   13628 |   2.74e-11
    6 |     33.514 |    42   -3   + |    29.383937090 |   47728    6385 |   1.26e-10
    7 |     13.507 |     3   -1   - |     7.083538425 |   16826   41589 |   1.86e-10
    8 |     13.583 |     8   -2   + |    20.220732211 |   62647   61342 |   1.52e-11
    9 |     21.147 |    47   -3   - |    25.000208129 |   53817   12937 |   8.44e-11
   10 |      21.76 |    42   -2   + |    20.319216806 |    8344   18765 |   4.49e-11
   11 |     24.287 |    43   -3   - |    25.003491381 |   10173   56336 |   2.80e-10
   12 |     25.066 |     8   -3   + |    29.285452495 |   17483     259 |   8.79e-11
   13 |     30.344 |    45   -4   - |    34.066515330 |   38602   10977 |   1.27e-11
   14 |     30.895 |    44   -3   + |    29.385692940 |    6051   12715 |   1.95e-10
   15 |     32.787 |    45   -4   - |    34.066515330 |    5841   15527 |   1.25e-10
   16 |     33.596 |    50   -3   + |    29.390313030 |   51280    5737 |   1.34e-10
  -> CHAINE COMPLETE : toutes les 16 cibles restantes atteintes.

--- depart l=42 : b1[42] = (t=21,k=-2,sg=-) = 15.971286511 | chaine atteint n_l = 16 etape(s) ---
etape |   cible x0 |     t    k  sg |               b |      N1      N2 |     erreur
    0 |   (depart) |    21   -2   - |    15.971286511 |                 |           
    1 |     20.797 |     9   -3   + |    29.295431860 |    5845    3319 |   1.24e-10
    2 |     21.788 |     3   -2   - |    16.148258708 |   27530   36647 |   1.02e-10
    3 |     25.115 |     6   -3   + |    29.258480607 |   23339   50507 |   2.54e-10
    4 |     30.231 |    48   -4   - |    34.064172396 |   50049   12698 |   1.67e-11
    5 |     30.884 |    44   -3   + |    29.385692940 |   22243   47211 |   2.46e-11
    6 |     33.514 |    50   -4   - |    34.062728956 |    7778   58517 |   8.48e-11
    7 |     13.507 |    50   -1   + |    11.260872462 |    6839   62588 |   1.74e-11
    8 |     13.583 |    43   -2   - |    15.938771097 |   16315   16082 |   4.56e-11
    9 |     21.147 |     8   -3   + |    29.285452495 |   14537    9303 |   1.15e-10
   10 |      21.76 |    10   -2   - |    16.019724162 |   10399   13633 |   3.27e-11
   11 |     24.287 |     8   -3   + |    29.285452495 |   24174   39983 |   1.35e-10
   12 |     25.066 |    19   -3   - |    25.041544537 |     373   64356 |   1.72e-10
   13 |     30.344 |     1   -4   + |    38.034841852 |   52420   36141 |   1.78e-10
   14 |     30.895 |     7   -3   - |    25.114911288 |   20319   25099 |   2.16e-10
   15 |     32.787 |     7   -4   + |    38.338130698 |   40361   55782 |   7.17e-10
   16 |     33.596 |     1   -3   - |    25.418200133 |   55165   31989 |   5.02e-11
  -> CHAINE COMPLETE : toutes les 16 cibles restantes atteintes.

--- depart l=43 : b1[43] = (t=22,k=-2,sg=+) = 20.290076062 | chaine atteint n_l = 16 etape(s) ---
etape |   cible x0 |     t    k  sg |               b |      N1      N2 |     erreur
    0 |   (depart) |    22   -2   + |    20.290076062 |                 |           
    1 |     20.797 |    43   -3   - |    25.003491381 |   49498    5965 |   5.28e-12
    2 |     21.788 |    46   -2   + |    20.322612762 |   24293   53306 |   1.13e-10
    3 |     25.115 |    48   -4   - |    34.064172396 |   58023   31072 |   7.40e-12
    4 |     30.231 |    42   -3   + |    29.383937090 |    7267   32885 |   8.96e-11
    5 |     30.884 |    45   -4   - |    34.066515330 |   28913   13628 |   2.74e-11
    6 |     33.514 |    42   -3   + |    29.383937090 |   47728    6385 |   1.26e-10
    7 |     13.507 |     3   -1   - |     7.083538425 |   16826   41589 |   1.86e-10
    8 |     13.583 |     8   -2   + |    20.220732211 |   62647   61342 |   1.52e-11
    9 |     21.147 |    47   -3   - |    25.000208129 |   53817   12937 |   8.44e-11
   10 |      21.76 |    42   -2   + |    20.319216806 |    8344   18765 |   4.49e-11
   11 |     24.287 |    43   -3   - |    25.003491381 |   10173   56336 |   2.80e-10
   12 |     25.066 |     8   -3   + |    29.285452495 |   17483     259 |   8.79e-11
   13 |     30.344 |    45   -4   - |    34.066515330 |   38602   10977 |   1.27e-11
   14 |     30.895 |    44   -3   + |    29.385692940 |    6051   12715 |   1.95e-10
   15 |     32.787 |    45   -4   - |    34.066515330 |    5841   15527 |   1.25e-10
   16 |     33.596 |    50   -3   + |    29.390313030 |   51280    5737 |   1.34e-10
  -> CHAINE COMPLETE : toutes les 16 cibles restantes atteintes.

--- depart l=44 : b1[44] = (t=22,k=-2,sg=-) = 15.968805073 | chaine atteint n_l = 16 etape(s) ---
etape |   cible x0 |     t    k  sg |               b |      N1      N2 |     erreur
    0 |   (depart) |    22   -2   - |    15.968805073 |                 |           
    1 |     20.797 |     4   -3   + |    29.213318780 |   46131   26464 |   9.68e-11
    2 |     21.788 |     3   -2   - |    16.148258708 |   14627   19258 |   2.14e-10
    3 |     25.115 |     6   -3   + |    29.258480607 |   23339   50507 |   2.54e-10
    4 |     30.231 |    48   -4   - |    34.064172396 |   50049   12698 |   1.67e-11
    5 |     30.884 |    44   -3   + |    29.385692940 |   22243   47211 |   2.46e-11
    6 |     33.514 |    50   -4   - |    34.062728956 |    7778   58517 |   8.48e-11
    7 |     13.507 |    50   -1   + |    11.260872462 |    6839   62588 |   1.74e-11
    8 |     13.583 |    43   -2   - |    15.938771097 |   16315   16082 |   4.56e-11
    9 |     21.147 |     8   -3   + |    29.285452495 |   14537    9303 |   1.15e-10
   10 |      21.76 |    10   -2   - |    16.019724162 |   10399   13633 |   3.27e-11
   11 |     24.287 |     8   -3   + |    29.285452495 |   24174   39983 |   1.35e-10
   12 |     25.066 |    19   -3   - |    25.041544537 |     373   64356 |   1.72e-10
   13 |     30.344 |     1   -4   + |    38.034841852 |   52420   36141 |   1.78e-10
   14 |     30.895 |     7   -3   - |    25.114911288 |   20319   25099 |   2.16e-10
   15 |     32.787 |     7   -4   + |    38.338130698 |   40361   55782 |   7.17e-10
   16 |     33.596 |     1   -3   - |    25.418200133 |   55165   31989 |   5.02e-11
  -> CHAINE COMPLETE : toutes les 16 cibles restantes atteintes.

--- depart l=45 : b1[45] = (t=23,k=-2,sg=+) = 20.292393997 | chaine atteint n_l = 16 etape(s) ---
etape |   cible x0 |     t    k  sg |               b |      N1      N2 |     erreur
    0 |   (depart) |    23   -2   + |    20.292393997 |                 |           
    1 |     20.797 |    47   -3   - |    25.000208129 |   57050    6849 |   1.16e-10
    2 |     21.788 |    50   -2   + |    20.325592746 |    2127    4672 |   1.43e-11
    3 |     25.115 |     5   -3   - |    25.149034370 |     375   52771 |   7.90e-12
    4 |     30.231 |     2   -4   + |    38.176600707 |   41273   26398 |   2.11e-11
    5 |     30.884 |     7   -3   - |    25.114911288 |   44827   56665 |   2.05e-10
    6 |     33.514 |     3   -4   + |    38.240062994 |   13123   23322 |   7.80e-10
    7 |     13.507 |     4   -1   - |     7.045562355 |   16463   63017 |   1.85e-10
    8 |     13.583 |     8   -2   + |    20.220732211 |   21774   21445 |   2.02e-10
    9 |     21.147 |    47   -3   - |    25.000208129 |   53817   12937 |   8.44e-11
   10 |      21.76 |    42   -2   + |    20.319216806 |    8344   18765 |   4.49e-11
   11 |     24.287 |    43   -3   - |    25.003491381 |   10173   56336 |   2.80e-10
   12 |     25.066 |     8   -3   + |    29.285452495 |   17483     259 |   8.79e-11
   13 |     30.344 |    45   -4   - |    34.066515330 |   38602   10977 |   1.27e-11
   14 |     30.895 |    44   -3   + |    29.385692940 |    6051   12715 |   1.95e-10
   15 |     32.787 |    45   -4   - |    34.066515330 |    5841   15527 |   1.25e-10
   16 |     33.596 |    50   -3   + |    29.390313030 |   51280    5737 |   1.34e-10
  -> CHAINE COMPLETE : toutes les 16 cibles restantes atteintes.

--- depart l=46 : b1[46] = (t=23,k=-2,sg=-) = 15.966487138 | chaine atteint n_l = 16 etape(s) ---
etape |   cible x0 |     t    k  sg |               b |      N1      N2 |     erreur
    0 |   (depart) |    23   -2   - |    15.966487138 |                 |           
    1 |     20.797 |     9   -3   + |    29.295431860 |   48640   27647 |   2.04e-10
    2 |     21.788 |     3   -2   - |    16.148258708 |   27530   36647 |   1.02e-10
    3 |     25.115 |     6   -3   + |    29.258480607 |   23339   50507 |   2.54e-10
    4 |     30.231 |    48   -4   - |    34.064172396 |   50049   12698 |   1.67e-11
    5 |     30.884 |    44   -3   + |    29.385692940 |   22243   47211 |   2.46e-11
    6 |     33.514 |    50   -4   - |    34.062728956 |    7778   58517 |   8.48e-11
    7 |     13.507 |    50   -1   + |    11.260872462 |    6839   62588 |   1.74e-11
    8 |     13.583 |    43   -2   - |    15.938771097 |   16315   16082 |   4.56e-11
    9 |     21.147 |     8   -3   + |    29.285452495 |   14537    9303 |   1.15e-10
   10 |      21.76 |    10   -2   - |    16.019724162 |   10399   13633 |   3.27e-11
   11 |     24.287 |     8   -3   + |    29.285452495 |   24174   39983 |   1.35e-10
   12 |     25.066 |    19   -3   - |    25.041544537 |     373   64356 |   1.72e-10
   13 |     30.344 |     1   -4   + |    38.034841852 |   52420   36141 |   1.78e-10
   14 |     30.895 |     7   -3   - |    25.114911288 |   20319   25099 |   2.16e-10
   15 |     32.787 |     7   -4   + |    38.338130698 |   40361   55782 |   7.17e-10
   16 |     33.596 |     1   -3   - |    25.418200133 |   55165   31989 |   5.02e-11
  -> CHAINE COMPLETE : toutes les 16 cibles restantes atteintes.

--- depart l=47 : b1[47] = (t=24,k=-2,sg=+) = 20.294565630 | chaine atteint n_l = 16 etape(s) ---
etape |   cible x0 |     t    k  sg |               b |      N1      N2 |     erreur
    0 |   (depart) |    24   -2   + |    20.294565630 |                 |           
    1 |     20.797 |    45   -3   - |    25.001795047 |   59310    7087 |   2.03e-10
    2 |     21.788 |    43   -2   + |    20.320110038 |   11790   25813 |   1.54e-10
    3 |     25.115 |     1   -3   - |    25.418200133 |    3629   57390 |   2.95e-10
    4 |     30.231 |    10   -4   + |    38.368597540 |   65396   38677 |   2.88e-10
    5 |     30.884 |     1   -3   - |    25.418200133 |   30115   41238 |   1.66e-10
    6 |     33.514 |     4   -4   + |    38.278039063 |   37596   63889 |   6.49e-10
    7 |     13.507 |    10   -1   - |     6.955003878 |   13793   52147 |   7.76e-10
    8 |     13.583 |    10   -2   + |    20.239156973 |   13709   13651 |   5.30e-11
    9 |     21.147 |    45   -3   - |    25.001795047 |   55297   13023 |   2.70e-11
   10 |      21.76 |    49   -2   + |    20.324882069 |   10977   24796 |   7.76e-12
   11 |     24.287 |    44   -3   - |    25.002628762 |   10409   57630 |   1.14e-11
   12 |     25.066 |     4   -3   + |    29.213318780 |   59293     906 |   8.84e-11
   13 |     30.344 |    47   -4   - |    34.064928413 |   61513   18692 |   1.17e-10
   14 |     30.895 |    49   -3   + |    29.389602352 |   18324   38585 |   3.20e-11
   15 |     32.787 |    44   -4   - |    34.067349046 |   23001   61033 |   1.69e-11
   16 |     33.596 |    41   -3   + |    29.383011391 |   15463    1730 |   1.43e-10
  -> CHAINE COMPLETE : toutes les 16 cibles restantes atteintes.

--- depart l=48 : b1[48] = (t=24,k=-2,sg=-) = 15.964315505 | chaine atteint n_l = 16 etape(s) ---
etape |   cible x0 |     t    k  sg |               b |      N1      N2 |     erreur
    0 |   (depart) |    24   -2   - |    15.964315505 |                 |           
    1 |     20.797 |     6   -3   + |    29.258480607 |   62729   35827 |   1.89e-11
    2 |     21.788 |    10   -2   - |    16.019724162 |   24009   31094 |   8.00e-11
    3 |     25.115 |     4   -3   + |    29.213318780 |   18931   42013 |   8.35e-11
    4 |     30.231 |    48   -4   - |    34.064172396 |   60107   15958 |   1.01e-10
    5 |     30.884 |    44   -3   + |    29.385692940 |   22243   47211 |   2.46e-11
    6 |     33.514 |    50   -4   - |    34.062728956 |    7778   58517 |   8.48e-11
    7 |     13.507 |    50   -1   + |    11.260872462 |    6839   62588 |   1.74e-11
    8 |     13.583 |    43   -2   - |    15.938771097 |   16315   16082 |   4.56e-11
    9 |     21.147 |     8   -3   + |    29.285452495 |   14537    9303 |   1.15e-10
   10 |      21.76 |    10   -2   - |    16.019724162 |   10399   13633 |   3.27e-11
   11 |     24.287 |     8   -3   + |    29.285452495 |   24174   39983 |   1.35e-10
   12 |     25.066 |    19   -3   - |    25.041544537 |     373   64356 |   1.72e-10
   13 |     30.344 |     1   -4   + |    38.034841852 |   52420   36141 |   1.78e-10
   14 |     30.895 |     7   -3   - |    25.114911288 |   20319   25099 |   2.16e-10
   15 |     32.787 |     7   -4   + |    38.338130698 |   40361   55782 |   7.17e-10
   16 |     33.596 |     1   -3   - |    25.418200133 |   55165   31989 |   5.02e-11
  -> CHAINE COMPLETE : toutes les 16 cibles restantes atteintes.

--- depart l=49 : b1[49] = (t=25,k=-2,sg=+) = 20.296605731 | chaine atteint n_l = 16 etape(s) ---
etape |   cible x0 |     t    k  sg |               b |      N1      N2 |     erreur
    0 |   (depart) |    25   -2   + |    20.296605731 |                 |           
    1 |     20.797 |    41   -3   - |    25.005310311 |   15323    1822 |   6.72e-11
    2 |     21.788 |    50   -2   + |    20.325592746 |   20379   44834 |   5.59e-11
    3 |     25.115 |     5   -3   - |    25.149034370 |     375   52771 |   7.90e-12
    4 |     30.231 |     2   -4   + |    38.176600707 |   41273   26398 |   2.11e-11
    5 |     30.884 |     7   -3   - |    25.114911288 |   44827   56665 |   2.05e-10
    6 |     33.514 |     3   -4   + |    38.240062994 |   13123   23322 |   7.80e-10
    7 |     13.507 |     4   -1   - |     7.045562355 |   16463   63017 |   1.85e-10
    8 |     13.583 |     8   -2   + |    20.220732211 |   21774   21445 |   2.02e-10
    9 |     21.147 |    47   -3   - |    25.000208129 |   53817   12937 |   8.44e-11
   10 |      21.76 |    42   -2   + |    20.319216806 |    8344   18765 |   4.49e-11
   11 |     24.287 |    43   -3   - |    25.003491381 |   10173   56336 |   2.80e-10
   12 |     25.066 |     8   -3   + |    29.285452495 |   17483     259 |   8.79e-11
   13 |     30.344 |    45   -4   - |    34.066515330 |   38602   10977 |   1.27e-11
   14 |     30.895 |    44   -3   + |    29.385692940 |    6051   12715 |   1.95e-10
   15 |     32.787 |    45   -4   - |    34.066515330 |    5841   15527 |   1.25e-10
   16 |     33.596 |    50   -3   + |    29.390313030 |   51280    5737 |   1.34e-10
  -> CHAINE COMPLETE : toutes les 16 cibles restantes atteintes.

--- depart l=50 : b1[50] = (t=25,k=-2,sg=-) = 15.962275404 | chaine atteint n_l = 16 etape(s) ---
etape |   cible x0 |     t    k  sg |               b |      N1      N2 |     erreur
    0 |   (depart) |    25   -2   - |    15.962275404 |                 |           
    1 |     20.797 |     4   -3   + |    29.213318780 |   52165   29966 |   1.28e-10
    2 |     21.788 |     3   -2   - |    16.148258708 |   14627   19258 |   2.14e-10
    3 |     25.115 |     6   -3   + |    29.258480607 |   23339   50507 |   2.54e-10
    4 |     30.231 |    48   -4   - |    34.064172396 |   50049   12698 |   1.67e-11
    5 |     30.884 |    44   -3   + |    29.385692940 |   22243   47211 |   2.46e-11
    6 |     33.514 |    50   -4   - |    34.062728956 |    7778   58517 |   8.48e-11
    7 |     13.507 |    50   -1   + |    11.260872462 |    6839   62588 |   1.74e-11
    8 |     13.583 |    43   -2   - |    15.938771097 |   16315   16082 |   4.56e-11
    9 |     21.147 |     8   -3   + |    29.285452495 |   14537    9303 |   1.15e-10
   10 |      21.76 |    10   -2   - |    16.019724162 |   10399   13633 |   3.27e-11
   11 |     24.287 |     8   -3   + |    29.285452495 |   24174   39983 |   1.35e-10
   12 |     25.066 |    19   -3   - |    25.041544537 |     373   64356 |   1.72e-10
   13 |     30.344 |     1   -4   + |    38.034841852 |   52420   36141 |   1.78e-10
   14 |     30.895 |     7   -3   - |    25.114911288 |   20319   25099 |   2.16e-10
   15 |     32.787 |     7   -4   + |    38.338130698 |   40361   55782 |   7.17e-10
   16 |     33.596 |     1   -3   - |    25.418200133 |   55165   31989 |   5.02e-11
  -> CHAINE COMPLETE : toutes les 16 cibles restantes atteintes.

--- depart l=51 : b1[51] = (t=26,k=-2,sg=+) = 20.298527063 | chaine atteint n_l = 16 etape(s) ---
etape |   cible x0 |     t    k  sg |               b |      N1      N2 |     erreur
    0 |   (depart) |    26   -2   + |    20.298527063 |                 |           
    1 |     20.797 |    47   -3   - |    25.000208129 |   35491    4209 |   2.09e-11
    2 |     21.788 |    50   -2   + |    20.325592746 |    2127    4672 |   1.43e-11
    3 |     25.115 |     5   -3   - |    25.149034370 |     375   52771 |   7.90e-12
    4 |     30.231 |     2   -4   + |    38.176600707 |   41273   26398 |   2.11e-11
    5 |     30.884 |     7   -3   - |    25.114911288 |   44827   56665 |   2.05e-10
    6 |     33.514 |     3   -4   + |    38.240062994 |   13123   23322 |   7.80e-10
    7 |     13.507 |     4   -1   - |     7.045562355 |   16463   63017 |   1.85e-10
    8 |     13.583 |     8   -2   + |    20.220732211 |   21774   21445 |   2.02e-10
    9 |     21.147 |    47   -3   - |    25.000208129 |   53817   12937 |   8.44e-11
   10 |      21.76 |    42   -2   + |    20.319216806 |    8344   18765 |   4.49e-11
   11 |     24.287 |    43   -3   - |    25.003491381 |   10173   56336 |   2.80e-10
   12 |     25.066 |     8   -3   + |    29.285452495 |   17483     259 |   8.79e-11
   13 |     30.344 |    45   -4   - |    34.066515330 |   38602   10977 |   1.27e-11
   14 |     30.895 |    44   -3   + |    29.385692940 |    6051   12715 |   1.95e-10
   15 |     32.787 |    45   -4   - |    34.066515330 |    5841   15527 |   1.25e-10
   16 |     33.596 |    50   -3   + |    29.390313030 |   51280    5737 |   1.34e-10
  -> CHAINE COMPLETE : toutes les 16 cibles restantes atteintes.

--- depart l=52 : b1[52] = (t=26,k=-2,sg=-) = 15.960354072 | chaine atteint n_l = 16 etape(s) ---
etape |   cible x0 |     t    k  sg |               b |      N1      N2 |     erreur
    0 |   (depart) |    26   -2   - |    15.960354072 |                 |           
    1 |     20.797 |     8   -3   + |    29.285452495 |   64478   36739 |   6.32e-10
    2 |     21.788 |     5   -2   - |    16.084314086 |   25282   33233 |   3.85e-11
    3 |     25.115 |     1   -3   + |    28.970121569 |   27260   63857 |   1.47e-10
    4 |     30.231 |    45   -4   - |    34.066515330 |   35831   11779 |   2.26e-11
    5 |     30.884 |    42   -3   + |    29.383937090 |   13628   28913 |   2.74e-11
    6 |     33.514 |    42   -4   - |    34.069104896 |    7268   54075 |   9.28e-11
    7 |     13.507 |    49   -1   + |    11.260161785 |    5720   52347 |   7.28e-10
    8 |     13.583 |    41   -2   - |    15.940590028 |   59225   58352 |   3.16e-12
    9 |     21.147 |     8   -3   + |    29.285452495 |   51503   32948 |   1.19e-11
   10 |      21.76 |    10   -2   - |    16.019724162 |   10399   13633 |   3.27e-11
   11 |     24.287 |     8   -3   + |    29.285452495 |   24174   39983 |   1.35e-10
   12 |     25.066 |    19   -3   - |    25.041544537 |     373   64356 |   1.72e-10
   13 |     30.344 |     1   -4   + |    38.034841852 |   52420   36141 |   1.78e-10
   14 |     30.895 |     7   -3   - |    25.114911288 |   20319   25099 |   2.16e-10
   15 |     32.787 |     7   -4   + |    38.338130698 |   40361   55782 |   7.17e-10
   16 |     33.596 |     1   -3   - |    25.418200133 |   55165   31989 |   5.02e-11
  -> CHAINE COMPLETE : toutes les 16 cibles restantes atteintes.

--- depart l=53 : b1[53] = (t=27,k=-2,sg=+) = 20.300340720 | chaine atteint n_l = 16 etape(s) ---
etape |   cible x0 |     t    k  sg |               b |      N1      N2 |     erreur
    0 |   (depart) |    27   -2   + |    20.300340720 |                 |           
    1 |     20.797 |    44   -3   - |    25.002628762 |   35277    4166 |   1.32e-10
    2 |     21.788 |    47   -2   + |    20.323393289 |   18771   41200 |   4.54e-11
    3 |     25.115 |     2   -3   - |    25.276441279 |    1529   45381 |   6.24e-11
    4 |     30.231 |     7   -4   + |    38.338130698 |   55999   34223 |   2.98e-10
    5 |     30.884 |    10   -3   - |    25.084444446 |   17312   22251 |   2.76e-11
    6 |     33.514 |     5   -4   + |    38.304007616 |   32609   57386 |   2.22e-10
    7 |     13.507 |     8   -1   - |     6.973428639 |   13382   50789 |   1.34e-09
    8 |     13.583 |     5   -2   + |    20.174567049 |   62971   63143 |   5.60e-11
    9 |     21.147 |    47   -3   - |    25.000208129 |   48635   12274 |   1.91e-10
   10 |      21.76 |    42   -2   + |    20.319216806 |    8344   18765 |   4.49e-11
   11 |     24.287 |    43   -3   - |    25.003491381 |   10173   56336 |   2.80e-10
   12 |     25.066 |     8   -3   + |    29.285452495 |   17483     259 |   8.79e-11
   13 |     30.344 |    45   -4   - |    34.066515330 |   38602   10977 |   1.27e-11
   14 |     30.895 |    44   -3   + |    29.385692940 |    6051   12715 |   1.95e-10
   15 |     32.787 |    45   -4   - |    34.066515330 |    5841   15527 |   1.25e-10
   16 |     33.596 |    50   -3   + |    29.390313030 |   51280    5737 |   1.34e-10
  -> CHAINE COMPLETE : toutes les 16 cibles restantes atteintes.

--- depart l=54 : b1[54] = (t=27,k=-2,sg=-) = 15.958540415 | chaine atteint n_l = 16 etape(s) ---
etape |   cible x0 |     t    k  sg |               b |      N1      N2 |     erreur
    0 |   (depart) |    27   -2   - |    15.958540415 |                 |           
    1 |     20.797 |     1   -3   + |    28.970121569 |   62198   36821 |   4.37e-11
    2 |     21.788 |     6   -2   - |    16.065120811 |   38022   47717 |   2.34e-10
    3 |     25.115 |     1   -3   + |    28.970121569 |   27327   64150 |   2.80e-10
    4 |     30.231 |    45   -4   - |    34.066515330 |   35831   11779 |   2.26e-11
    5 |     30.884 |    42   -3   + |    29.383937090 |   13628   28913 |   2.74e-11
    6 |     33.514 |    42   -4   - |    34.069104896 |    7268   54075 |   9.28e-11
    7 |     13.507 |    49   -1   + |    11.260161785 |    5720   52347 |   7.28e-10
    8 |     13.583 |    41   -2   - |    15.940590028 |   59225   58352 |   3.16e-12
    9 |     21.147 |     8   -3   + |    29.285452495 |   51503   32948 |   1.19e-11
   10 |      21.76 |    10   -2   - |    16.019724162 |   10399   13633 |   3.27e-11
   11 |     24.287 |     8   -3   + |    29.285452495 |   24174   39983 |   1.35e-10
   12 |     25.066 |    19   -3   - |    25.041544537 |     373   64356 |   1.72e-10
   13 |     30.344 |     1   -4   + |    38.034841852 |   52420   36141 |   1.78e-10
   14 |     30.895 |     7   -3   - |    25.114911288 |   20319   25099 |   2.16e-10
   15 |     32.787 |     7   -4   + |    38.338130698 |   40361   55782 |   7.17e-10
   16 |     33.596 |     1   -3   - |    25.418200133 |   55165   31989 |   5.02e-11
  -> CHAINE COMPLETE : toutes les 16 cibles restantes atteintes.

--- depart l=55 : b1[55] = (t=28,k=-2,sg=+) = 20.302056397 | chaine atteint n_l = 16 etape(s) ---
etape |   cible x0 |     t    k  sg |               b |      N1      N2 |     erreur
    0 |   (depart) |    28   -2   + |    20.302056397 |                 |           
    1 |     20.797 |    42   -3   - |    25.004384612 |   52016    6119 |   1.68e-10
    2 |     21.788 |    48   -2   + |    20.324149306 |   16333   35887 |   2.35e-12
    3 |     25.115 |    48   -4   - |    34.064172396 |   62323   33364 |   4.96e-11
    4 |     30.231 |    42   -3   + |    29.383937090 |    7267   32885 |   8.96e-11
    5 |     30.884 |    45   -4   - |    34.066515330 |   28913   13628 |   2.74e-11
    6 |     33.514 |    42   -3   + |    29.383937090 |   47728    6385 |   1.26e-10
    7 |     13.507 |     3   -1   - |     7.083538425 |   16826   41589 |   1.86e-10
    8 |     13.583 |     8   -2   + |    20.220732211 |   62647   61342 |   1.52e-11
    9 |     21.147 |    47   -3   - |    25.000208129 |   53817   12937 |   8.44e-11
   10 |      21.76 |    42   -2   + |    20.319216806 |    8344   18765 |   4.49e-11
   11 |     24.287 |    43   -3   - |    25.003491381 |   10173   56336 |   2.80e-10
   12 |     25.066 |     8   -3   + |    29.285452495 |   17483     259 |   8.79e-11
   13 |     30.344 |    45   -4   - |    34.066515330 |   38602   10977 |   1.27e-11
   14 |     30.895 |    44   -3   + |    29.385692940 |    6051   12715 |   1.95e-10
   15 |     32.787 |    45   -4   - |    34.066515330 |    5841   15527 |   1.25e-10
   16 |     33.596 |    50   -3   + |    29.390313030 |   51280    5737 |   1.34e-10
  -> CHAINE COMPLETE : toutes les 16 cibles restantes atteintes.

--- depart l=56 : b1[56] = (t=28,k=-2,sg=-) = 15.956824737 | chaine atteint n_l = 16 etape(s) ---
etape |   cible x0 |     t    k  sg |               b |      N1      N2 |     erreur
    0 |   (depart) |    28   -2   - |    15.956824737 |                 |           
    1 |     20.797 |     4   -3   + |    29.213318780 |   59512   34225 |   4.83e-11
    2 |     21.788 |     3   -2   - |    16.148258708 |   14627   19258 |   2.14e-10
    3 |     25.115 |     6   -3   + |    29.258480607 |   23339   50507 |   2.54e-10
    4 |     30.231 |    48   -4   - |    34.064172396 |   50049   12698 |   1.67e-11
    5 |     30.884 |    44   -3   + |    29.385692940 |   22243   47211 |   2.46e-11
    6 |     33.514 |    50   -4   - |    34.062728956 |    7778   58517 |   8.48e-11
    7 |     13.507 |    50   -1   + |    11.260872462 |    6839   62588 |   1.74e-11
    8 |     13.583 |    43   -2   - |    15.938771097 |   16315   16082 |   4.56e-11
    9 |     21.147 |     8   -3   + |    29.285452495 |   14537    9303 |   1.15e-10
   10 |      21.76 |    10   -2   - |    16.019724162 |   10399   13633 |   3.27e-11
   11 |     24.287 |     8   -3   + |    29.285452495 |   24174   39983 |   1.35e-10
   12 |     25.066 |    19   -3   - |    25.041544537 |     373   64356 |   1.72e-10
   13 |     30.344 |     1   -4   + |    38.034841852 |   52420   36141 |   1.78e-10
   14 |     30.895 |     7   -3   - |    25.114911288 |   20319   25099 |   2.16e-10
   15 |     32.787 |     7   -4   + |    38.338130698 |   40361   55782 |   7.17e-10
   16 |     33.596 |     1   -3   - |    25.418200133 |   55165   31989 |   5.02e-11
  -> CHAINE COMPLETE : toutes les 16 cibles restantes atteintes.

--- depart l=57 : b1[57] = (t=29,k=-2,sg=+) = 20.303682611 | chaine atteint n_l = 16 etape(s) ---
etape |   cible x0 |     t    k  sg |               b |      N1      N2 |     erreur
    0 |   (depart) |    29   -2   + |    20.303682611 |                 |           
    1 |     20.797 |    49   -3   - |    24.998719350 |   63113    7410 |   3.88e-10
    2 |     21.788 |    44   -2   + |    20.320972656 |   18946   41465 |   7.34e-11
    3 |     25.115 |    48   -4   - |    34.064172396 |   24135   12929 |   7.31e-10
    4 |     30.231 |    42   -3   + |    29.383937090 |    7267   32885 |   8.96e-11
    5 |     30.884 |    45   -4   - |    34.066515330 |   28913   13628 |   2.74e-11
    6 |     33.514 |    42   -3   + |    29.383937090 |   47728    6385 |   1.26e-10
    7 |     13.507 |     3   -1   - |     7.083538425 |   16826   41589 |   1.86e-10
    8 |     13.583 |     8   -2   + |    20.220732211 |   62647   61342 |   1.52e-11
    9 |     21.147 |    47   -3   - |    25.000208129 |   53817   12937 |   8.44e-11
   10 |      21.76 |    42   -2   + |    20.319216806 |    8344   18765 |   4.49e-11
   11 |     24.287 |    43   -3   - |    25.003491381 |   10173   56336 |   2.80e-10
   12 |     25.066 |     8   -3   + |    29.285452495 |   17483     259 |   8.79e-11
   13 |     30.344 |    45   -4   - |    34.066515330 |   38602   10977 |   1.27e-11
   14 |     30.895 |    44   -3   + |    29.385692940 |    6051   12715 |   1.95e-10
   15 |     32.787 |    45   -4   - |    34.066515330 |    5841   15527 |   1.25e-10
   16 |     33.596 |    50   -3   + |    29.390313030 |   51280    5737 |   1.34e-10
  -> CHAINE COMPLETE : toutes les 16 cibles restantes atteintes.

--- depart l=58 : b1[58] = (t=29,k=-2,sg=-) = 15.955198523 | chaine atteint n_l = 16 etape(s) ---
etape |   cible x0 |     t    k  sg |               b |      N1      N2 |     erreur
    0 |   (depart) |    29   -2   - |    15.955198523 |                 |           
    1 |     20.797 |     5   -3   + |    29.239287332 |   21403   12275 |   4.09e-11
    2 |     21.788 |     2   -2   - |    16.211720995 |   34204   45705 |   1.61e-10
    3 |     25.115 |     4   -3   + |    29.213318780 |   20328   44161 |   2.49e-10
    4 |     30.231 |    48   -4   - |    34.064172396 |   60107   15958 |   1.01e-10
    5 |     30.884 |    44   -3   + |    29.385692940 |   22243   47211 |   2.46e-11
    6 |     33.514 |    50   -4   - |    34.062728956 |    7778   58517 |   8.48e-11
    7 |     13.507 |    50   -1   + |    11.260872462 |    6839   62588 |   1.74e-11
    8 |     13.583 |    43   -2   - |    15.938771097 |   16315   16082 |   4.56e-11
    9 |     21.147 |     8   -3   + |    29.285452495 |   14537    9303 |   1.15e-10
   10 |      21.76 |    10   -2   - |    16.019724162 |   10399   13633 |   3.27e-11
   11 |     24.287 |     8   -3   + |    29.285452495 |   24174   39983 |   1.35e-10
   12 |     25.066 |    19   -3   - |    25.041544537 |     373   64356 |   1.72e-10
   13 |     30.344 |     1   -4   + |    38.034841852 |   52420   36141 |   1.78e-10
   14 |     30.895 |     7   -3   - |    25.114911288 |   20319   25099 |   2.16e-10
   15 |     32.787 |     7   -4   + |    38.338130698 |   40361   55782 |   7.17e-10
   16 |     33.596 |     1   -3   - |    25.418200133 |   55165   31989 |   5.02e-11
  -> CHAINE COMPLETE : toutes les 16 cibles restantes atteintes.

--- depart l=59 : b1[59] = (t=30,k=-2,sg=+) = 20.305226876 | chaine atteint n_l = 16 etape(s) ---
etape |   cible x0 |     t    k  sg |               b |      N1      N2 |     erreur
    0 |   (depart) |    30   -2   + |    20.305226876 |                 |           
    1 |     20.797 |    43   -3   - |    25.003491381 |   46173    5398 |   2.09e-11
    2 |     21.788 |    46   -2   + |    20.322612762 |   24293   53306 |   1.13e-10
    3 |     25.115 |    48   -4   - |    34.064172396 |   58023   31072 |   7.40e-12
    4 |     30.231 |    42   -3   + |    29.383937090 |    7267   32885 |   8.96e-11
    5 |     30.884 |    45   -4   - |    34.066515330 |   28913   13628 |   2.74e-11
    6 |     33.514 |    42   -3   + |    29.383937090 |   47728    6385 |   1.26e-10
    7 |     13.507 |     3   -1   - |     7.083538425 |   16826   41589 |   1.86e-10
    8 |     13.583 |     8   -2   + |    20.220732211 |   62647   61342 |   1.52e-11
    9 |     21.147 |    47   -3   - |    25.000208129 |   53817   12937 |   8.44e-11
   10 |      21.76 |    42   -2   + |    20.319216806 |    8344   18765 |   4.49e-11
   11 |     24.287 |    43   -3   - |    25.003491381 |   10173   56336 |   2.80e-10
   12 |     25.066 |     8   -3   + |    29.285452495 |   17483     259 |   8.79e-11
   13 |     30.344 |    45   -4   - |    34.066515330 |   38602   10977 |   1.27e-11
   14 |     30.895 |    44   -3   + |    29.385692940 |    6051   12715 |   1.95e-10
   15 |     32.787 |    45   -4   - |    34.066515330 |    5841   15527 |   1.25e-10
   16 |     33.596 |    50   -3   + |    29.390313030 |   51280    5737 |   1.34e-10
  -> CHAINE COMPLETE : toutes les 16 cibles restantes atteintes.

--- depart l=60 : b1[60] = (t=30,k=-2,sg=-) = 15.953654259 | chaine atteint n_l = 16 etape(s) ---
etape |   cible x0 |     t    k  sg |               b |      N1      N2 |     erreur
    0 |   (depart) |    30   -2   - |    15.953654259 |                 |           
    1 |     20.797 |     7   -3   + |    29.273410414 |   61051   34884 |   4.95e-10
    2 |     21.788 |     8   -2   - |    16.038148923 |   48313   62896 |   1.28e-11
    3 |     25.115 |     8   -3   + |    29.285452495 |   15221   33128 |   3.76e-10
    4 |     30.231 |    49   -4   - |    34.063439633 |   29592    7301 |   6.03e-12
    5 |     30.884 |    46   -3   + |    29.387333046 |   15883   33741 |   5.50e-11
    6 |     33.514 |    45   -4   - |    34.066515330 |    8369   62507 |   2.34e-10
    7 |     13.507 |    41   -1   + |    11.253570823 |    4189   38219 |   4.15e-10
    8 |     13.583 |    47   -2   - |    15.935487846 |   65396   64755 |   5.90e-11
    9 |     21.147 |     2   -3   + |    29.111880423 |   60595   39648 |   2.85e-10
   10 |      21.76 |     8   -2   - |    16.038148923 |   13153   16900 |   2.92e-10
   11 |     24.287 |     1   -3   + |    28.970121569 |   31425   55352 |   3.34e-10
   12 |     25.066 |    17   -3   - |    25.048031726 |     201   43673 |   5.95e-11
   13 |     30.344 |     7   -4   + |    38.338130698 |   53689   35568 |   1.17e-10
   14 |     30.895 |    10   -3   - |    25.084444446 |   16461   21086 |   5.22e-11
   15 |     32.787 |     6   -4   + |    38.323200891 |   15852   22055 |   6.84e-11
   16 |     33.596 |     1   -3   - |    25.418200133 |   40306   23299 |   2.41e-10
  -> CHAINE COMPLETE : toutes les 16 cibles restantes atteintes.

--- depart l=61 : b1[61] = (t=31,k=-2,sg=+) = 20.306695850 | chaine atteint n_l = 16 etape(s) ---
etape |   cible x0 |     t    k  sg |               b |      N1      N2 |     erreur
    0 |   (depart) |    31   -2   + |    20.306695850 |                 |           
    1 |     20.797 |    43   -3   - |    25.003491381 |   62655    7303 |   3.50e-10
    2 |     21.788 |    46   -2   + |    20.322612762 |   24293   53306 |   1.13e-10
    3 |     25.115 |    48   -4   - |    34.064172396 |   58023   31072 |   7.40e-12
    4 |     30.231 |    42   -3   + |    29.383937090 |    7267   32885 |   8.96e-11
    5 |     30.884 |    45   -4   - |    34.066515330 |   28913   13628 |   2.74e-11
    6 |     33.514 |    42   -3   + |    29.383937090 |   47728    6385 |   1.26e-10
    7 |     13.507 |     3   -1   - |     7.083538425 |   16826   41589 |   1.86e-10
    8 |     13.583 |     8   -2   + |    20.220732211 |   62647   61342 |   1.52e-11
    9 |     21.147 |    47   -3   - |    25.000208129 |   53817   12937 |   8.44e-11
   10 |      21.76 |    42   -2   + |    20.319216806 |    8344   18765 |   4.49e-11
   11 |     24.287 |    43   -3   - |    25.003491381 |   10173   56336 |   2.80e-10
   12 |     25.066 |     8   -3   + |    29.285452495 |   17483     259 |   8.79e-11
   13 |     30.344 |    45   -4   - |    34.066515330 |   38602   10977 |   1.27e-11
   14 |     30.895 |    44   -3   + |    29.385692940 |    6051   12715 |   1.95e-10
   15 |     32.787 |    45   -4   - |    34.066515330 |    5841   15527 |   1.25e-10
   16 |     33.596 |    50   -3   + |    29.390313030 |   51280    5737 |   1.34e-10
  -> CHAINE COMPLETE : toutes les 16 cibles restantes atteintes.

--- depart l=62 : b1[62] = (t=31,k=-2,sg=-) = 15.952185285 | chaine atteint n_l = 16 etape(s) ---
etape |   cible x0 |     t    k  sg |               b |      N1      N2 |     erreur
    0 |   (depart) |    31   -2   - |    15.952185285 |                 |           
    1 |     20.797 |     5   -3   + |    29.239287332 |   33523   19238 |   1.02e-11
    2 |     21.788 |     2   -2   - |    16.211720995 |   34204   45705 |   1.61e-10
    3 |     25.115 |     4   -3   + |    29.213318780 |   20328   44161 |   2.49e-10
    4 |     30.231 |    48   -4   - |    34.064172396 |   60107   15958 |   1.01e-10
    5 |     30.884 |    44   -3   + |    29.385692940 |   22243   47211 |   2.46e-11
    6 |     33.514 |    50   -4   - |    34.062728956 |    7778   58517 |   8.48e-11
    7 |     13.507 |    50   -1   + |    11.260872462 |    6839   62588 |   1.74e-11
    8 |     13.583 |    43   -2   - |    15.938771097 |   16315   16082 |   4.56e-11
    9 |     21.147 |     8   -3   + |    29.285452495 |   14537    9303 |   1.15e-10
   10 |      21.76 |    10   -2   - |    16.019724162 |   10399   13633 |   3.27e-11
   11 |     24.287 |     8   -3   + |    29.285452495 |   24174   39983 |   1.35e-10
   12 |     25.066 |    19   -3   - |    25.041544537 |     373   64356 |   1.72e-10
   13 |     30.344 |     1   -4   + |    38.034841852 |   52420   36141 |   1.78e-10
   14 |     30.895 |     7   -3   - |    25.114911288 |   20319   25099 |   2.16e-10
   15 |     32.787 |     7   -4   + |    38.338130698 |   40361   55782 |   7.17e-10
   16 |     33.596 |     1   -3   - |    25.418200133 |   55165   31989 |   5.02e-11
  -> CHAINE COMPLETE : toutes les 16 cibles restantes atteintes.

--- depart l=63 : b1[63] = (t=32,k=-2,sg=+) = 20.308095459 | chaine atteint n_l = 16 etape(s) ---
etape |   cible x0 |     t    k  sg |               b |      N1      N2 |     erreur
    0 |   (depart) |    32   -2   + |    20.308095459 |                 |           
    1 |     20.797 |    46   -3   - |    25.000988656 |   41300    4803 |   1.85e-10
    2 |     21.788 |    50   -2   + |    20.325592746 |   28180   61913 |   7.18e-11
    3 |     25.115 |     5   -3   - |    25.149034370 |     375   52771 |   7.90e-12
    4 |     30.231 |     2   -4   + |    38.176600707 |   41273   26398 |   2.11e-11
    5 |     30.884 |     7   -3   - |    25.114911288 |   44827   56665 |   2.05e-10
    6 |     33.514 |     3   -4   + |    38.240062994 |   13123   23322 |   7.80e-10
    7 |     13.507 |     4   -1   - |     7.045562355 |   16463   63017 |   1.85e-10
    8 |     13.583 |     8   -2   + |    20.220732211 |   21774   21445 |   2.02e-10
    9 |     21.147 |    47   -3   - |    25.000208129 |   53817   12937 |   8.44e-11
   10 |      21.76 |    42   -2   + |    20.319216806 |    8344   18765 |   4.49e-11
   11 |     24.287 |    43   -3   - |    25.003491381 |   10173   56336 |   2.80e-10
   12 |     25.066 |     8   -3   + |    29.285452495 |   17483     259 |   8.79e-11
   13 |     30.344 |    45   -4   - |    34.066515330 |   38602   10977 |   1.27e-11
   14 |     30.895 |    44   -3   + |    29.385692940 |    6051   12715 |   1.95e-10
   15 |     32.787 |    45   -4   - |    34.066515330 |    5841   15527 |   1.25e-10
   16 |     33.596 |    50   -3   + |    29.390313030 |   51280    5737 |   1.34e-10
  -> CHAINE COMPLETE : toutes les 16 cibles restantes atteintes.

--- depart l=64 : b1[64] = (t=32,k=-2,sg=-) = 15.950785675 | chaine atteint n_l = 16 etape(s) ---
etape |   cible x0 |     t    k  sg |               b |      N1      N2 |     erreur
    0 |   (depart) |    32   -2   - |    15.950785675 |                 |           
    1 |     20.797 |     1   -3   + |    28.970121569 |   32234   19113 |   1.55e-10
    2 |     21.788 |     6   -2   - |    16.065120811 |   38022   47717 |   2.34e-10
    3 |     25.115 |     1   -3   + |    28.970121569 |   27327   64150 |   2.80e-10
    4 |     30.231 |    45   -4   - |    34.066515330 |   35831   11779 |   2.26e-11
    5 |     30.884 |    42   -3   + |    29.383937090 |   13628   28913 |   2.74e-11
    6 |     33.514 |    42   -4   - |    34.069104896 |    7268   54075 |   9.28e-11
    7 |     13.507 |    49   -1   + |    11.260161785 |    5720   52347 |   7.28e-10
    8 |     13.583 |    41   -2   - |    15.940590028 |   59225   58352 |   3.16e-12
    9 |     21.147 |     8   -3   + |    29.285452495 |   51503   32948 |   1.19e-11
   10 |      21.76 |    10   -2   - |    16.019724162 |   10399   13633 |   3.27e-11
   11 |     24.287 |     8   -3   + |    29.285452495 |   24174   39983 |   1.35e-10
   12 |     25.066 |    19   -3   - |    25.041544537 |     373   64356 |   1.72e-10
   13 |     30.344 |     1   -4   + |    38.034841852 |   52420   36141 |   1.78e-10
   14 |     30.895 |     7   -3   - |    25.114911288 |   20319   25099 |   2.16e-10
   15 |     32.787 |     7   -4   + |    38.338130698 |   40361   55782 |   7.17e-10
   16 |     33.596 |     1   -3   - |    25.418200133 |   55165   31989 |   5.02e-11
  -> CHAINE COMPLETE : toutes les 16 cibles restantes atteintes.

--- depart l=65 : b1[65] = (t=33,k=-2,sg=+) = 20.309430997 | chaine atteint n_l = 16 etape(s) ---
etape |   cible x0 |     t    k  sg |               b |      N1      N2 |     erreur
    0 |   (depart) |    33   -2   + |    20.309430997 |                 |           
    1 |     20.797 |    41   -3   - |    25.005310311 |   45521    5274 |   1.61e-11
    2 |     21.788 |    50   -2   + |    20.325592746 |   20379   44834 |   5.59e-11
    3 |     25.115 |     5   -3   - |    25.149034370 |     375   52771 |   7.90e-12
    4 |     30.231 |     2   -4   + |    38.176600707 |   41273   26398 |   2.11e-11
    5 |     30.884 |     7   -3   - |    25.114911288 |   44827   56665 |   2.05e-10
    6 |     33.514 |     3   -4   + |    38.240062994 |   13123   23322 |   7.80e-10
    7 |     13.507 |     4   -1   - |     7.045562355 |   16463   63017 |   1.85e-10
    8 |     13.583 |     8   -2   + |    20.220732211 |   21774   21445 |   2.02e-10
    9 |     21.147 |    47   -3   - |    25.000208129 |   53817   12937 |   8.44e-11
   10 |      21.76 |    42   -2   + |    20.319216806 |    8344   18765 |   4.49e-11
   11 |     24.287 |    43   -3   - |    25.003491381 |   10173   56336 |   2.80e-10
   12 |     25.066 |     8   -3   + |    29.285452495 |   17483     259 |   8.79e-11
   13 |     30.344 |    45   -4   - |    34.066515330 |   38602   10977 |   1.27e-11
   14 |     30.895 |    44   -3   + |    29.385692940 |    6051   12715 |   1.95e-10
   15 |     32.787 |    45   -4   - |    34.066515330 |    5841   15527 |   1.25e-10
   16 |     33.596 |    50   -3   + |    29.390313030 |   51280    5737 |   1.34e-10
  -> CHAINE COMPLETE : toutes les 16 cibles restantes atteintes.

--- depart l=66 : b1[66] = (t=33,k=-2,sg=-) = 15.949450138 | chaine atteint n_l = 16 etape(s) ---
etape |   cible x0 |     t    k  sg |               b |      N1      N2 |     erreur
    0 |   (depart) |    33   -2   - |    15.949450138 |                 |           
    1 |     20.797 |     5   -3   + |    29.239287332 |   40587   23305 |   1.77e-10
    2 |     21.788 |     2   -2   - |    16.211720995 |   34204   45705 |   1.61e-10
    3 |     25.115 |     4   -3   + |    29.213318780 |   20328   44161 |   2.49e-10
    4 |     30.231 |    48   -4   - |    34.064172396 |   60107   15958 |   1.01e-10
    5 |     30.884 |    44   -3   + |    29.385692940 |   22243   47211 |   2.46e-11
    6 |     33.514 |    50   -4   - |    34.062728956 |    7778   58517 |   8.48e-11
    7 |     13.507 |    50   -1   + |    11.260872462 |    6839   62588 |   1.74e-11
    8 |     13.583 |    43   -2   - |    15.938771097 |   16315   16082 |   4.56e-11
    9 |     21.147 |     8   -3   + |    29.285452495 |   14537    9303 |   1.15e-10
   10 |      21.76 |    10   -2   - |    16.019724162 |   10399   13633 |   3.27e-11
   11 |     24.287 |     8   -3   + |    29.285452495 |   24174   39983 |   1.35e-10
   12 |     25.066 |    19   -3   - |    25.041544537 |     373   64356 |   1.72e-10
   13 |     30.344 |     1   -4   + |    38.034841852 |   52420   36141 |   1.78e-10
   14 |     30.895 |     7   -3   - |    25.114911288 |   20319   25099 |   2.16e-10
   15 |     32.787 |     7   -4   + |    38.338130698 |   40361   55782 |   7.17e-10
   16 |     33.596 |     1   -3   - |    25.418200133 |   55165   31989 |   5.02e-11
  -> CHAINE COMPLETE : toutes les 16 cibles restantes atteintes.

--- depart l=67 : b1[67] = (t=34,k=-2,sg=+) = 20.310707207 | chaine atteint n_l = 16 etape(s) ---
etape |   cible x0 |     t    k  sg |               b |      N1      N2 |     erreur
    0 |   (depart) |    34   -2   + |    20.310707207 |                 |           
    1 |     20.797 |    43   -3   - |    25.003491381 |   32239    3727 |   2.13e-10
    2 |     21.788 |    46   -2   + |    20.322612762 |   24293   53306 |   1.13e-10
    3 |     25.115 |    48   -4   - |    34.064172396 |   58023   31072 |   7.40e-12
    4 |     30.231 |    42   -3   + |    29.383937090 |    7267   32885 |   8.96e-11
    5 |     30.884 |    45   -4   - |    34.066515330 |   28913   13628 |   2.74e-11
    6 |     33.514 |    42   -3   + |    29.383937090 |   47728    6385 |   1.26e-10
    7 |     13.507 |     3   -1   - |     7.083538425 |   16826   41589 |   1.86e-10
    8 |     13.583 |     8   -2   + |    20.220732211 |   62647   61342 |   1.52e-11
    9 |     21.147 |    47   -3   - |    25.000208129 |   53817   12937 |   8.44e-11
   10 |      21.76 |    42   -2   + |    20.319216806 |    8344   18765 |   4.49e-11
   11 |     24.287 |    43   -3   - |    25.003491381 |   10173   56336 |   2.80e-10
   12 |     25.066 |     8   -3   + |    29.285452495 |   17483     259 |   8.79e-11
   13 |     30.344 |    45   -4   - |    34.066515330 |   38602   10977 |   1.27e-11
   14 |     30.895 |    44   -3   + |    29.385692940 |    6051   12715 |   1.95e-10
   15 |     32.787 |    45   -4   - |    34.066515330 |    5841   15527 |   1.25e-10
   16 |     33.596 |    50   -3   + |    29.390313030 |   51280    5737 |   1.34e-10
  -> CHAINE COMPLETE : toutes les 16 cibles restantes atteintes.

--- depart l=68 : b1[68] = (t=34,k=-2,sg=-) = 15.948173928 | chaine atteint n_l = 16 etape(s) ---
etape |   cible x0 |     t    k  sg |               b |      N1      N2 |     erreur
    0 |   (depart) |    34   -2   - |    15.948173928 |                 |           
    1 |     20.797 |     5   -3   + |    29.239287332 |   25723   14774 |   4.17e-11
    2 |     21.788 |     2   -2   - |    16.211720995 |   34204   45705 |   1.61e-10
    3 |     25.115 |     4   -3   + |    29.213318780 |   20328   44161 |   2.49e-10
    4 |     30.231 |    48   -4   - |    34.064172396 |   60107   15958 |   1.01e-10
    5 |     30.884 |    44   -3   + |    29.385692940 |   22243   47211 |   2.46e-11
    6 |     33.514 |    50   -4   - |    34.062728956 |    7778   58517 |   8.48e-11
    7 |     13.507 |    50   -1   + |    11.260872462 |    6839   62588 |   1.74e-11
    8 |     13.583 |    43   -2   - |    15.938771097 |   16315   16082 |   4.56e-11
    9 |     21.147 |     8   -3   + |    29.285452495 |   14537    9303 |   1.15e-10
   10 |      21.76 |    10   -2   - |    16.019724162 |   10399   13633 |   3.27e-11
   11 |     24.287 |     8   -3   + |    29.285452495 |   24174   39983 |   1.35e-10
   12 |     25.066 |    19   -3   - |    25.041544537 |     373   64356 |   1.72e-10
   13 |     30.344 |     1   -4   + |    38.034841852 |   52420   36141 |   1.78e-10
   14 |     30.895 |     7   -3   - |    25.114911288 |   20319   25099 |   2.16e-10
   15 |     32.787 |     7   -4   + |    38.338130698 |   40361   55782 |   7.17e-10
   16 |     33.596 |     1   -3   - |    25.418200133 |   55165   31989 |   5.02e-11
  -> CHAINE COMPLETE : toutes les 16 cibles restantes atteintes.

--- depart l=69 : b1[69] = (t=35,k=-2,sg=+) = 20.311928354 | chaine atteint n_l = 16 etape(s) ---
etape |   cible x0 |     t    k  sg |               b |      N1      N2 |     erreur
    0 |   (depart) |    35   -2   + |    20.311928354 |                 |           
    1 |     20.797 |    43   -3   - |    25.003491381 |   55266    6373 |   7.01e-11
    2 |     21.788 |    46   -2   + |    20.322612762 |   24293   53306 |   1.13e-10
    3 |     25.115 |    48   -4   - |    34.064172396 |   58023   31072 |   7.40e-12
    4 |     30.231 |    42   -3   + |    29.383937090 |    7267   32885 |   8.96e-11
    5 |     30.884 |    45   -4   - |    34.066515330 |   28913   13628 |   2.74e-11
    6 |     33.514 |    42   -3   + |    29.383937090 |   47728    6385 |   1.26e-10
    7 |     13.507 |     3   -1   - |     7.083538425 |   16826   41589 |   1.86e-10
    8 |     13.583 |     8   -2   + |    20.220732211 |   62647   61342 |   1.52e-11
    9 |     21.147 |    47   -3   - |    25.000208129 |   53817   12937 |   8.44e-11
   10 |      21.76 |    42   -2   + |    20.319216806 |    8344   18765 |   4.49e-11
   11 |     24.287 |    43   -3   - |    25.003491381 |   10173   56336 |   2.80e-10
   12 |     25.066 |     8   -3   + |    29.285452495 |   17483     259 |   8.79e-11
   13 |     30.344 |    45   -4   - |    34.066515330 |   38602   10977 |   1.27e-11
   14 |     30.895 |    44   -3   + |    29.385692940 |    6051   12715 |   1.95e-10
   15 |     32.787 |    45   -4   - |    34.066515330 |    5841   15527 |   1.25e-10
   16 |     33.596 |    50   -3   + |    29.390313030 |   51280    5737 |   1.34e-10
  -> CHAINE COMPLETE : toutes les 16 cibles restantes atteintes.

--- depart l=70 : b1[70] = (t=35,k=-2,sg=-) = 15.946952780 | chaine atteint n_l = 16 etape(s) ---
etape |   cible x0 |     t    k  sg |               b |      N1      N2 |     erreur
    0 |   (depart) |    35   -2   - |    15.946952780 |                 |           
    1 |     20.797 |     2   -3   + |    29.111880423 |   53177   31018 |   3.48e-10
    2 |     21.788 |     9   -2   - |    16.028169558 |   42656   54239 |   1.03e-10
    3 |     25.115 |     6   -3   + |    29.258480607 |   21503   47157 |   1.70e-11
    4 |     30.231 |    48   -4   - |    34.064172396 |   50049   12698 |   1.67e-11
    5 |     30.884 |    44   -3   + |    29.385692940 |   22243   47211 |   2.46e-11
    6 |     33.514 |    50   -4   - |    34.062728956 |    7778   58517 |   8.48e-11
    7 |     13.507 |    50   -1   + |    11.260872462 |    6839   62588 |   1.74e-11
    8 |     13.583 |    43   -2   - |    15.938771097 |   16315   16082 |   4.56e-11
    9 |     21.147 |     8   -3   + |    29.285452495 |   14537    9303 |   1.15e-10
   10 |      21.76 |    10   -2   - |    16.019724162 |   10399   13633 |   3.27e-11
   11 |     24.287 |     8   -3   + |    29.285452495 |   24174   39983 |   1.35e-10
   12 |     25.066 |    19   -3   - |    25.041544537 |     373   64356 |   1.72e-10
   13 |     30.344 |     1   -4   + |    38.034841852 |   52420   36141 |   1.78e-10
   14 |     30.895 |     7   -3   - |    25.114911288 |   20319   25099 |   2.16e-10
   15 |     32.787 |     7   -4   + |    38.338130698 |   40361   55782 |   7.17e-10
   16 |     33.596 |     1   -3   - |    25.418200133 |   55165   31989 |   5.02e-11
  -> CHAINE COMPLETE : toutes les 16 cibles restantes atteintes.

--- depart l=71 : b1[71] = (t=36,k=-2,sg=+) = 20.313098289 | chaine atteint n_l = 16 etape(s) ---
etape |   cible x0 |     t    k  sg |               b |      N1      N2 |     erreur
    0 |   (depart) |    36   -2   + |    20.313098289 |                 |           
    1 |     20.797 |    43   -3   - |    25.003491381 |   20463    2354 |   9.35e-11
    2 |     21.788 |    46   -2   + |    20.322612762 |   24293   53306 |   1.13e-10
    3 |     25.115 |    48   -4   - |    34.064172396 |   58023   31072 |   7.40e-12
    4 |     30.231 |    42   -3   + |    29.383937090 |    7267   32885 |   8.96e-11
    5 |     30.884 |    45   -4   - |    34.066515330 |   28913   13628 |   2.74e-11
    6 |     33.514 |    42   -3   + |    29.383937090 |   47728    6385 |   1.26e-10
    7 |     13.507 |     3   -1   - |     7.083538425 |   16826   41589 |   1.86e-10
    8 |     13.583 |     8   -2   + |    20.220732211 |   62647   61342 |   1.52e-11
    9 |     21.147 |    47   -3   - |    25.000208129 |   53817   12937 |   8.44e-11
   10 |      21.76 |    42   -2   + |    20.319216806 |    8344   18765 |   4.49e-11
   11 |     24.287 |    43   -3   - |    25.003491381 |   10173   56336 |   2.80e-10
   12 |     25.066 |     8   -3   + |    29.285452495 |   17483     259 |   8.79e-11
   13 |     30.344 |    45   -4   - |    34.066515330 |   38602   10977 |   1.27e-11
   14 |     30.895 |    44   -3   + |    29.385692940 |    6051   12715 |   1.95e-10
   15 |     32.787 |    45   -4   - |    34.066515330 |    5841   15527 |   1.25e-10
   16 |     33.596 |    50   -3   + |    29.390313030 |   51280    5737 |   1.34e-10
  -> CHAINE COMPLETE : toutes les 16 cibles restantes atteintes.

--- depart l=72 : b1[72] = (t=36,k=-2,sg=-) = 15.945782846 | chaine atteint n_l = 16 etape(s) ---
etape |   cible x0 |     t    k  sg |               b |      N1      N2 |     erreur
    0 |   (depart) |    36   -2   - |    15.945782846 |                 |           
    1 |     20.797 |     1   -3   + |    28.970121569 |   12821    7610 |   2.20e-12
    2 |     21.788 |     6   -2   - |    16.065120811 |   38022   47717 |   2.34e-10
    3 |     25.115 |     1   -3   + |    28.970121569 |   27327   64150 |   2.80e-10
    4 |     30.231 |    45   -4   - |    34.066515330 |   35831   11779 |   2.26e-11
    5 |     30.884 |    42   -3   + |    29.383937090 |   13628   28913 |   2.74e-11
    6 |     33.514 |    42   -4   - |    34.069104896 |    7268   54075 |   9.28e-11
    7 |     13.507 |    49   -1   + |    11.260161785 |    5720   52347 |   7.28e-10
    8 |     13.583 |    41   -2   - |    15.940590028 |   59225   58352 |   3.16e-12
    9 |     21.147 |     8   -3   + |    29.285452495 |   51503   32948 |   1.19e-11
   10 |      21.76 |    10   -2   - |    16.019724162 |   10399   13633 |   3.27e-11
   11 |     24.287 |     8   -3   + |    29.285452495 |   24174   39983 |   1.35e-10
   12 |     25.066 |    19   -3   - |    25.041544537 |     373   64356 |   1.72e-10
   13 |     30.344 |     1   -4   + |    38.034841852 |   52420   36141 |   1.78e-10
   14 |     30.895 |     7   -3   - |    25.114911288 |   20319   25099 |   2.16e-10
   15 |     32.787 |     7   -4   + |    38.338130698 |   40361   55782 |   7.17e-10
   16 |     33.596 |     1   -3   - |    25.418200133 |   55165   31989 |   5.02e-11
  -> CHAINE COMPLETE : toutes les 16 cibles restantes atteintes.

--- depart l=73 : b1[73] = (t=37,k=-2,sg=+) = 20.314220493 | chaine atteint n_l = 16 etape(s) ---
etape |   cible x0 |     t    k  sg |               b |      N1      N2 |     erreur
    0 |   (depart) |    37   -2   + |    20.314220493 |                 |           
    1 |     20.797 |    47   -3   - |    25.000208129 |   60970    7003 |   3.45e-11
    2 |     21.788 |    50   -2   + |    20.325592746 |    2127    4672 |   1.43e-11
    3 |     25.115 |     5   -3   - |    25.149034370 |     375   52771 |   7.90e-12
    4 |     30.231 |     2   -4   + |    38.176600707 |   41273   26398 |   2.11e-11
    5 |     30.884 |     7   -3   - |    25.114911288 |   44827   56665 |   2.05e-10
    6 |     33.514 |     3   -4   + |    38.240062994 |   13123   23322 |   7.80e-10
    7 |     13.507 |     4   -1   - |     7.045562355 |   16463   63017 |   1.85e-10
    8 |     13.583 |     8   -2   + |    20.220732211 |   21774   21445 |   2.02e-10
    9 |     21.147 |    47   -3   - |    25.000208129 |   53817   12937 |   8.44e-11
   10 |      21.76 |    42   -2   + |    20.319216806 |    8344   18765 |   4.49e-11
   11 |     24.287 |    43   -3   - |    25.003491381 |   10173   56336 |   2.80e-10
   12 |     25.066 |     8   -3   + |    29.285452495 |   17483     259 |   8.79e-11
   13 |     30.344 |    45   -4   - |    34.066515330 |   38602   10977 |   1.27e-11
   14 |     30.895 |    44   -3   + |    29.385692940 |    6051   12715 |   1.95e-10
   15 |     32.787 |    45   -4   - |    34.066515330 |    5841   15527 |   1.25e-10
   16 |     33.596 |    50   -3   + |    29.390313030 |   51280    5737 |   1.34e-10
  -> CHAINE COMPLETE : toutes les 16 cibles restantes atteintes.

--- depart l=74 : b1[74] = (t=37,k=-2,sg=-) = 15.944660641 | chaine atteint n_l = 16 etape(s) ---
etape |   cible x0 |     t    k  sg |               b |      N1      N2 |     erreur
    0 |   (depart) |    37   -2   - |    15.944660641 |                 |           
    1 |     20.797 |     8   -3   + |    29.285452495 |   29048   16605 |   1.14e-10
    2 |     21.788 |     5   -2   - |    16.084314086 |   25282   33233 |   3.85e-11
    3 |     25.115 |     1   -3   + |    28.970121569 |   27260   63857 |   1.47e-10
    4 |     30.231 |    45   -4   - |    34.066515330 |   35831   11779 |   2.26e-11
    5 |     30.884 |    42   -3   + |    29.383937090 |   13628   28913 |   2.74e-11
    6 |     33.514 |    42   -4   - |    34.069104896 |    7268   54075 |   9.28e-11
    7 |     13.507 |    49   -1   + |    11.260161785 |    5720   52347 |   7.28e-10
    8 |     13.583 |    41   -2   - |    15.940590028 |   59225   58352 |   3.16e-12
    9 |     21.147 |     8   -3   + |    29.285452495 |   51503   32948 |   1.19e-11
   10 |      21.76 |    10   -2   - |    16.019724162 |   10399   13633 |   3.27e-11
   11 |     24.287 |     8   -3   + |    29.285452495 |   24174   39983 |   1.35e-10
   12 |     25.066 |    19   -3   - |    25.041544537 |     373   64356 |   1.72e-10
   13 |     30.344 |     1   -4   + |    38.034841852 |   52420   36141 |   1.78e-10
   14 |     30.895 |     7   -3   - |    25.114911288 |   20319   25099 |   2.16e-10
   15 |     32.787 |     7   -4   + |    38.338130698 |   40361   55782 |   7.17e-10
   16 |     33.596 |     1   -3   - |    25.418200133 |   55165   31989 |   5.02e-11
  -> CHAINE COMPLETE : toutes les 16 cibles restantes atteintes.

--- depart l=75 : b1[75] = (t=38,k=-2,sg=+) = 20.315298126 | chaine atteint n_l = 16 etape(s) ---
etape |   cible x0 |     t    k  sg |               b |      N1      N2 |     erreur
    0 |   (depart) |    38   -2   + |    20.315298126 |                 |           
    1 |     20.797 |    47   -3   - |    25.000208129 |   39484    4525 |   1.57e-10
    2 |     21.788 |    50   -2   + |    20.325592746 |    2127    4672 |   1.43e-11
    3 |     25.115 |     5   -3   - |    25.149034370 |     375   52771 |   7.90e-12
    4 |     30.231 |     2   -4   + |    38.176600707 |   41273   26398 |   2.11e-11
    5 |     30.884 |     7   -3   - |    25.114911288 |   44827   56665 |   2.05e-10
    6 |     33.514 |     3   -4   + |    38.240062994 |   13123   23322 |   7.80e-10
    7 |     13.507 |     4   -1   - |     7.045562355 |   16463   63017 |   1.85e-10
    8 |     13.583 |     8   -2   + |    20.220732211 |   21774   21445 |   2.02e-10
    9 |     21.147 |    47   -3   - |    25.000208129 |   53817   12937 |   8.44e-11
   10 |      21.76 |    42   -2   + |    20.319216806 |    8344   18765 |   4.49e-11
   11 |     24.287 |    43   -3   - |    25.003491381 |   10173   56336 |   2.80e-10
   12 |     25.066 |     8   -3   + |    29.285452495 |   17483     259 |   8.79e-11
   13 |     30.344 |    45   -4   - |    34.066515330 |   38602   10977 |   1.27e-11
   14 |     30.895 |    44   -3   + |    29.385692940 |    6051   12715 |   1.95e-10
   15 |     32.787 |    45   -4   - |    34.066515330 |    5841   15527 |   1.25e-10
   16 |     33.596 |    50   -3   + |    29.390313030 |   51280    5737 |   1.34e-10
  -> CHAINE COMPLETE : toutes les 16 cibles restantes atteintes.

--- depart l=76 : b1[76] = (t=38,k=-2,sg=-) = 15.943583008 | chaine atteint n_l = 16 etape(s) ---
etape |   cible x0 |     t    k  sg |               b |      N1      N2 |     erreur
    0 |   (depart) |    38   -2   - |    15.943583008 |                 |           
    1 |     20.797 |     7   -3   + |    29.273410414 |   17753   10165 |   1.36e-10
    2 |     21.788 |     8   -2   - |    16.038148923 |   48313   62896 |   1.28e-11
    3 |     25.115 |     8   -3   + |    29.285452495 |   15221   33128 |   3.76e-10
    4 |     30.231 |    49   -4   - |    34.063439633 |   29592    7301 |   6.03e-12
    5 |     30.884 |    46   -3   + |    29.387333046 |   15883   33741 |   5.50e-11
    6 |     33.514 |    45   -4   - |    34.066515330 |    8369   62507 |   2.34e-10
    7 |     13.507 |    41   -1   + |    11.253570823 |    4189   38219 |   4.15e-10
    8 |     13.583 |    47   -2   - |    15.935487846 |   65396   64755 |   5.90e-11
    9 |     21.147 |     2   -3   + |    29.111880423 |   60595   39648 |   2.85e-10
   10 |      21.76 |     8   -2   - |    16.038148923 |   13153   16900 |   2.92e-10
   11 |     24.287 |     1   -3   + |    28.970121569 |   31425   55352 |   3.34e-10
   12 |     25.066 |    17   -3   - |    25.048031726 |     201   43673 |   5.95e-11
   13 |     30.344 |     7   -4   + |    38.338130698 |   53689   35568 |   1.17e-10
   14 |     30.895 |    10   -3   - |    25.084444446 |   16461   21086 |   5.22e-11
   15 |     32.787 |     6   -4   + |    38.323200891 |   15852   22055 |   6.84e-11
   16 |     33.596 |     1   -3   - |    25.418200133 |   40306   23299 |   2.41e-10
  -> CHAINE COMPLETE : toutes les 16 cibles restantes atteintes.

--- depart l=77 : b1[77] = (t=39,k=-2,sg=+) = 20.316334063 | chaine atteint n_l = 16 etape(s) ---
etape |   cible x0 |     t    k  sg |               b |      N1      N2 |     erreur
    0 |   (depart) |    39   -2   + |    20.316334063 |                 |           
    1 |     20.797 |    44   -3   - |    25.002628762 |   31831    3638 |   1.13e-10
    2 |     21.788 |    47   -2   + |    20.323393289 |   18771   41200 |   4.54e-11
    3 |     25.115 |     2   -3   - |    25.276441279 |    1529   45381 |   6.24e-11
    4 |     30.231 |     7   -4   + |    38.338130698 |   55999   34223 |   2.98e-10
    5 |     30.884 |    10   -3   - |    25.084444446 |   17312   22251 |   2.76e-11
    6 |     33.514 |     5   -4   + |    38.304007616 |   32609   57386 |   2.22e-10
    7 |     13.507 |     8   -1   - |     6.973428639 |   13382   50789 |   1.34e-09
    8 |     13.583 |     5   -2   + |    20.174567049 |   62971   63143 |   5.60e-11
    9 |     21.147 |    47   -3   - |    25.000208129 |   48635   12274 |   1.91e-10
   10 |      21.76 |    42   -2   + |    20.319216806 |    8344   18765 |   4.49e-11
   11 |     24.287 |    43   -3   - |    25.003491381 |   10173   56336 |   2.80e-10
   12 |     25.066 |     8   -3   + |    29.285452495 |   17483     259 |   8.79e-11
   13 |     30.344 |    45   -4   - |    34.066515330 |   38602   10977 |   1.27e-11
   14 |     30.895 |    44   -3   + |    29.385692940 |    6051   12715 |   1.95e-10
   15 |     32.787 |    45   -4   - |    34.066515330 |    5841   15527 |   1.25e-10
   16 |     33.596 |    50   -3   + |    29.390313030 |   51280    5737 |   1.34e-10
  -> CHAINE COMPLETE : toutes les 16 cibles restantes atteintes.

--- depart l=78 : b1[78] = (t=39,k=-2,sg=-) = 15.942547072 | chaine atteint n_l = 16 etape(s) ---
etape |   cible x0 |     t    k  sg |               b |      N1      N2 |     erreur
    0 |   (depart) |    39   -2   - |    15.942547072 |                 |           
    1 |     20.797 |     3   -3   + |    29.175342710 |   52799   30592 |   2.47e-10
    2 |     21.788 |     8   -2   - |    16.038148923 |   31943   41040 |   8.58e-11
    3 |     25.115 |     8   -3   + |    29.285452495 |   15221   33128 |   3.76e-10
    4 |     30.231 |    49   -4   - |    34.063439633 |   29592    7301 |   6.03e-12
    5 |     30.884 |    46   -3   + |    29.387333046 |   15883   33741 |   5.50e-11
    6 |     33.514 |    45   -4   - |    34.066515330 |    8369   62507 |   2.34e-10
    7 |     13.507 |    41   -1   + |    11.253570823 |    4189   38219 |   4.15e-10
    8 |     13.583 |    47   -2   - |    15.935487846 |   65396   64755 |   5.90e-11
    9 |     21.147 |     2   -3   + |    29.111880423 |   60595   39648 |   2.85e-10
   10 |      21.76 |     8   -2   - |    16.038148923 |   13153   16900 |   2.92e-10
   11 |     24.287 |     1   -3   + |    28.970121569 |   31425   55352 |   3.34e-10
   12 |     25.066 |    17   -3   - |    25.048031726 |     201   43673 |   5.95e-11
   13 |     30.344 |     7   -4   + |    38.338130698 |   53689   35568 |   1.17e-10
   14 |     30.895 |    10   -3   - |    25.084444446 |   16461   21086 |   5.22e-11
   15 |     32.787 |     6   -4   + |    38.323200891 |   15852   22055 |   6.84e-11
   16 |     33.596 |     1   -3   - |    25.418200133 |   40306   23299 |   2.41e-10
  -> CHAINE COMPLETE : toutes les 16 cibles restantes atteintes.

--- depart l=79 : b1[79] = (t=40,k=-2,sg=+) = 20.317330924 | chaine atteint n_l = 16 etape(s) ---
etape |   cible x0 |     t    k  sg |               b |      N1      N2 |     erreur
    0 |   (depart) |    40   -2   + |    20.317330924 |                 |           
    1 |     20.797 |    44   -3   - |    25.002628762 |   34659    3953 |   1.85e-10
    2 |     21.788 |    47   -2   + |    20.323393289 |   18771   41200 |   4.54e-11
    3 |     25.115 |     2   -3   - |    25.276441279 |    1529   45381 |   6.24e-11
    4 |     30.231 |     7   -4   + |    38.338130698 |   55999   34223 |   2.98e-10
    5 |     30.884 |    10   -3   - |    25.084444446 |   17312   22251 |   2.76e-11
    6 |     33.514 |     5   -4   + |    38.304007616 |   32609   57386 |   2.22e-10
    7 |     13.507 |     8   -1   - |     6.973428639 |   13382   50789 |   1.34e-09
    8 |     13.583 |     5   -2   + |    20.174567049 |   62971   63143 |   5.60e-11
    9 |     21.147 |    47   -3   - |    25.000208129 |   48635   12274 |   1.91e-10
   10 |      21.76 |    42   -2   + |    20.319216806 |    8344   18765 |   4.49e-11
   11 |     24.287 |    43   -3   - |    25.003491381 |   10173   56336 |   2.80e-10
   12 |     25.066 |     8   -3   + |    29.285452495 |   17483     259 |   8.79e-11
   13 |     30.344 |    45   -4   - |    34.066515330 |   38602   10977 |   1.27e-11
   14 |     30.895 |    44   -3   + |    29.385692940 |    6051   12715 |   1.95e-10
   15 |     32.787 |    45   -4   - |    34.066515330 |    5841   15527 |   1.25e-10
   16 |     33.596 |    50   -3   + |    29.390313030 |   51280    5737 |   1.34e-10
  -> CHAINE COMPLETE : toutes les 16 cibles restantes atteintes.

--- depart l=80 : b1[80] = (t=40,k=-2,sg=-) = 15.941550210 | chaine atteint n_l = 16 etape(s) ---
etape |   cible x0 |     t    k  sg |               b |      N1      N2 |     erreur
    0 |   (depart) |    40   -2   - |    15.941550210 |                 |           
    1 |     20.797 |     1   -3   + |    28.970121569 |   56003   33270 |   4.66e-11
    2 |     21.788 |     6   -2   - |    16.065120811 |   38022   47717 |   2.34e-10
    3 |     25.115 |     1   -3   + |    28.970121569 |   27327   64150 |   2.80e-10
    4 |     30.231 |    45   -4   - |    34.066515330 |   35831   11779 |   2.26e-11
    5 |     30.884 |    42   -3   + |    29.383937090 |   13628   28913 |   2.74e-11
    6 |     33.514 |    42   -4   - |    34.069104896 |    7268   54075 |   9.28e-11
    7 |     13.507 |    49   -1   + |    11.260161785 |    5720   52347 |   7.28e-10
    8 |     13.583 |    41   -2   - |    15.940590028 |   59225   58352 |   3.16e-12
    9 |     21.147 |     8   -3   + |    29.285452495 |   51503   32948 |   1.19e-11
   10 |      21.76 |    10   -2   - |    16.019724162 |   10399   13633 |   3.27e-11
   11 |     24.287 |     8   -3   + |    29.285452495 |   24174   39983 |   1.35e-10
   12 |     25.066 |    19   -3   - |    25.041544537 |     373   64356 |   1.72e-10
   13 |     30.344 |     1   -4   + |    38.034841852 |   52420   36141 |   1.78e-10
   14 |     30.895 |     7   -3   - |    25.114911288 |   20319   25099 |   2.16e-10
   15 |     32.787 |     7   -4   + |    38.338130698 |   40361   55782 |   7.17e-10
   16 |     33.596 |     1   -3   - |    25.418200133 |   55165   31989 |   5.02e-11
  -> CHAINE COMPLETE : toutes les 16 cibles restantes atteintes.

--- depart l=81 : b1[81] = (t=41,k=-2,sg=+) = 20.318291107 | chaine atteint n_l = 16 etape(s) ---
etape |   cible x0 |     t    k  sg |               b |      N1      N2 |     erreur
    0 |   (depart) |    41   -2   + |    20.318291107 |                 |           
    1 |     20.797 |    49   -3   - |    24.998719350 |   44869    5112 |   5.66e-11
    2 |     21.788 |    44   -2   + |    20.320972656 |   18946   41465 |   7.34e-11
    3 |     25.115 |    48   -4   - |    34.064172396 |   24135   12929 |   7.31e-10
    4 |     30.231 |    42   -3   + |    29.383937090 |    7267   32885 |   8.96e-11
    5 |     30.884 |    45   -4   - |    34.066515330 |   28913   13628 |   2.74e-11
    6 |     33.514 |    42   -3   + |    29.383937090 |   47728    6385 |   1.26e-10
    7 |     13.507 |     3   -1   - |     7.083538425 |   16826   41589 |   1.86e-10
    8 |     13.583 |     8   -2   + |    20.220732211 |   62647   61342 |   1.52e-11
    9 |     21.147 |    47   -3   - |    25.000208129 |   53817   12937 |   8.44e-11
   10 |      21.76 |    42   -2   + |    20.319216806 |    8344   18765 |   4.49e-11
   11 |     24.287 |    43   -3   - |    25.003491381 |   10173   56336 |   2.80e-10
   12 |     25.066 |     8   -3   + |    29.285452495 |   17483     259 |   8.79e-11
   13 |     30.344 |    45   -4   - |    34.066515330 |   38602   10977 |   1.27e-11
   14 |     30.895 |    44   -3   + |    29.385692940 |    6051   12715 |   1.95e-10
   15 |     32.787 |    45   -4   - |    34.066515330 |    5841   15527 |   1.25e-10
   16 |     33.596 |    50   -3   + |    29.390313030 |   51280    5737 |   1.34e-10
  -> CHAINE COMPLETE : toutes les 16 cibles restantes atteintes.

--- depart l=82 : b1[82] = (t=41,k=-2,sg=-) = 15.940590028 | chaine atteint n_l = 16 etape(s) ---
etape |   cible x0 |     t    k  sg |               b |      N1      N2 |     erreur
    0 |   (depart) |    41   -2   - |    15.940590028 |                 |           
    1 |     20.797 |     7   -3   + |    29.273410414 |   64313   36847 |   2.99e-10
    2 |     21.788 |     8   -2   - |    16.038148923 |   48313   62896 |   1.28e-11
    3 |     25.115 |     8   -3   + |    29.285452495 |   15221   33128 |   3.76e-10
    4 |     30.231 |    49   -4   - |    34.063439633 |   29592    7301 |   6.03e-12
    5 |     30.884 |    46   -3   + |    29.387333046 |   15883   33741 |   5.50e-11
    6 |     33.514 |    45   -4   - |    34.066515330 |    8369   62507 |   2.34e-10
    7 |     13.507 |    41   -1   + |    11.253570823 |    4189   38219 |   4.15e-10
    8 |     13.583 |    47   -2   - |    15.935487846 |   65396   64755 |   5.90e-11
    9 |     21.147 |     2   -3   + |    29.111880423 |   60595   39648 |   2.85e-10
   10 |      21.76 |     8   -2   - |    16.038148923 |   13153   16900 |   2.92e-10
   11 |     24.287 |     1   -3   + |    28.970121569 |   31425   55352 |   3.34e-10
   12 |     25.066 |    17   -3   - |    25.048031726 |     201   43673 |   5.95e-11
   13 |     30.344 |     7   -4   + |    38.338130698 |   53689   35568 |   1.17e-10
   14 |     30.895 |    10   -3   - |    25.084444446 |   16461   21086 |   5.22e-11
   15 |     32.787 |     6   -4   + |    38.323200891 |   15852   22055 |   6.84e-11
   16 |     33.596 |     1   -3   - |    25.418200133 |   40306   23299 |   2.41e-10
  -> CHAINE COMPLETE : toutes les 16 cibles restantes atteintes.

--- depart l=83 : b1[83] = (t=42,k=-2,sg=+) = 20.319216806 | chaine atteint n_l = 16 etape(s) ---
etape |   cible x0 |     t    k  sg |               b |      N1      N2 |     erreur
    0 |   (depart) |    42   -2   + |    20.319216806 |                 |           
    1 |     20.797 |    44   -3   - |    25.002628762 |   32560    3699 |   9.98e-13
    2 |     21.788 |    47   -2   + |    20.323393289 |   18771   41200 |   4.54e-11
    3 |     25.115 |     2   -3   - |    25.276441279 |    1529   45381 |   6.24e-11
    4 |     30.231 |     7   -4   + |    38.338130698 |   55999   34223 |   2.98e-10
    5 |     30.884 |    10   -3   - |    25.084444446 |   17312   22251 |   2.76e-11
    6 |     33.514 |     5   -4   + |    38.304007616 |   32609   57386 |   2.22e-10
    7 |     13.507 |     8   -1   - |     6.973428639 |   13382   50789 |   1.34e-09
    8 |     13.583 |     5   -2   + |    20.174567049 |   62971   63143 |   5.60e-11
    9 |     21.147 |    47   -3   - |    25.000208129 |   48635   12274 |   1.91e-10
   10 |      21.76 |    42   -2   + |    20.319216806 |    8344   18765 |   4.49e-11
   11 |     24.287 |    43   -3   - |    25.003491381 |   10173   56336 |   2.80e-10
   12 |     25.066 |     8   -3   + |    29.285452495 |   17483     259 |   8.79e-11
   13 |     30.344 |    45   -4   - |    34.066515330 |   38602   10977 |   1.27e-11
   14 |     30.895 |    44   -3   + |    29.385692940 |    6051   12715 |   1.95e-10
   15 |     32.787 |    45   -4   - |    34.066515330 |    5841   15527 |   1.25e-10
   16 |     33.596 |    50   -3   + |    29.390313030 |   51280    5737 |   1.34e-10
  -> CHAINE COMPLETE : toutes les 16 cibles restantes atteintes.

--- depart l=84 : b1[84] = (t=42,k=-2,sg=-) = 15.939664328 | chaine atteint n_l = 16 etape(s) ---
etape |   cible x0 |     t    k  sg |               b |      N1      N2 |     erreur
    0 |   (depart) |    42   -2   - |    15.939664328 |                 |           
    1 |     20.797 |     7   -3   + |    29.273410414 |   55619   31872 |   1.86e-11
    2 |     21.788 |     8   -2   - |    16.038148923 |   48313   62896 |   1.28e-11
    3 |     25.115 |     8   -3   + |    29.285452495 |   15221   33128 |   3.76e-10
    4 |     30.231 |    49   -4   - |    34.063439633 |   29592    7301 |   6.03e-12
    5 |     30.884 |    46   -3   + |    29.387333046 |   15883   33741 |   5.50e-11
    6 |     33.514 |    45   -4   - |    34.066515330 |    8369   62507 |   2.34e-10
    7 |     13.507 |    41   -1   + |    11.253570823 |    4189   38219 |   4.15e-10
    8 |     13.583 |    47   -2   - |    15.935487846 |   65396   64755 |   5.90e-11
    9 |     21.147 |     2   -3   + |    29.111880423 |   60595   39648 |   2.85e-10
   10 |      21.76 |     8   -2   - |    16.038148923 |   13153   16900 |   2.92e-10
   11 |     24.287 |     1   -3   + |    28.970121569 |   31425   55352 |   3.34e-10
   12 |     25.066 |    17   -3   - |    25.048031726 |     201   43673 |   5.95e-11
   13 |     30.344 |     7   -4   + |    38.338130698 |   53689   35568 |   1.17e-10
   14 |     30.895 |    10   -3   - |    25.084444446 |   16461   21086 |   5.22e-11
   15 |     32.787 |     6   -4   + |    38.323200891 |   15852   22055 |   6.84e-11
   16 |     33.596 |     1   -3   - |    25.418200133 |   40306   23299 |   2.41e-10
  -> CHAINE COMPLETE : toutes les 16 cibles restantes atteintes.

--- depart l=85 : b1[85] = (t=43,k=-2,sg=+) = 20.320110038 | chaine atteint n_l = 16 etape(s) ---
etape |   cible x0 |     t    k  sg |               b |      N1      N2 |     erreur
    0 |   (depart) |    43   -2   + |    20.320110038 |                 |           
    1 |     20.797 |    44   -3   - |    25.002628762 |   57402    6509 |   9.70e-12
    2 |     21.788 |    47   -2   + |    20.323393289 |   18771   41200 |   4.54e-11
    3 |     25.115 |     2   -3   - |    25.276441279 |    1529   45381 |   6.24e-11
    4 |     30.231 |     7   -4   + |    38.338130698 |   55999   34223 |   2.98e-10
    5 |     30.884 |    10   -3   - |    25.084444446 |   17312   22251 |   2.76e-11
    6 |     33.514 |     5   -4   + |    38.304007616 |   32609   57386 |   2.22e-10
    7 |     13.507 |     8   -1   - |     6.973428639 |   13382   50789 |   1.34e-09
    8 |     13.583 |     5   -2   + |    20.174567049 |   62971   63143 |   5.60e-11
    9 |     21.147 |    47   -3   - |    25.000208129 |   48635   12274 |   1.91e-10
   10 |      21.76 |    42   -2   + |    20.319216806 |    8344   18765 |   4.49e-11
   11 |     24.287 |    43   -3   - |    25.003491381 |   10173   56336 |   2.80e-10
   12 |     25.066 |     8   -3   + |    29.285452495 |   17483     259 |   8.79e-11
   13 |     30.344 |    45   -4   - |    34.066515330 |   38602   10977 |   1.27e-11
   14 |     30.895 |    44   -3   + |    29.385692940 |    6051   12715 |   1.95e-10
   15 |     32.787 |    45   -4   - |    34.066515330 |    5841   15527 |   1.25e-10
   16 |     33.596 |    50   -3   + |    29.390313030 |   51280    5737 |   1.34e-10
  -> CHAINE COMPLETE : toutes les 16 cibles restantes atteintes.

--- depart l=86 : b1[86] = (t=43,k=-2,sg=-) = 15.938771097 | chaine atteint n_l = 16 etape(s) ---
etape |   cible x0 |     t    k  sg |               b |      N1      N2 |     erreur
    0 |   (depart) |    43   -2   - |    15.938771097 |                 |           
    1 |     20.797 |     9   -3   + |    29.295431860 |   63088   36065 |   1.19e-11
    2 |     21.788 |     3   -2   - |    16.148258708 |   27530   36647 |   1.02e-10
    3 |     25.115 |     6   -3   + |    29.258480607 |   23339   50507 |   2.54e-10
    4 |     30.231 |    48   -4   - |    34.064172396 |   50049   12698 |   1.67e-11
    5 |     30.884 |    44   -3   + |    29.385692940 |   22243   47211 |   2.46e-11
    6 |     33.514 |    50   -4   - |    34.062728956 |    7778   58517 |   8.48e-11
    7 |     13.507 |    50   -1   + |    11.260872462 |    6839   62588 |   1.74e-11
    8 |     13.583 |    43   -2   - |    15.938771097 |   16315   16082 |   4.56e-11
    9 |     21.147 |     8   -3   + |    29.285452495 |   14537    9303 |   1.15e-10
   10 |      21.76 |    10   -2   - |    16.019724162 |   10399   13633 |   3.27e-11
   11 |     24.287 |     8   -3   + |    29.285452495 |   24174   39983 |   1.35e-10
   12 |     25.066 |    19   -3   - |    25.041544537 |     373   64356 |   1.72e-10
   13 |     30.344 |     1   -4   + |    38.034841852 |   52420   36141 |   1.78e-10
   14 |     30.895 |     7   -3   - |    25.114911288 |   20319   25099 |   2.16e-10
   15 |     32.787 |     7   -4   + |    38.338130698 |   40361   55782 |   7.17e-10
   16 |     33.596 |     1   -3   - |    25.418200133 |   55165   31989 |   5.02e-11
  -> CHAINE COMPLETE : toutes les 16 cibles restantes atteintes.

--- depart l=87 : b1[87] = (t=44,k=-2,sg=+) = 20.320972656 | chaine atteint n_l = 16 etape(s) ---
etape |   cible x0 |     t    k  sg |               b |      N1      N2 |     erreur
    0 |   (depart) |    44   -2   + |    20.320972656 |                 |           
    1 |     20.797 |    46   -3   - |    25.000988656 |   65529    7420 |   3.62e-10
    2 |     21.788 |    50   -2   + |    20.325592746 |   28180   61913 |   7.18e-11
    3 |     25.115 |     5   -3   - |    25.149034370 |     375   52771 |   7.90e-12
    4 |     30.231 |     2   -4   + |    38.176600707 |   41273   26398 |   2.11e-11
    5 |     30.884 |     7   -3   - |    25.114911288 |   44827   56665 |   2.05e-10
    6 |     33.514 |     3   -4   + |    38.240062994 |   13123   23322 |   7.80e-10
    7 |     13.507 |     4   -1   - |     7.045562355 |   16463   63017 |   1.85e-10
    8 |     13.583 |     8   -2   + |    20.220732211 |   21774   21445 |   2.02e-10
    9 |     21.147 |    47   -3   - |    25.000208129 |   53817   12937 |   8.44e-11
   10 |      21.76 |    42   -2   + |    20.319216806 |    8344   18765 |   4.49e-11
   11 |     24.287 |    43   -3   - |    25.003491381 |   10173   56336 |   2.80e-10
   12 |     25.066 |     8   -3   + |    29.285452495 |   17483     259 |   8.79e-11
   13 |     30.344 |    45   -4   - |    34.066515330 |   38602   10977 |   1.27e-11
   14 |     30.895 |    44   -3   + |    29.385692940 |    6051   12715 |   1.95e-10
   15 |     32.787 |    45   -4   - |    34.066515330 |    5841   15527 |   1.25e-10
   16 |     33.596 |    50   -3   + |    29.390313030 |   51280    5737 |   1.34e-10
  -> CHAINE COMPLETE : toutes les 16 cibles restantes atteintes.

--- depart l=88 : b1[88] = (t=44,k=-2,sg=-) = 15.937908478 | chaine atteint n_l = 16 etape(s) ---
etape |   cible x0 |     t    k  sg |               b |      N1      N2 |     erreur
    0 |   (depart) |    44   -2   - |    15.937908478 |                 |           
    1 |     20.797 |     2   -3   + |    29.111880423 |   55229   32275 |   1.01e-10
    2 |     21.788 |     9   -2   - |    16.028169558 |   42656   54239 |   1.03e-10
    3 |     25.115 |     6   -3   + |    29.258480607 |   21503   47157 |   1.70e-11
    4 |     30.231 |    48   -4   - |    34.064172396 |   50049   12698 |   1.67e-11
    5 |     30.884 |    44   -3   + |    29.385692940 |   22243   47211 |   2.46e-11
    6 |     33.514 |    50   -4   - |    34.062728956 |    7778   58517 |   8.48e-11
    7 |     13.507 |    50   -1   + |    11.260872462 |    6839   62588 |   1.74e-11
    8 |     13.583 |    43   -2   - |    15.938771097 |   16315   16082 |   4.56e-11
    9 |     21.147 |     8   -3   + |    29.285452495 |   14537    9303 |   1.15e-10
   10 |      21.76 |    10   -2   - |    16.019724162 |   10399   13633 |   3.27e-11
   11 |     24.287 |     8   -3   + |    29.285452495 |   24174   39983 |   1.35e-10
   12 |     25.066 |    19   -3   - |    25.041544537 |     373   64356 |   1.72e-10
   13 |     30.344 |     1   -4   + |    38.034841852 |   52420   36141 |   1.78e-10
   14 |     30.895 |     7   -3   - |    25.114911288 |   20319   25099 |   2.16e-10
   15 |     32.787 |     7   -4   + |    38.338130698 |   40361   55782 |   7.17e-10
   16 |     33.596 |     1   -3   - |    25.418200133 |   55165   31989 |   5.02e-11
  -> CHAINE COMPLETE : toutes les 16 cibles restantes atteintes.

--- depart l=89 : b1[89] = (t=45,k=-2,sg=+) = 20.321806372 | chaine atteint n_l = 16 etape(s) ---
etape |   cible x0 |     t    k  sg |               b |      N1      N2 |     erreur
    0 |   (depart) |    45   -2   + |    20.321806372 |                 |           
    1 |     20.797 |    50   -3   - |    24.998008672 |    2829     320 |   8.54e-11
    2 |     21.788 |    41   -2   + |    20.318291107 |   10939   23892 |   1.15e-10
    3 |     25.115 |     2   -3   - |    25.276441279 |    1315   39071 |   4.52e-11
    4 |     30.231 |     7   -4   + |    38.338130698 |   55999   34223 |   2.98e-10
    5 |     30.884 |    10   -3   - |    25.084444446 |   17312   22251 |   2.76e-11
    6 |     33.514 |     5   -4   + |    38.304007616 |   32609   57386 |   2.22e-10
    7 |     13.507 |     8   -1   - |     6.973428639 |   13382   50789 |   1.34e-09
    8 |     13.583 |     5   -2   + |    20.174567049 |   62971   63143 |   5.60e-11
    9 |     21.147 |    47   -3   - |    25.000208129 |   48635   12274 |   1.91e-10
   10 |      21.76 |    42   -2   + |    20.319216806 |    8344   18765 |   4.49e-11
   11 |     24.287 |    43   -3   - |    25.003491381 |   10173   56336 |   2.80e-10
   12 |     25.066 |     8   -3   + |    29.285452495 |   17483     259 |   8.79e-11
   13 |     30.344 |    45   -4   - |    34.066515330 |   38602   10977 |   1.27e-11
   14 |     30.895 |    44   -3   + |    29.385692940 |    6051   12715 |   1.95e-10
   15 |     32.787 |    45   -4   - |    34.066515330 |    5841   15527 |   1.25e-10
   16 |     33.596 |    50   -3   + |    29.390313030 |   51280    5737 |   1.34e-10
  -> CHAINE COMPLETE : toutes les 16 cibles restantes atteintes.

--- depart l=90 : b1[90] = (t=45,k=-2,sg=-) = 15.937074763 | chaine atteint n_l = 16 etape(s) ---
etape |   cible x0 |     t    k  sg |               b |      N1      N2 |     erreur
    0 |   (depart) |    45   -2   - |    15.937074763 |                 |           
    1 |     20.797 |     7   -3   + |    29.273410414 |   56219   32233 |   2.25e-10
    2 |     21.788 |     8   -2   - |    16.038148923 |   48313   62896 |   1.28e-11
    3 |     25.115 |     8   -3   + |    29.285452495 |   15221   33128 |   3.76e-10
    4 |     30.231 |    49   -4   - |    34.063439633 |   29592    7301 |   6.03e-12
    5 |     30.884 |    46   -3   + |    29.387333046 |   15883   33741 |   5.50e-11
    6 |     33.514 |    45   -4   - |    34.066515330 |    8369   62507 |   2.34e-10
    7 |     13.507 |    41   -1   + |    11.253570823 |    4189   38219 |   4.15e-10
    8 |     13.583 |    47   -2   - |    15.935487846 |   65396   64755 |   5.90e-11
    9 |     21.147 |     2   -3   + |    29.111880423 |   60595   39648 |   2.85e-10
   10 |      21.76 |     8   -2   - |    16.038148923 |   13153   16900 |   2.92e-10
   11 |     24.287 |     1   -3   + |    28.970121569 |   31425   55352 |   3.34e-10
   12 |     25.066 |    17   -3   - |    25.048031726 |     201   43673 |   5.95e-11
   13 |     30.344 |     7   -4   + |    38.338130698 |   53689   35568 |   1.17e-10
   14 |     30.895 |    10   -3   - |    25.084444446 |   16461   21086 |   5.22e-11
   15 |     32.787 |     6   -4   + |    38.323200891 |   15852   22055 |   6.84e-11
   16 |     33.596 |     1   -3   - |    25.418200133 |   40306   23299 |   2.41e-10
  -> CHAINE COMPLETE : toutes les 16 cibles restantes atteintes.

--- depart l=91 : b1[91] = (t=46,k=-2,sg=+) = 20.322612762 | chaine atteint n_l = 16 etape(s) ---
etape |   cible x0 |     t    k  sg |               b |      N1      N2 |     erreur
    0 |   (depart) |    46   -2   + |    20.322612762 |                 |           
    1 |     20.797 |    41   -3   - |    25.005310311 |   63357    7142 |   2.56e-10
    2 |     21.788 |    50   -2   + |    20.325592746 |   20379   44834 |   5.59e-11
    3 |     25.115 |     5   -3   - |    25.149034370 |     375   52771 |   7.90e-12
    4 |     30.231 |     2   -4   + |    38.176600707 |   41273   26398 |   2.11e-11
    5 |     30.884 |     7   -3   - |    25.114911288 |   44827   56665 |   2.05e-10
    6 |     33.514 |     3   -4   + |    38.240062994 |   13123   23322 |   7.80e-10
    7 |     13.507 |     4   -1   - |     7.045562355 |   16463   63017 |   1.85e-10
    8 |     13.583 |     8   -2   + |    20.220732211 |   21774   21445 |   2.02e-10
    9 |     21.147 |    47   -3   - |    25.000208129 |   53817   12937 |   8.44e-11
   10 |      21.76 |    42   -2   + |    20.319216806 |    8344   18765 |   4.49e-11
   11 |     24.287 |    43   -3   - |    25.003491381 |   10173   56336 |   2.80e-10
   12 |     25.066 |     8   -3   + |    29.285452495 |   17483     259 |   8.79e-11
   13 |     30.344 |    45   -4   - |    34.066515330 |   38602   10977 |   1.27e-11
   14 |     30.895 |    44   -3   + |    29.385692940 |    6051   12715 |   1.95e-10
   15 |     32.787 |    45   -4   - |    34.066515330 |    5841   15527 |   1.25e-10
   16 |     33.596 |    50   -3   + |    29.390313030 |   51280    5737 |   1.34e-10
  -> CHAINE COMPLETE : toutes les 16 cibles restantes atteintes.

--- depart l=92 : b1[92] = (t=46,k=-2,sg=-) = 15.936268372 | chaine atteint n_l = 16 etape(s) ---
etape |   cible x0 |     t    k  sg |               b |      N1      N2 |     erreur
    0 |   (depart) |    46   -2   - |    15.936268372 |                 |           
    1 |     20.797 |     9   -3   + |    29.295431860 |   57389   32824 |   9.02e-11
    2 |     21.788 |     3   -2   - |    16.148258708 |   27530   36647 |   1.02e-10
    3 |     25.115 |     6   -3   + |    29.258480607 |   23339   50507 |   2.54e-10
    4 |     30.231 |    48   -4   - |    34.064172396 |   50049   12698 |   1.67e-11
    5 |     30.884 |    44   -3   + |    29.385692940 |   22243   47211 |   2.46e-11
    6 |     33.514 |    50   -4   - |    34.062728956 |    7778   58517 |   8.48e-11
    7 |     13.507 |    50   -1   + |    11.260872462 |    6839   62588 |   1.74e-11
    8 |     13.583 |    43   -2   - |    15.938771097 |   16315   16082 |   4.56e-11
    9 |     21.147 |     8   -3   + |    29.285452495 |   14537    9303 |   1.15e-10
   10 |      21.76 |    10   -2   - |    16.019724162 |   10399   13633 |   3.27e-11
   11 |     24.287 |     8   -3   + |    29.285452495 |   24174   39983 |   1.35e-10
   12 |     25.066 |    19   -3   - |    25.041544537 |     373   64356 |   1.72e-10
   13 |     30.344 |     1   -4   + |    38.034841852 |   52420   36141 |   1.78e-10
   14 |     30.895 |     7   -3   - |    25.114911288 |   20319   25099 |   2.16e-10
   15 |     32.787 |     7   -4   + |    38.338130698 |   40361   55782 |   7.17e-10
   16 |     33.596 |     1   -3   - |    25.418200133 |   55165   31989 |   5.02e-11
  -> CHAINE COMPLETE : toutes les 16 cibles restantes atteintes.

--- depart l=93 : b1[93] = (t=47,k=-2,sg=+) = 20.323393289 | chaine atteint n_l = 16 etape(s) ---
etape |   cible x0 |     t    k  sg |               b |      N1      N2 |     erreur
    0 |   (depart) |    47   -2   + |    20.323393289 |                 |           
    1 |     20.797 |    42   -3   - |    25.004384612 |   37356    4205 |   4.39e-11
    2 |     21.788 |    48   -2   + |    20.324149306 |   16333   35887 |   2.35e-12
    3 |     25.115 |    48   -4   - |    34.064172396 |   62323   33364 |   4.96e-11
    4 |     30.231 |    42   -3   + |    29.383937090 |    7267   32885 |   8.96e-11
    5 |     30.884 |    45   -4   - |    34.066515330 |   28913   13628 |   2.74e-11
    6 |     33.514 |    42   -3   + |    29.383937090 |   47728    6385 |   1.26e-10
    7 |     13.507 |     3   -1   - |     7.083538425 |   16826   41589 |   1.86e-10
    8 |     13.583 |     8   -2   + |    20.220732211 |   62647   61342 |   1.52e-11
    9 |     21.147 |    47   -3   - |    25.000208129 |   53817   12937 |   8.44e-11
   10 |      21.76 |    42   -2   + |    20.319216806 |    8344   18765 |   4.49e-11
   11 |     24.287 |    43   -3   - |    25.003491381 |   10173   56336 |   2.80e-10
   12 |     25.066 |     8   -3   + |    29.285452495 |   17483     259 |   8.79e-11
   13 |     30.344 |    45   -4   - |    34.066515330 |   38602   10977 |   1.27e-11
   14 |     30.895 |    44   -3   + |    29.385692940 |    6051   12715 |   1.95e-10
   15 |     32.787 |    45   -4   - |    34.066515330 |    5841   15527 |   1.25e-10
   16 |     33.596 |    50   -3   + |    29.390313030 |   51280    5737 |   1.34e-10
  -> CHAINE COMPLETE : toutes les 16 cibles restantes atteintes.

--- depart l=94 : b1[94] = (t=47,k=-2,sg=-) = 15.935487846 | chaine atteint n_l = 16 etape(s) ---
etape |   cible x0 |     t    k  sg |               b |      N1      N2 |     erreur
    0 |   (depart) |    47   -2   - |    15.935487846 |                 |           
    1 |     20.797 |     5   -3   + |    29.239287332 |   42464   24453 |   1.78e-10
    2 |     21.788 |     2   -2   - |    16.211720995 |   34204   45705 |   1.61e-10
    3 |     25.115 |     4   -3   + |    29.213318780 |   20328   44161 |   2.49e-10
    4 |     30.231 |    48   -4   - |    34.064172396 |   60107   15958 |   1.01e-10
    5 |     30.884 |    44   -3   + |    29.385692940 |   22243   47211 |   2.46e-11
    6 |     33.514 |    50   -4   - |    34.062728956 |    7778   58517 |   8.48e-11
    7 |     13.507 |    50   -1   + |    11.260872462 |    6839   62588 |   1.74e-11
    8 |     13.583 |    43   -2   - |    15.938771097 |   16315   16082 |   4.56e-11
    9 |     21.147 |     8   -3   + |    29.285452495 |   14537    9303 |   1.15e-10
   10 |      21.76 |    10   -2   - |    16.019724162 |   10399   13633 |   3.27e-11
   11 |     24.287 |     8   -3   + |    29.285452495 |   24174   39983 |   1.35e-10
   12 |     25.066 |    19   -3   - |    25.041544537 |     373   64356 |   1.72e-10
   13 |     30.344 |     1   -4   + |    38.034841852 |   52420   36141 |   1.78e-10
   14 |     30.895 |     7   -3   - |    25.114911288 |   20319   25099 |   2.16e-10
   15 |     32.787 |     7   -4   + |    38.338130698 |   40361   55782 |   7.17e-10
   16 |     33.596 |     1   -3   - |    25.418200133 |   55165   31989 |   5.02e-11
  -> CHAINE COMPLETE : toutes les 16 cibles restantes atteintes.

--- depart l=95 : b1[95] = (t=48,k=-2,sg=+) = 20.324149306 | chaine atteint n_l = 16 etape(s) ---
etape |   cible x0 |     t    k  sg |               b |      N1      N2 |     erreur
    0 |   (depart) |    48   -2   + |    20.324149306 |                 |           
    1 |     20.797 |    49   -3   - |    24.998719350 |   36068    4059 |   1.02e-10
    2 |     21.788 |    44   -2   + |    20.320972656 |   18946   41465 |   7.34e-11
    3 |     25.115 |    48   -4   - |    34.064172396 |   24135   12929 |   7.31e-10
    4 |     30.231 |    42   -3   + |    29.383937090 |    7267   32885 |   8.96e-11
    5 |     30.884 |    45   -4   - |    34.066515330 |   28913   13628 |   2.74e-11
    6 |     33.514 |    42   -3   + |    29.383937090 |   47728    6385 |   1.26e-10
    7 |     13.507 |     3   -1   - |     7.083538425 |   16826   41589 |   1.86e-10
    8 |     13.583 |     8   -2   + |    20.220732211 |   62647   61342 |   1.52e-11
    9 |     21.147 |    47   -3   - |    25.000208129 |   53817   12937 |   8.44e-11
   10 |      21.76 |    42   -2   + |    20.319216806 |    8344   18765 |   4.49e-11
   11 |     24.287 |    43   -3   - |    25.003491381 |   10173   56336 |   2.80e-10
   12 |     25.066 |     8   -3   + |    29.285452495 |   17483     259 |   8.79e-11
   13 |     30.344 |    45   -4   - |    34.066515330 |   38602   10977 |   1.27e-11
   14 |     30.895 |    44   -3   + |    29.385692940 |    6051   12715 |   1.95e-10
   15 |     32.787 |    45   -4   - |    34.066515330 |    5841   15527 |   1.25e-10
   16 |     33.596 |    50   -3   + |    29.390313030 |   51280    5737 |   1.34e-10
  -> CHAINE COMPLETE : toutes les 16 cibles restantes atteintes.

--- depart l=96 : b1[96] = (t=48,k=-2,sg=-) = 15.934731829 | chaine atteint n_l = 16 etape(s) ---
etape |   cible x0 |     t    k  sg |               b |      N1      N2 |     erreur
    0 |   (depart) |    48   -2   - |    15.934731829 |                 |           
    1 |     20.797 |     4   -3   + |    29.213318780 |   54163   31291 |   1.22e-10
    2 |     21.788 |     3   -2   - |    16.148258708 |   14627   19258 |   2.14e-10
    3 |     25.115 |     6   -3   + |    29.258480607 |   23339   50507 |   2.54e-10
    4 |     30.231 |    48   -4   - |    34.064172396 |   50049   12698 |   1.67e-11
    5 |     30.884 |    44   -3   + |    29.385692940 |   22243   47211 |   2.46e-11
    6 |     33.514 |    50   -4   - |    34.062728956 |    7778   58517 |   8.48e-11
    7 |     13.507 |    50   -1   + |    11.260872462 |    6839   62588 |   1.74e-11
    8 |     13.583 |    43   -2   - |    15.938771097 |   16315   16082 |   4.56e-11
    9 |     21.147 |     8   -3   + |    29.285452495 |   14537    9303 |   1.15e-10
   10 |      21.76 |    10   -2   - |    16.019724162 |   10399   13633 |   3.27e-11
   11 |     24.287 |     8   -3   + |    29.285452495 |   24174   39983 |   1.35e-10
   12 |     25.066 |    19   -3   - |    25.041544537 |     373   64356 |   1.72e-10
   13 |     30.344 |     1   -4   + |    38.034841852 |   52420   36141 |   1.78e-10
   14 |     30.895 |     7   -3   - |    25.114911288 |   20319   25099 |   2.16e-10
   15 |     32.787 |     7   -4   + |    38.338130698 |   40361   55782 |   7.17e-10
   16 |     33.596 |     1   -3   - |    25.418200133 |   55165   31989 |   5.02e-11
  -> CHAINE COMPLETE : toutes les 16 cibles restantes atteintes.

--- depart l=97 : b1[97] = (t=49,k=-2,sg=+) = 20.324882069 | chaine atteint n_l = 16 etape(s) ---
etape |   cible x0 |     t    k  sg |               b |      N1      N2 |     erreur
    0 |   (depart) |    49   -2   + |    20.324882069 |                 |           
    1 |     20.797 |    49   -3   - |    24.998719350 |   64523    7250 |   7.28e-11
    2 |     21.788 |    44   -2   + |    20.320972656 |   18946   41465 |   7.34e-11
    3 |     25.115 |    48   -4   - |    34.064172396 |   24135   12929 |   7.31e-10
    4 |     30.231 |    42   -3   + |    29.383937090 |    7267   32885 |   8.96e-11
    5 |     30.884 |    45   -4   - |    34.066515330 |   28913   13628 |   2.74e-11
    6 |     33.514 |    42   -3   + |    29.383937090 |   47728    6385 |   1.26e-10
    7 |     13.507 |     3   -1   - |     7.083538425 |   16826   41589 |   1.86e-10
    8 |     13.583 |     8   -2   + |    20.220732211 |   62647   61342 |   1.52e-11
    9 |     21.147 |    47   -3   - |    25.000208129 |   53817   12937 |   8.44e-11
   10 |      21.76 |    42   -2   + |    20.319216806 |    8344   18765 |   4.49e-11
   11 |     24.287 |    43   -3   - |    25.003491381 |   10173   56336 |   2.80e-10
   12 |     25.066 |     8   -3   + |    29.285452495 |   17483     259 |   8.79e-11
   13 |     30.344 |    45   -4   - |    34.066515330 |   38602   10977 |   1.27e-11
   14 |     30.895 |    44   -3   + |    29.385692940 |    6051   12715 |   1.95e-10
   15 |     32.787 |    45   -4   - |    34.066515330 |    5841   15527 |   1.25e-10
   16 |     33.596 |    50   -3   + |    29.390313030 |   51280    5737 |   1.34e-10
  -> CHAINE COMPLETE : toutes les 16 cibles restantes atteintes.

--- depart l=98 : b1[98] = (t=49,k=-2,sg=-) = 15.933999066 | chaine atteint n_l = 16 etape(s) ---
etape |   cible x0 |     t    k  sg |               b |      N1      N2 |     erreur
    0 |   (depart) |    49   -2   - |    15.933999066 |                 |           
    1 |     20.797 |     3   -3   + |    29.175342710 |   43842   25447 |   2.33e-11
    2 |     21.788 |     8   -2   - |    16.038148923 |   31943   41040 |   8.58e-11
    3 |     25.115 |     8   -3   + |    29.285452495 |   15221   33128 |   3.76e-10
    4 |     30.231 |    49   -4   - |    34.063439633 |   29592    7301 |   6.03e-12
    5 |     30.884 |    46   -3   + |    29.387333046 |   15883   33741 |   5.50e-11
    6 |     33.514 |    45   -4   - |    34.066515330 |    8369   62507 |   2.34e-10
    7 |     13.507 |    41   -1   + |    11.253570823 |    4189   38219 |   4.15e-10
    8 |     13.583 |    47   -2   - |    15.935487846 |   65396   64755 |   5.90e-11
    9 |     21.147 |     2   -3   + |    29.111880423 |   60595   39648 |   2.85e-10
   10 |      21.76 |     8   -2   - |    16.038148923 |   13153   16900 |   2.92e-10
   11 |     24.287 |     1   -3   + |    28.970121569 |   31425   55352 |   3.34e-10
   12 |     25.066 |    17   -3   - |    25.048031726 |     201   43673 |   5.95e-11
   13 |     30.344 |     7   -4   + |    38.338130698 |   53689   35568 |   1.17e-10
   14 |     30.895 |    10   -3   - |    25.084444446 |   16461   21086 |   5.22e-11
   15 |     32.787 |     6   -4   + |    38.323200891 |   15852   22055 |   6.84e-11
   16 |     33.596 |     1   -3   - |    25.418200133 |   40306   23299 |   2.41e-10
  -> CHAINE COMPLETE : toutes les 16 cibles restantes atteintes.

--- depart l=99 : b1[99] = (t=50,k=-2,sg=+) = 20.325592746 | chaine atteint n_l = 16 etape(s) ---
etape |   cible x0 |     t    k  sg |               b |      N1      N2 |     erreur
    0 |   (depart) |    50   -2   + |    20.325592746 |                 |           
    1 |     20.797 |    48   -3   - |    24.999452113 |   47863    5369 |   1.68e-10
    2 |     21.788 |    50   -2   + |    20.325592746 |   19219   42205 |   8.55e-11
    3 |     25.115 |     5   -3   - |    25.149034370 |     375   52771 |   7.90e-12
    4 |     30.231 |     2   -4   + |    38.176600707 |   41273   26398 |   2.11e-11
    5 |     30.884 |     7   -3   - |    25.114911288 |   44827   56665 |   2.05e-10
    6 |     33.514 |     3   -4   + |    38.240062994 |   13123   23322 |   7.80e-10
    7 |     13.507 |     4   -1   - |     7.045562355 |   16463   63017 |   1.85e-10
    8 |     13.583 |     8   -2   + |    20.220732211 |   21774   21445 |   2.02e-10
    9 |     21.147 |    47   -3   - |    25.000208129 |   53817   12937 |   8.44e-11
   10 |      21.76 |    42   -2   + |    20.319216806 |    8344   18765 |   4.49e-11
   11 |     24.287 |    43   -3   - |    25.003491381 |   10173   56336 |   2.80e-10
   12 |     25.066 |     8   -3   + |    29.285452495 |   17483     259 |   8.79e-11
   13 |     30.344 |    45   -4   - |    34.066515330 |   38602   10977 |   1.27e-11
   14 |     30.895 |    44   -3   + |    29.385692940 |    6051   12715 |   1.95e-10
   15 |     32.787 |    45   -4   - |    34.066515330 |    5841   15527 |   1.25e-10
   16 |     33.596 |    50   -3   + |    29.390313030 |   51280    5737 |   1.34e-10
  -> CHAINE COMPLETE : toutes les 16 cibles restantes atteintes.

--- depart l=100 : b1[100] = (t=50,k=-2,sg=-) = 15.933288389 | chaine atteint n_l = 16 etape(s) ---
etape |   cible x0 |     t    k  sg |               b |      N1      N2 |     erreur
    0 |   (depart) |    50   -2   - |    15.933288389 |                 |           
    1 |     20.797 |     9   -3   + |    29.295431860 |   53833   30809 |   1.62e-10
    2 |     21.788 |     3   -2   - |    16.148258708 |   27530   36647 |   1.02e-10
    3 |     25.115 |     6   -3   + |    29.258480607 |   23339   50507 |   2.54e-10
    4 |     30.231 |    48   -4   - |    34.064172396 |   50049   12698 |   1.67e-11
    5 |     30.884 |    44   -3   + |    29.385692940 |   22243   47211 |   2.46e-11
    6 |     33.514 |    50   -4   - |    34.062728956 |    7778   58517 |   8.48e-11
    7 |     13.507 |    50   -1   + |    11.260872462 |    6839   62588 |   1.74e-11
    8 |     13.583 |    43   -2   - |    15.938771097 |   16315   16082 |   4.56e-11
    9 |     21.147 |     8   -3   + |    29.285452495 |   14537    9303 |   1.15e-10
   10 |      21.76 |    10   -2   - |    16.019724162 |   10399   13633 |   3.27e-11
   11 |     24.287 |     8   -3   + |    29.285452495 |   24174   39983 |   1.35e-10
   12 |     25.066 |    19   -3   - |    25.041544537 |     373   64356 |   1.72e-10
   13 |     30.344 |     1   -4   + |    38.034841852 |   52420   36141 |   1.78e-10
   14 |     30.895 |     7   -3   - |    25.114911288 |   20319   25099 |   2.16e-10
   15 |     32.787 |     7   -4   + |    38.338130698 |   40361   55782 |   7.17e-10
   16 |     33.596 |     1   -3   - |    25.418200133 |   55165   31989 |   5.02e-11
  -> CHAINE COMPLETE : toutes les 16 cibles restantes atteintes.

====================================================================================================
Intervalle [2] ]20.797,21.788[ -> 0 ancrage de depart (VIDE, structurel)


====================================================================================================
Intervalle [3] : intervalle de depart ]x0_1=21.788, x0_2=25.115[  -> 44 ancrages de depart trouves
cibles enchainees (dans l'ordre) : [25.115, 30.231, 30.884, 33.514, 13.507, 13.583, 21.147, 21.76, 24.287, 25.066, 30.344, 30.895, 32.787, 33.596]
====================================================================================================

--- depart l=1 : b1[1] = (t=7,k=-3,sg=-) = 25.114911288 | chaine atteint n_l = 14 etape(s) ---
etape |   cible x0 |     t    k  sg |               b |      N1      N2 |     erreur
    0 |   (depart) |     7   -3   - |    25.114911288 |                 |           
    1 |     25.115 |     4   -3   + |    29.213318780 |   46198       1 |   6.08e-11
    2 |     30.231 |    48   -4   - |    34.064172396 |   60107   15958 |   1.01e-10
    3 |     30.884 |    44   -3   + |    29.385692940 |   22243   47211 |   2.46e-11
    4 |     33.514 |    50   -4   - |    34.062728956 |    7778   58517 |   8.48e-11
    5 |     13.507 |    50   -1   + |    11.260872462 |    6839   62588 |   1.74e-11
    6 |     13.583 |    43   -2   - |    15.938771097 |   16315   16082 |   4.56e-11
    7 |     21.147 |     8   -3   + |    29.285452495 |   14537    9303 |   1.15e-10
    8 |      21.76 |    10   -2   - |    16.019724162 |   10399   13633 |   3.27e-11
    9 |     24.287 |     8   -3   + |    29.285452495 |   24174   39983 |   1.35e-10
   10 |     25.066 |    19   -3   - |    25.041544537 |     373   64356 |   1.72e-10
   11 |     30.344 |     1   -4   + |    38.034841852 |   52420   36141 |   1.78e-10
   12 |     30.895 |     7   -3   - |    25.114911288 |   20319   25099 |   2.16e-10
   13 |     32.787 |     7   -4   + |    38.338130698 |   40361   55782 |   7.17e-10
   14 |     33.596 |     1   -3   - |    25.418200133 |   55165   31989 |   5.02e-11
  -> CHAINE COMPLETE : toutes les 14 cibles restantes atteintes.

--- depart l=2 : b1[2] = (t=8,k=-3,sg=-) = 25.102869207 | chaine atteint n_l = 14 etape(s) ---
etape |   cible x0 |     t    k  sg |               b |      N1      N2 |     erreur
    0 |   (depart) |     8   -3   - |    25.102869207 |                 |           
    1 |     25.115 |     6   -3   + |    29.258480607 |   22885      67 |   9.93e-11
    2 |     30.231 |    48   -4   - |    34.064172396 |   50049   12698 |   1.67e-11
    3 |     30.884 |    44   -3   + |    29.385692940 |   22243   47211 |   2.46e-11
    4 |     33.514 |    50   -4   - |    34.062728956 |    7778   58517 |   8.48e-11
    5 |     13.507 |    50   -1   + |    11.260872462 |    6839   62588 |   1.74e-11
    6 |     13.583 |    43   -2   - |    15.938771097 |   16315   16082 |   4.56e-11
    7 |     21.147 |     8   -3   + |    29.285452495 |   14537    9303 |   1.15e-10
    8 |      21.76 |    10   -2   - |    16.019724162 |   10399   13633 |   3.27e-11
    9 |     24.287 |     8   -3   + |    29.285452495 |   24174   39983 |   1.35e-10
   10 |     25.066 |    19   -3   - |    25.041544537 |     373   64356 |   1.72e-10
   11 |     30.344 |     1   -4   + |    38.034841852 |   52420   36141 |   1.78e-10
   12 |     30.895 |     7   -3   - |    25.114911288 |   20319   25099 |   2.16e-10
   13 |     32.787 |     7   -4   + |    38.338130698 |   40361   55782 |   7.17e-10
   14 |     33.596 |     1   -3   - |    25.418200133 |   55165   31989 |   5.02e-11
  -> CHAINE COMPLETE : toutes les 14 cibles restantes atteintes.

--- depart l=3 : b1[3] = (t=9,k=-3,sg=-) = 25.092889842 | chaine atteint n_l = 14 etape(s) ---
etape |   cible x0 |     t    k  sg |               b |      N1      N2 |     erreur
    0 |   (depart) |     9   -3   - |    25.092889842 |                 |           
    1 |     25.115 |    10   -3   + |    29.303877256 |   52479     277 |   6.78e-11
    2 |     30.231 |    41   -4   - |    34.070030595 |   25027    6044 |   1.72e-10
    3 |     30.884 |    44   -3   + |    29.385692940 |   23058   49031 |   1.74e-11
    4 |     33.514 |    50   -4   - |    34.062728956 |    7778   58517 |   8.48e-11
    5 |     13.507 |    50   -1   + |    11.260872462 |    6839   62588 |   1.74e-11
    6 |     13.583 |    43   -2   - |    15.938771097 |   16315   16082 |   4.56e-11
    7 |     21.147 |     8   -3   + |    29.285452495 |   14537    9303 |   1.15e-10
    8 |      21.76 |    10   -2   - |    16.019724162 |   10399   13633 |   3.27e-11
    9 |     24.287 |     8   -3   + |    29.285452495 |   24174   39983 |   1.35e-10
   10 |     25.066 |    19   -3   - |    25.041544537 |     373   64356 |   1.72e-10
   11 |     30.344 |     1   -4   + |    38.034841852 |   52420   36141 |   1.78e-10
   12 |     30.895 |     7   -3   - |    25.114911288 |   20319   25099 |   2.16e-10
   13 |     32.787 |     7   -4   + |    38.338130698 |   40361   55782 |   7.17e-10
   14 |     33.596 |     1   -3   - |    25.418200133 |   55165   31989 |   5.02e-11
  -> CHAINE COMPLETE : toutes les 14 cibles restantes atteintes.

--- depart l=4 : b1[4] = (t=10,k=-3,sg=-) = 25.084444446 | chaine atteint n_l = 14 etape(s) ---
etape |   cible x0 |     t    k  sg |               b |      N1      N2 |     erreur
    0 |   (depart) |    10   -3   - |    25.084444446 |                 |           
    1 |     25.115 |    10   -3   + |    29.303877256 |   33313     243 |   1.43e-10
    2 |     30.231 |    41   -4   - |    34.070030595 |   25027    6044 |   1.72e-10
    3 |     30.884 |    44   -3   + |    29.385692940 |   23058   49031 |   1.74e-11
    4 |     33.514 |    50   -4   - |    34.062728956 |    7778   58517 |   8.48e-11
    5 |     13.507 |    50   -1   + |    11.260872462 |    6839   62588 |   1.74e-11
    6 |     13.583 |    43   -2   - |    15.938771097 |   16315   16082 |   4.56e-11
    7 |     21.147 |     8   -3   + |    29.285452495 |   14537    9303 |   1.15e-10
    8 |      21.76 |    10   -2   - |    16.019724162 |   10399   13633 |   3.27e-11
    9 |     24.287 |     8   -3   + |    29.285452495 |   24174   39983 |   1.35e-10
   10 |     25.066 |    19   -3   - |    25.041544537 |     373   64356 |   1.72e-10
   11 |     30.344 |     1   -4   + |    38.034841852 |   52420   36141 |   1.78e-10
   12 |     30.895 |     7   -3   - |    25.114911288 |   20319   25099 |   2.16e-10
   13 |     32.787 |     7   -4   + |    38.338130698 |   40361   55782 |   7.17e-10
   14 |     33.596 |     1   -3   - |    25.418200133 |   55165   31989 |   5.02e-11
  -> CHAINE COMPLETE : toutes les 14 cibles restantes atteintes.

--- depart l=5 : b1[5] = (t=11,k=-3,sg=-) = 25.077176436 | chaine atteint n_l = 14 etape(s) ---
etape |   cible x0 |     t    k  sg |               b |      N1      N2 |     erreur
    0 |   (depart) |    11   -3   - |    25.077176436 |                 |           
    1 |     25.115 |     9   -3   + |    29.295431860 |   65320     591 |   7.81e-10
    2 |     30.231 |    48   -4   - |    34.064172396 |   61314   14965 |   5.70e-11
    3 |     30.884 |    44   -3   + |    29.385692940 |   22243   47211 |   2.46e-11
    4 |     33.514 |    50   -4   - |    34.062728956 |    7778   58517 |   8.48e-11
    5 |     13.507 |    50   -1   + |    11.260872462 |    6839   62588 |   1.74e-11
    6 |     13.583 |    43   -2   - |    15.938771097 |   16315   16082 |   4.56e-11
    7 |     21.147 |     8   -3   + |    29.285452495 |   14537    9303 |   1.15e-10
    8 |      21.76 |    10   -2   - |    16.019724162 |   10399   13633 |   3.27e-11
    9 |     24.287 |     8   -3   + |    29.285452495 |   24174   39983 |   1.35e-10
   10 |     25.066 |    19   -3   - |    25.041544537 |     373   64356 |   1.72e-10
   11 |     30.344 |     1   -4   + |    38.034841852 |   52420   36141 |   1.78e-10
   12 |     30.895 |     7   -3   - |    25.114911288 |   20319   25099 |   2.16e-10
   13 |     32.787 |     7   -4   + |    38.338130698 |   40361   55782 |   7.17e-10
   14 |     33.596 |     1   -3   - |    25.418200133 |   55165   31989 |   5.02e-11
  -> CHAINE COMPLETE : toutes les 14 cibles restantes atteintes.

--- depart l=6 : b1[6] = (t=12,k=-3,sg=-) = 25.070835435 | chaine atteint n_l = 14 etape(s) ---
etape |   cible x0 |     t    k  sg |               b |      N1      N2 |     erreur
    0 |   (depart) |    12   -3   - |    25.070835435 |                 |           
    1 |     25.115 |     1   -3   + |    28.970121569 |   35527     407 |   3.77e-10
    2 |     30.231 |    45   -4   - |    34.066515330 |   35831   11779 |   2.26e-11
    3 |     30.884 |    42   -3   + |    29.383937090 |   13628   28913 |   2.74e-11
    4 |     33.514 |    42   -4   - |    34.069104896 |    7268   54075 |   9.28e-11
    5 |     13.507 |    49   -1   + |    11.260161785 |    5720   52347 |   7.28e-10
    6 |     13.583 |    41   -2   - |    15.940590028 |   59225   58352 |   3.16e-12
    7 |     21.147 |     8   -3   + |    29.285452495 |   51503   32948 |   1.19e-11
    8 |      21.76 |    10   -2   - |    16.019724162 |   10399   13633 |   3.27e-11
    9 |     24.287 |     8   -3   + |    29.285452495 |   24174   39983 |   1.35e-10
   10 |     25.066 |    19   -3   - |    25.041544537 |     373   64356 |   1.72e-10
   11 |     30.344 |     1   -4   + |    38.034841852 |   52420   36141 |   1.78e-10
   12 |     30.895 |     7   -3   - |    25.114911288 |   20319   25099 |   2.16e-10
   13 |     32.787 |     7   -4   + |    38.338130698 |   40361   55782 |   7.17e-10
   14 |     33.596 |     1   -3   - |    25.418200133 |   55165   31989 |   5.02e-11
  -> CHAINE COMPLETE : toutes les 14 cibles restantes atteintes.

--- depart l=7 : b1[7] = (t=13,k=-3,sg=-) = 25.065239780 | chaine atteint n_l = 14 etape(s) ---
etape |   cible x0 |     t    k  sg |               b |      N1      N2 |     erreur
    0 |   (depart) |    13   -3   - |    25.065239780 |                 |           
    1 |     25.115 |     1   -3   + |    28.970121569 |   58028     749 |   7.79e-11
    2 |     30.231 |    45   -4   - |    34.066515330 |   35831   11779 |   2.26e-11
    3 |     30.884 |    42   -3   + |    29.383937090 |   13628   28913 |   2.74e-11
    4 |     33.514 |    42   -4   - |    34.069104896 |    7268   54075 |   9.28e-11
    5 |     13.507 |    49   -1   + |    11.260161785 |    5720   52347 |   7.28e-10
    6 |     13.583 |    41   -2   - |    15.940590028 |   59225   58352 |   3.16e-12
    7 |     21.147 |     8   -3   + |    29.285452495 |   51503   32948 |   1.19e-11
    8 |      21.76 |    10   -2   - |    16.019724162 |   10399   13633 |   3.27e-11
    9 |     24.287 |     8   -3   + |    29.285452495 |   24174   39983 |   1.35e-10
   10 |     25.066 |    19   -3   - |    25.041544537 |     373   64356 |   1.72e-10
   11 |     30.344 |     1   -4   + |    38.034841852 |   52420   36141 |   1.78e-10
   12 |     30.895 |     7   -3   - |    25.114911288 |   20319   25099 |   2.16e-10
   13 |     32.787 |     7   -4   + |    38.338130698 |   40361   55782 |   7.17e-10
   14 |     33.596 |     1   -3   - |    25.418200133 |   55165   31989 |   5.02e-11
  -> CHAINE COMPLETE : toutes les 14 cibles restantes atteintes.

--- depart l=8 : b1[8] = (t=14,k=-3,sg=-) = 25.060254034 | chaine atteint n_l = 14 etape(s) ---
etape |   cible x0 |     t    k  sg |               b |      N1      N2 |     erreur
    0 |   (depart) |    14   -3   - |    25.060254034 |                 |           
    1 |     25.115 |     8   -3   + |    29.285452495 |   17521     230 |   1.74e-10
    2 |     30.231 |    49   -4   - |    34.063439633 |   29592    7301 |   6.03e-12
    3 |     30.884 |    46   -3   + |    29.387333046 |   15883   33741 |   5.50e-11
    4 |     33.514 |    45   -4   - |    34.066515330 |    8369   62507 |   2.34e-10
    5 |     13.507 |    41   -1   + |    11.253570823 |    4189   38219 |   4.15e-10
    6 |     13.583 |    47   -2   - |    15.935487846 |   65396   64755 |   5.90e-11
    7 |     21.147 |     2   -3   + |    29.111880423 |   60595   39648 |   2.85e-10
    8 |      21.76 |     8   -2   - |    16.038148923 |   13153   16900 |   2.92e-10
    9 |     24.287 |     1   -3   + |    28.970121569 |   31425   55352 |   3.34e-10
   10 |     25.066 |    17   -3   - |    25.048031726 |     201   43673 |   5.95e-11
   11 |     30.344 |     7   -4   + |    38.338130698 |   53689   35568 |   1.17e-10
   12 |     30.895 |    10   -3   - |    25.084444446 |   16461   21086 |   5.22e-11
   13 |     32.787 |     6   -4   + |    38.323200891 |   15852   22055 |   6.84e-11
   14 |     33.596 |     1   -3   - |    25.418200133 |   40306   23299 |   2.41e-10
  -> CHAINE COMPLETE : toutes les 14 cibles restantes atteintes.

--- depart l=9 : b1[9] = (t=15,k=-3,sg=-) = 25.055774887 | chaine atteint n_l = 14 etape(s) ---
etape |   cible x0 |     t    k  sg |               b |      N1      N2 |     erreur
    0 |   (depart) |    15   -3   - |    25.055774887 |                 |           
    1 |     25.115 |     8   -3   + |    29.285452495 |   19928     283 |   3.74e-10
    2 |     30.231 |    49   -4   - |    34.063439633 |   29592    7301 |   6.03e-12
    3 |     30.884 |    46   -3   + |    29.387333046 |   15883   33741 |   5.50e-11
    4 |     33.514 |    45   -4   - |    34.066515330 |    8369   62507 |   2.34e-10
    5 |     13.507 |    41   -1   + |    11.253570823 |    4189   38219 |   4.15e-10
    6 |     13.583 |    47   -2   - |    15.935487846 |   65396   64755 |   5.90e-11
    7 |     21.147 |     2   -3   + |    29.111880423 |   60595   39648 |   2.85e-10
    8 |      21.76 |     8   -2   - |    16.038148923 |   13153   16900 |   2.92e-10
    9 |     24.287 |     1   -3   + |    28.970121569 |   31425   55352 |   3.34e-10
   10 |     25.066 |    17   -3   - |    25.048031726 |     201   43673 |   5.95e-11
   11 |     30.344 |     7   -4   + |    38.338130698 |   53689   35568 |   1.17e-10
   12 |     30.895 |    10   -3   - |    25.084444446 |   16461   21086 |   5.22e-11
   13 |     32.787 |     6   -4   + |    38.323200891 |   15852   22055 |   6.84e-11
   14 |     33.596 |     1   -3   - |    25.418200133 |   40306   23299 |   2.41e-10
  -> CHAINE COMPLETE : toutes les 14 cibles restantes atteintes.

--- depart l=10 : b1[10] = (t=16,k=-3,sg=-) = 25.051721977 | chaine atteint n_l = 14 etape(s) ---
etape |   cible x0 |     t    k  sg |               b |      N1      N2 |     erreur
    0 |   (depart) |    16   -3   - |    25.051721977 |                 |           
    1 |     25.115 |    10   -3   + |    29.303877256 |   32768     495 |   4.38e-10
    2 |     30.231 |    41   -4   - |    34.070030595 |   25027    6044 |   1.72e-10
    3 |     30.884 |    44   -3   + |    29.385692940 |   23058   49031 |   1.74e-11
    4 |     33.514 |    50   -4   - |    34.062728956 |    7778   58517 |   8.48e-11
    5 |     13.507 |    50   -1   + |    11.260872462 |    6839   62588 |   1.74e-11
    6 |     13.583 |    43   -2   - |    15.938771097 |   16315   16082 |   4.56e-11
    7 |     21.147 |     8   -3   + |    29.285452495 |   14537    9303 |   1.15e-10
    8 |      21.76 |    10   -2   - |    16.019724162 |   10399   13633 |   3.27e-11
    9 |     24.287 |     8   -3   + |    29.285452495 |   24174   39983 |   1.35e-10
   10 |     25.066 |    19   -3   - |    25.041544537 |     373   64356 |   1.72e-10
   11 |     30.344 |     1   -4   + |    38.034841852 |   52420   36141 |   1.78e-10
   12 |     30.895 |     7   -3   - |    25.114911288 |   20319   25099 |   2.16e-10
   13 |     32.787 |     7   -4   + |    38.338130698 |   40361   55782 |   7.17e-10
   14 |     33.596 |     1   -3   - |    25.418200133 |   55165   31989 |   5.02e-11
  -> CHAINE COMPLETE : toutes les 14 cibles restantes atteintes.

--- depart l=11 : b1[11] = (t=17,k=-3,sg=-) = 25.048031726 | chaine atteint n_l = 14 etape(s) ---
etape |   cible x0 |     t    k  sg |               b |      N1      N2 |     erreur
    0 |   (depart) |    17   -3   - |    25.048031726 |                 |           
    1 |     25.115 |     6   -3   + |    29.258480607 |   54262     877 |   1.08e-10
    2 |     30.231 |    48   -4   - |    34.064172396 |   50049   12698 |   1.67e-11
    3 |     30.884 |    44   -3   + |    29.385692940 |   22243   47211 |   2.46e-11
    4 |     33.514 |    50   -4   - |    34.062728956 |    7778   58517 |   8.48e-11
    5 |     13.507 |    50   -1   + |    11.260872462 |    6839   62588 |   1.74e-11
    6 |     13.583 |    43   -2   - |    15.938771097 |   16315   16082 |   4.56e-11
    7 |     21.147 |     8   -3   + |    29.285452495 |   14537    9303 |   1.15e-10
    8 |      21.76 |    10   -2   - |    16.019724162 |   10399   13633 |   3.27e-11
    9 |     24.287 |     8   -3   + |    29.285452495 |   24174   39983 |   1.35e-10
   10 |     25.066 |    19   -3   - |    25.041544537 |     373   64356 |   1.72e-10
   11 |     30.344 |     1   -4   + |    38.034841852 |   52420   36141 |   1.78e-10
   12 |     30.895 |     7   -3   - |    25.114911288 |   20319   25099 |   2.16e-10
   13 |     32.787 |     7   -4   + |    38.338130698 |   40361   55782 |   7.17e-10
   14 |     33.596 |     1   -3   - |    25.418200133 |   55165   31989 |   5.02e-11
  -> CHAINE COMPLETE : toutes les 14 cibles restantes atteintes.

--- depart l=12 : b1[12] = (t=18,k=-3,sg=-) = 25.044653087 | chaine atteint n_l = 14 etape(s) ---
etape |   cible x0 |     t    k  sg |               b |      N1      N2 |     erreur
    0 |   (depart) |    18   -3   - |    25.044653087 |                 |           
    1 |     25.115 |     9   -3   + |    29.295431860 |   54969     925 |   7.01e-11
    2 |     30.231 |    48   -4   - |    34.064172396 |   61314   14965 |   5.70e-11
    3 |     30.884 |    44   -3   + |    29.385692940 |   22243   47211 |   2.46e-11
    4 |     33.514 |    50   -4   - |    34.062728956 |    7778   58517 |   8.48e-11
    5 |     13.507 |    50   -1   + |    11.260872462 |    6839   62588 |   1.74e-11
    6 |     13.583 |    43   -2   - |    15.938771097 |   16315   16082 |   4.56e-11
    7 |     21.147 |     8   -3   + |    29.285452495 |   14537    9303 |   1.15e-10
    8 |      21.76 |    10   -2   - |    16.019724162 |   10399   13633 |   3.27e-11
    9 |     24.287 |     8   -3   + |    29.285452495 |   24174   39983 |   1.35e-10
   10 |     25.066 |    19   -3   - |    25.041544537 |     373   64356 |   1.72e-10
   11 |     30.344 |     1   -4   + |    38.034841852 |   52420   36141 |   1.78e-10
   12 |     30.895 |     7   -3   - |    25.114911288 |   20319   25099 |   2.16e-10
   13 |     32.787 |     7   -4   + |    38.338130698 |   40361   55782 |   7.17e-10
   14 |     33.596 |     1   -3   - |    25.418200133 |   55165   31989 |   5.02e-11
  -> CHAINE COMPLETE : toutes les 14 cibles restantes atteintes.

--- depart l=13 : b1[13] = (t=19,k=-3,sg=-) = 25.041544537 | chaine atteint n_l = 14 etape(s) ---
etape |   cible x0 |     t    k  sg |               b |      N1      N2 |     erreur
    0 |   (depart) |    19   -3   - |    25.041544537 |                 |           
    1 |     25.115 |     2   -3   + |    29.111880423 |   30090     553 |   1.36e-10
    2 |     30.231 |    41   -4   - |    34.070030595 |   43892   12795 |   4.29e-11
    3 |     30.884 |    44   -3   + |    29.385692940 |   23058   49031 |   1.74e-11
    4 |     33.514 |    50   -4   - |    34.062728956 |    7778   58517 |   8.48e-11
    5 |     13.507 |    50   -1   + |    11.260872462 |    6839   62588 |   1.74e-11
    6 |     13.583 |    43   -2   - |    15.938771097 |   16315   16082 |   4.56e-11
    7 |     21.147 |     8   -3   + |    29.285452495 |   14537    9303 |   1.15e-10
    8 |      21.76 |    10   -2   - |    16.019724162 |   10399   13633 |   3.27e-11
    9 |     24.287 |     8   -3   + |    29.285452495 |   24174   39983 |   1.35e-10
   10 |     25.066 |    19   -3   - |    25.041544537 |     373   64356 |   1.72e-10
   11 |     30.344 |     1   -4   + |    38.034841852 |   52420   36141 |   1.78e-10
   12 |     30.895 |     7   -3   - |    25.114911288 |   20319   25099 |   2.16e-10
   13 |     32.787 |     7   -4   + |    38.338130698 |   40361   55782 |   7.17e-10
   14 |     33.596 |     1   -3   - |    25.418200133 |   55165   31989 |   5.02e-11
  -> CHAINE COMPLETE : toutes les 14 cibles restantes atteintes.

--- depart l=14 : b1[14] = (t=20,k=-3,sg=-) = 25.038671909 | chaine atteint n_l = 14 etape(s) ---
etape |   cible x0 |     t    k  sg |               b |      N1      N2 |     erreur
    0 |   (depart) |    20   -3   - |    25.038671909 |                 |           
    1 |     25.115 |     7   -3   + |    29.273410414 |   29692     545 |   2.62e-10
    2 |     30.231 |    47   -4   - |    34.064928413 |   23626    5901 |   2.16e-10
    3 |     30.884 |    46   -3   + |    29.387333046 |   23791   50564 |   3.44e-11
    4 |     33.514 |    45   -4   - |    34.066515330 |    8369   62507 |   2.34e-10
    5 |     13.507 |    41   -1   + |    11.253570823 |    4189   38219 |   4.15e-10
    6 |     13.583 |    47   -2   - |    15.935487846 |   65396   64755 |   5.90e-11
    7 |     21.147 |     2   -3   + |    29.111880423 |   60595   39648 |   2.85e-10
    8 |      21.76 |     8   -2   - |    16.038148923 |   13153   16900 |   2.92e-10
    9 |     24.287 |     1   -3   + |    28.970121569 |   31425   55352 |   3.34e-10
   10 |     25.066 |    17   -3   - |    25.048031726 |     201   43673 |   5.95e-11
   11 |     30.344 |     7   -4   + |    38.338130698 |   53689   35568 |   1.17e-10
   12 |     30.895 |    10   -3   - |    25.084444446 |   16461   21086 |   5.22e-11
   13 |     32.787 |     6   -4   + |    38.323200891 |   15852   22055 |   6.84e-11
   14 |     33.596 |     1   -3   - |    25.418200133 |   40306   23299 |   2.41e-10
  -> CHAINE COMPLETE : toutes les 14 cibles restantes atteintes.

--- depart l=15 : b1[15] = (t=21,k=-3,sg=-) = 25.036006795 | chaine atteint n_l = 14 etape(s) ---
etape |   cible x0 |     t    k  sg |               b |      N1      N2 |     erreur
    0 |   (depart) |    21   -3   - |    25.036006795 |                 |           
    1 |     25.115 |     4   -3   + |    29.213318780 |   48769     940 |   4.08e-10
    2 |     30.231 |    48   -4   - |    34.064172396 |   60107   15958 |   1.01e-10
    3 |     30.884 |    44   -3   + |    29.385692940 |   22243   47211 |   2.46e-11
    4 |     33.514 |    50   -4   - |    34.062728956 |    7778   58517 |   8.48e-11
    5 |     13.507 |    50   -1   + |    11.260872462 |    6839   62588 |   1.74e-11
    6 |     13.583 |    43   -2   - |    15.938771097 |   16315   16082 |   4.56e-11
    7 |     21.147 |     8   -3   + |    29.285452495 |   14537    9303 |   1.15e-10
    8 |      21.76 |    10   -2   - |    16.019724162 |   10399   13633 |   3.27e-11
    9 |     24.287 |     8   -3   + |    29.285452495 |   24174   39983 |   1.35e-10
   10 |     25.066 |    19   -3   - |    25.041544537 |     373   64356 |   1.72e-10
   11 |     30.344 |     1   -4   + |    38.034841852 |   52420   36141 |   1.78e-10
   12 |     30.895 |     7   -3   - |    25.114911288 |   20319   25099 |   2.16e-10
   13 |     32.787 |     7   -4   + |    38.338130698 |   40361   55782 |   7.17e-10
   14 |     33.596 |     1   -3   - |    25.418200133 |   55165   31989 |   5.02e-11
  -> CHAINE COMPLETE : toutes les 14 cibles restantes atteintes.

--- depart l=16 : b1[16] = (t=22,k=-3,sg=-) = 25.033525356 | chaine atteint n_l = 14 etape(s) ---
etape |   cible x0 |     t    k  sg |               b |      N1      N2 |     erreur
    0 |   (depart) |    22   -3   - |    25.033525356 |                 |           
    1 |     25.115 |     4   -3   + |    29.213318780 |   56841    1130 |   1.61e-11
    2 |     30.231 |    48   -4   - |    34.064172396 |   60107   15958 |   1.01e-10
    3 |     30.884 |    44   -3   + |    29.385692940 |   22243   47211 |   2.46e-11
    4 |     33.514 |    50   -4   - |    34.062728956 |    7778   58517 |   8.48e-11
    5 |     13.507 |    50   -1   + |    11.260872462 |    6839   62588 |   1.74e-11
    6 |     13.583 |    43   -2   - |    15.938771097 |   16315   16082 |   4.56e-11
    7 |     21.147 |     8   -3   + |    29.285452495 |   14537    9303 |   1.15e-10
    8 |      21.76 |    10   -2   - |    16.019724162 |   10399   13633 |   3.27e-11
    9 |     24.287 |     8   -3   + |    29.285452495 |   24174   39983 |   1.35e-10
   10 |     25.066 |    19   -3   - |    25.041544537 |     373   64356 |   1.72e-10
   11 |     30.344 |     1   -4   + |    38.034841852 |   52420   36141 |   1.78e-10
   12 |     30.895 |     7   -3   - |    25.114911288 |   20319   25099 |   2.16e-10
   13 |     32.787 |     7   -4   + |    38.338130698 |   40361   55782 |   7.17e-10
   14 |     33.596 |     1   -3   - |    25.418200133 |   55165   31989 |   5.02e-11
  -> CHAINE COMPLETE : toutes les 14 cibles restantes atteintes.

--- depart l=17 : b1[17] = (t=23,k=-3,sg=-) = 25.031207421 | chaine atteint n_l = 14 etape(s) ---
etape |   cible x0 |     t    k  sg |               b |      N1      N2 |     erreur
    0 |   (depart) |    23   -3   - |    25.031207421 |                 |           
    1 |     25.115 |     7   -3   + |    29.273410414 |   48486     977 |   2.46e-11
    2 |     30.231 |    47   -4   - |    34.064928413 |   23626    5901 |   2.16e-10
    3 |     30.884 |    46   -3   + |    29.387333046 |   23791   50564 |   3.44e-11
    4 |     33.514 |    45   -4   - |    34.066515330 |    8369   62507 |   2.34e-10
    5 |     13.507 |    41   -1   + |    11.253570823 |    4189   38219 |   4.15e-10
    6 |     13.583 |    47   -2   - |    15.935487846 |   65396   64755 |   5.90e-11
    7 |     21.147 |     2   -3   + |    29.111880423 |   60595   39648 |   2.85e-10
    8 |      21.76 |     8   -2   - |    16.038148923 |   13153   16900 |   2.92e-10
    9 |     24.287 |     1   -3   + |    28.970121569 |   31425   55352 |   3.34e-10
   10 |     25.066 |    17   -3   - |    25.048031726 |     201   43673 |   5.95e-11
   11 |     30.344 |     7   -4   + |    38.338130698 |   53689   35568 |   1.17e-10
   12 |     30.895 |    10   -3   - |    25.084444446 |   16461   21086 |   5.22e-11
   13 |     32.787 |     6   -4   + |    38.323200891 |   15852   22055 |   6.84e-11
   14 |     33.596 |     1   -3   - |    25.418200133 |   40306   23299 |   2.41e-10
  -> CHAINE COMPLETE : toutes les 14 cibles restantes atteintes.

--- depart l=18 : b1[18] = (t=24,k=-3,sg=-) = 25.029035788 | chaine atteint n_l = 14 etape(s) ---
etape |   cible x0 |     t    k  sg |               b |      N1      N2 |     erreur
    0 |   (depart) |    24   -3   - |    25.029035788 |                 |           
    1 |     25.115 |     4   -3   + |    29.213318780 |   57305    1202 |   3.10e-10
    2 |     30.231 |    48   -4   - |    34.064172396 |   60107   15958 |   1.01e-10
    3 |     30.884 |    44   -3   + |    29.385692940 |   22243   47211 |   2.46e-11
    4 |     33.514 |    50   -4   - |    34.062728956 |    7778   58517 |   8.48e-11
    5 |     13.507 |    50   -1   + |    11.260872462 |    6839   62588 |   1.74e-11
    6 |     13.583 |    43   -2   - |    15.938771097 |   16315   16082 |   4.56e-11
    7 |     21.147 |     8   -3   + |    29.285452495 |   14537    9303 |   1.15e-10
    8 |      21.76 |    10   -2   - |    16.019724162 |   10399   13633 |   3.27e-11
    9 |     24.287 |     8   -3   + |    29.285452495 |   24174   39983 |   1.35e-10
   10 |     25.066 |    19   -3   - |    25.041544537 |     373   64356 |   1.72e-10
   11 |     30.344 |     1   -4   + |    38.034841852 |   52420   36141 |   1.78e-10
   12 |     30.895 |     7   -3   - |    25.114911288 |   20319   25099 |   2.16e-10
   13 |     32.787 |     7   -4   + |    38.338130698 |   40361   55782 |   7.17e-10
   14 |     33.596 |     1   -3   - |    25.418200133 |   55165   31989 |   5.02e-11
  -> CHAINE COMPLETE : toutes les 14 cibles restantes atteintes.

--- depart l=19 : b1[19] = (t=25,k=-3,sg=-) = 25.026995687 | chaine atteint n_l = 14 etape(s) ---
etape |   cible x0 |     t    k  sg |               b |      N1      N2 |     erreur
    0 |   (depart) |    25   -3   - |    25.026995687 |                 |           
    1 |     25.115 |     6   -3   + |    29.258480607 |   49531    1052 |   1.65e-10
    2 |     30.231 |    48   -4   - |    34.064172396 |   50049   12698 |   1.67e-11
    3 |     30.884 |    44   -3   + |    29.385692940 |   22243   47211 |   2.46e-11
    4 |     33.514 |    50   -4   - |    34.062728956 |    7778   58517 |   8.48e-11
    5 |     13.507 |    50   -1   + |    11.260872462 |    6839   62588 |   1.74e-11
    6 |     13.583 |    43   -2   - |    15.938771097 |   16315   16082 |   4.56e-11
    7 |     21.147 |     8   -3   + |    29.285452495 |   14537    9303 |   1.15e-10
    8 |      21.76 |    10   -2   - |    16.019724162 |   10399   13633 |   3.27e-11
    9 |     24.287 |     8   -3   + |    29.285452495 |   24174   39983 |   1.35e-10
   10 |     25.066 |    19   -3   - |    25.041544537 |     373   64356 |   1.72e-10
   11 |     30.344 |     1   -4   + |    38.034841852 |   52420   36141 |   1.78e-10
   12 |     30.895 |     7   -3   - |    25.114911288 |   20319   25099 |   2.16e-10
   13 |     32.787 |     7   -4   + |    38.338130698 |   40361   55782 |   7.17e-10
   14 |     33.596 |     1   -3   - |    25.418200133 |   55165   31989 |   5.02e-11
  -> CHAINE COMPLETE : toutes les 14 cibles restantes atteintes.

--- depart l=20 : b1[20] = (t=26,k=-3,sg=-) = 25.025074356 | chaine atteint n_l = 14 etape(s) ---
etape |   cible x0 |     t    k  sg |               b |      N1      N2 |     erreur
    0 |   (depart) |    26   -3   - |    25.025074356 |                 |           
    1 |     25.115 |     4   -3   + |    29.213318780 |   65126    1429 |   1.89e-10
    2 |     30.231 |    48   -4   - |    34.064172396 |   60107   15958 |   1.01e-10
    3 |     30.884 |    44   -3   + |    29.385692940 |   22243   47211 |   2.46e-11
    4 |     33.514 |    50   -4   - |    34.062728956 |    7778   58517 |   8.48e-11
    5 |     13.507 |    50   -1   + |    11.260872462 |    6839   62588 |   1.74e-11
    6 |     13.583 |    43   -2   - |    15.938771097 |   16315   16082 |   4.56e-11
    7 |     21.147 |     8   -3   + |    29.285452495 |   14537    9303 |   1.15e-10
    8 |      21.76 |    10   -2   - |    16.019724162 |   10399   13633 |   3.27e-11
    9 |     24.287 |     8   -3   + |    29.285452495 |   24174   39983 |   1.35e-10
   10 |     25.066 |    19   -3   - |    25.041544537 |     373   64356 |   1.72e-10
   11 |     30.344 |     1   -4   + |    38.034841852 |   52420   36141 |   1.78e-10
   12 |     30.895 |     7   -3   - |    25.114911288 |   20319   25099 |   2.16e-10
   13 |     32.787 |     7   -4   + |    38.338130698 |   40361   55782 |   7.17e-10
   14 |     33.596 |     1   -3   - |    25.418200133 |   55165   31989 |   5.02e-11
  -> CHAINE COMPLETE : toutes les 14 cibles restantes atteintes.

--- depart l=21 : b1[21] = (t=27,k=-3,sg=-) = 25.023260698 | chaine atteint n_l = 14 etape(s) ---
etape |   cible x0 |     t    k  sg |               b |      N1      N2 |     erreur
    0 |   (depart) |    27   -3   - |    25.023260698 |                 |           
    1 |     25.115 |     6   -3   + |    29.258480607 |   62103    1375 |   1.31e-10
    2 |     30.231 |    48   -4   - |    34.064172396 |   50049   12698 |   1.67e-11
    3 |     30.884 |    44   -3   + |    29.385692940 |   22243   47211 |   2.46e-11
    4 |     33.514 |    50   -4   - |    34.062728956 |    7778   58517 |   8.48e-11
    5 |     13.507 |    50   -1   + |    11.260872462 |    6839   62588 |   1.74e-11
    6 |     13.583 |    43   -2   - |    15.938771097 |   16315   16082 |   4.56e-11
    7 |     21.147 |     8   -3   + |    29.285452495 |   14537    9303 |   1.15e-10
    8 |      21.76 |    10   -2   - |    16.019724162 |   10399   13633 |   3.27e-11
    9 |     24.287 |     8   -3   + |    29.285452495 |   24174   39983 |   1.35e-10
   10 |     25.066 |    19   -3   - |    25.041544537 |     373   64356 |   1.72e-10
   11 |     30.344 |     1   -4   + |    38.034841852 |   52420   36141 |   1.78e-10
   12 |     30.895 |     7   -3   - |    25.114911288 |   20319   25099 |   2.16e-10
   13 |     32.787 |     7   -4   + |    38.338130698 |   40361   55782 |   7.17e-10
   14 |     33.596 |     1   -3   - |    25.418200133 |   55165   31989 |   5.02e-11
  -> CHAINE COMPLETE : toutes les 14 cibles restantes atteintes.

--- depart l=22 : b1[22] = (t=28,k=-3,sg=-) = 25.021545021 | chaine atteint n_l = 14 etape(s) ---
etape |   cible x0 |     t    k  sg |               b |      N1      N2 |     erreur
    0 |   (depart) |    28   -3   - |    25.021545021 |                 |           
    1 |     25.115 |    10   -3   + |    29.303877256 |   58807    1312 |   1.71e-11
    2 |     30.231 |    41   -4   - |    34.070030595 |   25027    6044 |   1.72e-10
    3 |     30.884 |    44   -3   + |    29.385692940 |   23058   49031 |   1.74e-11
    4 |     33.514 |    50   -4   - |    34.062728956 |    7778   58517 |   8.48e-11
    5 |     13.507 |    50   -1   + |    11.260872462 |    6839   62588 |   1.74e-11
    6 |     13.583 |    43   -2   - |    15.938771097 |   16315   16082 |   4.56e-11
    7 |     21.147 |     8   -3   + |    29.285452495 |   14537    9303 |   1.15e-10
    8 |      21.76 |    10   -2   - |    16.019724162 |   10399   13633 |   3.27e-11
    9 |     24.287 |     8   -3   + |    29.285452495 |   24174   39983 |   1.35e-10
   10 |     25.066 |    19   -3   - |    25.041544537 |     373   64356 |   1.72e-10
   11 |     30.344 |     1   -4   + |    38.034841852 |   52420   36141 |   1.78e-10
   12 |     30.895 |     7   -3   - |    25.114911288 |   20319   25099 |   2.16e-10
   13 |     32.787 |     7   -4   + |    38.338130698 |   40361   55782 |   7.17e-10
   14 |     33.596 |     1   -3   - |    25.418200133 |   55165   31989 |   5.02e-11
  -> CHAINE COMPLETE : toutes les 14 cibles restantes atteintes.

--- depart l=23 : b1[23] = (t=29,k=-3,sg=-) = 25.019918807 | chaine atteint n_l = 14 etape(s) ---
etape |   cible x0 |     t    k  sg |               b |      N1      N2 |     erreur
    0 |   (depart) |    29   -3   - |    25.019918807 |                 |           
    1 |     25.115 |     5   -3   + |    29.239287332 |   62332    1437 |   4.13e-10
    2 |     30.231 |    42   -4   - |    34.069104896 |    9331    2411 |   9.34e-11
    3 |     30.884 |    46   -3   + |    29.387333046 |   28416   60473 |   5.65e-12
    4 |     33.514 |    45   -4   - |    34.066515330 |    8369   62507 |   2.34e-10
    5 |     13.507 |    41   -1   + |    11.253570823 |    4189   38219 |   4.15e-10
    6 |     13.583 |    47   -2   - |    15.935487846 |   65396   64755 |   5.90e-11
    7 |     21.147 |     2   -3   + |    29.111880423 |   60595   39648 |   2.85e-10
    8 |      21.76 |     8   -2   - |    16.038148923 |   13153   16900 |   2.92e-10
    9 |     24.287 |     1   -3   + |    28.970121569 |   31425   55352 |   3.34e-10
   10 |     25.066 |    17   -3   - |    25.048031726 |     201   43673 |   5.95e-11
   11 |     30.344 |     7   -4   + |    38.338130698 |   53689   35568 |   1.17e-10
   12 |     30.895 |    10   -3   - |    25.084444446 |   16461   21086 |   5.22e-11
   13 |     32.787 |     6   -4   + |    38.323200891 |   15852   22055 |   6.84e-11
   14 |     33.596 |     1   -3   - |    25.418200133 |   40306   23299 |   2.41e-10
  -> CHAINE COMPLETE : toutes les 14 cibles restantes atteintes.

--- depart l=24 : b1[24] = (t=30,k=-3,sg=-) = 25.018374543 | chaine atteint n_l = 14 etape(s) ---
etape |   cible x0 |     t    k  sg |               b |      N1      N2 |     erreur
    0 |   (depart) |    30   -3   - |    25.018374543 |                 |           
    1 |     25.115 |     9   -3   + |    29.295431860 |   64334    1487 |   2.63e-11
    2 |     30.231 |    48   -4   - |    34.064172396 |   61314   14965 |   5.70e-11
    3 |     30.884 |    44   -3   + |    29.385692940 |   22243   47211 |   2.46e-11
    4 |     33.514 |    50   -4   - |    34.062728956 |    7778   58517 |   8.48e-11
    5 |     13.507 |    50   -1   + |    11.260872462 |    6839   62588 |   1.74e-11
    6 |     13.583 |    43   -2   - |    15.938771097 |   16315   16082 |   4.56e-11
    7 |     21.147 |     8   -3   + |    29.285452495 |   14537    9303 |   1.15e-10
    8 |      21.76 |    10   -2   - |    16.019724162 |   10399   13633 |   3.27e-11
    9 |     24.287 |     8   -3   + |    29.285452495 |   24174   39983 |   1.35e-10
   10 |     25.066 |    19   -3   - |    25.041544537 |     373   64356 |   1.72e-10
   11 |     30.344 |     1   -4   + |    38.034841852 |   52420   36141 |   1.78e-10
   12 |     30.895 |     7   -3   - |    25.114911288 |   20319   25099 |   2.16e-10
   13 |     32.787 |     7   -4   + |    38.338130698 |   40361   55782 |   7.17e-10
   14 |     33.596 |     1   -3   - |    25.418200133 |   55165   31989 |   5.02e-11
  -> CHAINE COMPLETE : toutes les 14 cibles restantes atteintes.

--- depart l=25 : b1[25] = (t=31,k=-3,sg=-) = 25.016905568 | chaine atteint n_l = 14 etape(s) ---
etape |   cible x0 |     t    k  sg |               b |      N1      N2 |     erreur
    0 |   (depart) |    31   -3   - |    25.016905568 |                 |           
    1 |     25.115 |     1   -3   + |    28.970121569 |   37060     943 |   1.23e-10
    2 |     30.231 |    45   -4   - |    34.066515330 |   35831   11779 |   2.26e-11
    3 |     30.884 |    42   -3   + |    29.383937090 |   13628   28913 |   2.74e-11
    4 |     33.514 |    42   -4   - |    34.069104896 |    7268   54075 |   9.28e-11
    5 |     13.507 |    49   -1   + |    11.260161785 |    5720   52347 |   7.28e-10
    6 |     13.583 |    41   -2   - |    15.940590028 |   59225   58352 |   3.16e-12
    7 |     21.147 |     8   -3   + |    29.285452495 |   51503   32948 |   1.19e-11
    8 |      21.76 |    10   -2   - |    16.019724162 |   10399   13633 |   3.27e-11
    9 |     24.287 |     8   -3   + |    29.285452495 |   24174   39983 |   1.35e-10
   10 |     25.066 |    19   -3   - |    25.041544537 |     373   64356 |   1.72e-10
   11 |     30.344 |     1   -4   + |    38.034841852 |   52420   36141 |   1.78e-10
   12 |     30.895 |     7   -3   - |    25.114911288 |   20319   25099 |   2.16e-10
   13 |     32.787 |     7   -4   + |    38.338130698 |   40361   55782 |   7.17e-10
   14 |     33.596 |     1   -3   - |    25.418200133 |   55165   31989 |   5.02e-11
  -> CHAINE COMPLETE : toutes les 14 cibles restantes atteintes.

--- depart l=26 : b1[26] = (t=32,k=-3,sg=-) = 25.015505959 | chaine atteint n_l = 14 etape(s) ---
etape |   cible x0 |     t    k  sg |               b |      N1      N2 |     erreur
    0 |   (depart) |    32   -3   - |    25.015505959 |                 |           
    1 |     25.115 |     8   -3   + |    29.285452495 |   57300    1367 |   3.34e-12
    2 |     30.231 |    49   -4   - |    34.063439633 |   29592    7301 |   6.03e-12
    3 |     30.884 |    46   -3   + |    29.387333046 |   15883   33741 |   5.50e-11
    4 |     33.514 |    45   -4   - |    34.066515330 |    8369   62507 |   2.34e-10
    5 |     13.507 |    41   -1   + |    11.253570823 |    4189   38219 |   4.15e-10
    6 |     13.583 |    47   -2   - |    15.935487846 |   65396   64755 |   5.90e-11
    7 |     21.147 |     2   -3   + |    29.111880423 |   60595   39648 |   2.85e-10
    8 |      21.76 |     8   -2   - |    16.038148923 |   13153   16900 |   2.92e-10
    9 |     24.287 |     1   -3   + |    28.970121569 |   31425   55352 |   3.34e-10
   10 |     25.066 |    17   -3   - |    25.048031726 |     201   43673 |   5.95e-11
   11 |     30.344 |     7   -4   + |    38.338130698 |   53689   35568 |   1.17e-10
   12 |     30.895 |    10   -3   - |    25.084444446 |   16461   21086 |   5.22e-11
   13 |     32.787 |     6   -4   + |    38.323200891 |   15852   22055 |   6.84e-11
   14 |     33.596 |     1   -3   - |    25.418200133 |   40306   23299 |   2.41e-10
  -> CHAINE COMPLETE : toutes les 14 cibles restantes atteintes.

--- depart l=27 : b1[27] = (t=33,k=-3,sg=-) = 25.014170421 | chaine atteint n_l = 14 etape(s) ---
etape |   cible x0 |     t    k  sg |               b |      N1      N2 |     erreur
    0 |   (depart) |    33   -3   - |    25.014170421 |                 |           
    1 |     25.115 |     9   -3   + |    29.295431860 |   60159    1451 |   2.69e-11
    2 |     30.231 |    48   -4   - |    34.064172396 |   61314   14965 |   5.70e-11
    3 |     30.884 |    44   -3   + |    29.385692940 |   22243   47211 |   2.46e-11
    4 |     33.514 |    50   -4   - |    34.062728956 |    7778   58517 |   8.48e-11
    5 |     13.507 |    50   -1   + |    11.260872462 |    6839   62588 |   1.74e-11
    6 |     13.583 |    43   -2   - |    15.938771097 |   16315   16082 |   4.56e-11
    7 |     21.147 |     8   -3   + |    29.285452495 |   14537    9303 |   1.15e-10
    8 |      21.76 |    10   -2   - |    16.019724162 |   10399   13633 |   3.27e-11
    9 |     24.287 |     8   -3   + |    29.285452495 |   24174   39983 |   1.35e-10
   10 |     25.066 |    19   -3   - |    25.041544537 |     373   64356 |   1.72e-10
   11 |     30.344 |     1   -4   + |    38.034841852 |   52420   36141 |   1.78e-10
   12 |     30.895 |     7   -3   - |    25.114911288 |   20319   25099 |   2.16e-10
   13 |     32.787 |     7   -4   + |    38.338130698 |   40361   55782 |   7.17e-10
   14 |     33.596 |     1   -3   - |    25.418200133 |   55165   31989 |   5.02e-11
  -> CHAINE COMPLETE : toutes les 14 cibles restantes atteintes.

--- depart l=28 : b1[28] = (t=34,k=-3,sg=-) = 25.012894212 | chaine atteint n_l = 14 etape(s) ---
etape |   cible x0 |     t    k  sg |               b |      N1      N2 |     erreur
    0 |   (depart) |    34   -3   - |    25.012894212 |                 |           
    1 |     25.115 |     8   -3   + |    29.285452495 |   54609    1337 |   1.25e-10
    2 |     30.231 |    49   -4   - |    34.063439633 |   29592    7301 |   6.03e-12
    3 |     30.884 |    46   -3   + |    29.387333046 |   15883   33741 |   5.50e-11
    4 |     33.514 |    45   -4   - |    34.066515330 |    8369   62507 |   2.34e-10
    5 |     13.507 |    41   -1   + |    11.253570823 |    4189   38219 |   4.15e-10
    6 |     13.583 |    47   -2   - |    15.935487846 |   65396   64755 |   5.90e-11
    7 |     21.147 |     2   -3   + |    29.111880423 |   60595   39648 |   2.85e-10
    8 |      21.76 |     8   -2   - |    16.038148923 |   13153   16900 |   2.92e-10
    9 |     24.287 |     1   -3   + |    28.970121569 |   31425   55352 |   3.34e-10
   10 |     25.066 |    17   -3   - |    25.048031726 |     201   43673 |   5.95e-11
   11 |     30.344 |     7   -4   + |    38.338130698 |   53689   35568 |   1.17e-10
   12 |     30.895 |    10   -3   - |    25.084444446 |   16461   21086 |   5.22e-11
   13 |     32.787 |     6   -4   + |    38.323200891 |   15852   22055 |   6.84e-11
   14 |     33.596 |     1   -3   - |    25.418200133 |   40306   23299 |   2.41e-10
  -> CHAINE COMPLETE : toutes les 14 cibles restantes atteintes.

--- depart l=29 : b1[29] = (t=35,k=-3,sg=-) = 25.011673064 | chaine atteint n_l = 14 etape(s) ---
etape |   cible x0 |     t    k  sg |               b |      N1      N2 |     erreur
    0 |   (depart) |    35   -3   - |    25.011673064 |                 |           
    1 |     25.115 |     4   -3   + |    29.213318780 |   34547     871 |   3.40e-11
    2 |     30.231 |    48   -4   - |    34.064172396 |   60107   15958 |   1.01e-10
    3 |     30.884 |    44   -3   + |    29.385692940 |   22243   47211 |   2.46e-11
    4 |     33.514 |    50   -4   - |    34.062728956 |    7778   58517 |   8.48e-11
    5 |     13.507 |    50   -1   + |    11.260872462 |    6839   62588 |   1.74e-11
    6 |     13.583 |    43   -2   - |    15.938771097 |   16315   16082 |   4.56e-11
    7 |     21.147 |     8   -3   + |    29.285452495 |   14537    9303 |   1.15e-10
    8 |      21.76 |    10   -2   - |    16.019724162 |   10399   13633 |   3.27e-11
    9 |     24.287 |     8   -3   + |    29.285452495 |   24174   39983 |   1.35e-10
   10 |     25.066 |    19   -3   - |    25.041544537 |     373   64356 |   1.72e-10
   11 |     30.344 |     1   -4   + |    38.034841852 |   52420   36141 |   1.78e-10
   12 |     30.895 |     7   -3   - |    25.114911288 |   20319   25099 |   2.16e-10
   13 |     32.787 |     7   -4   + |    38.338130698 |   40361   55782 |   7.17e-10
   14 |     33.596 |     1   -3   - |    25.418200133 |   55165   31989 |   5.02e-11
  -> CHAINE COMPLETE : toutes les 14 cibles restantes atteintes.

--- depart l=30 : b1[30] = (t=36,k=-3,sg=-) = 25.010503129 | chaine atteint n_l = 14 etape(s) ---
etape |   cible x0 |     t    k  sg |               b |      N1      N2 |     erreur
    0 |   (depart) |    36   -3   - |    25.010503129 |                 |           
    1 |     25.115 |     5   -3   + |    29.239287332 |   64846    1643 |   9.88e-11
    2 |     30.231 |    42   -4   - |    34.069104896 |    9331    2411 |   9.34e-11
    3 |     30.884 |    46   -3   + |    29.387333046 |   28416   60473 |   5.65e-12
    4 |     33.514 |    45   -4   - |    34.066515330 |    8369   62507 |   2.34e-10
    5 |     13.507 |    41   -1   + |    11.253570823 |    4189   38219 |   4.15e-10
    6 |     13.583 |    47   -2   - |    15.935487846 |   65396   64755 |   5.90e-11
    7 |     21.147 |     2   -3   + |    29.111880423 |   60595   39648 |   2.85e-10
    8 |      21.76 |     8   -2   - |    16.038148923 |   13153   16900 |   2.92e-10
    9 |     24.287 |     1   -3   + |    28.970121569 |   31425   55352 |   3.34e-10
   10 |     25.066 |    17   -3   - |    25.048031726 |     201   43673 |   5.95e-11
   11 |     30.344 |     7   -4   + |    38.338130698 |   53689   35568 |   1.17e-10
   12 |     30.895 |    10   -3   - |    25.084444446 |   16461   21086 |   5.22e-11
   13 |     32.787 |     6   -4   + |    38.323200891 |   15852   22055 |   6.84e-11
   14 |     33.596 |     1   -3   - |    25.418200133 |   40306   23299 |   2.41e-10
  -> CHAINE COMPLETE : toutes les 14 cibles restantes atteintes.

--- depart l=31 : b1[31] = (t=37,k=-3,sg=-) = 25.009380925 | chaine atteint n_l = 14 etape(s) ---
etape |   cible x0 |     t    k  sg |               b |      N1      N2 |     erreur
    0 |   (depart) |    37   -3   - |    25.009380925 |                 |           
    1 |     25.115 |    10   -3   + |    29.303877256 |   57547    1451 |   7.40e-11
    2 |     30.231 |    41   -4   - |    34.070030595 |   25027    6044 |   1.72e-10
    3 |     30.884 |    44   -3   + |    29.385692940 |   23058   49031 |   1.74e-11
    4 |     33.514 |    50   -4   - |    34.062728956 |    7778   58517 |   8.48e-11
    5 |     13.507 |    50   -1   + |    11.260872462 |    6839   62588 |   1.74e-11
    6 |     13.583 |    43   -2   - |    15.938771097 |   16315   16082 |   4.56e-11
    7 |     21.147 |     8   -3   + |    29.285452495 |   14537    9303 |   1.15e-10
    8 |      21.76 |    10   -2   - |    16.019724162 |   10399   13633 |   3.27e-11
    9 |     24.287 |     8   -3   + |    29.285452495 |   24174   39983 |   1.35e-10
   10 |     25.066 |    19   -3   - |    25.041544537 |     373   64356 |   1.72e-10
   11 |     30.344 |     1   -4   + |    38.034841852 |   52420   36141 |   1.78e-10
   12 |     30.895 |     7   -3   - |    25.114911288 |   20319   25099 |   2.16e-10
   13 |     32.787 |     7   -4   + |    38.338130698 |   40361   55782 |   7.17e-10
   14 |     33.596 |     1   -3   - |    25.418200133 |   55165   31989 |   5.02e-11
  -> CHAINE COMPLETE : toutes les 14 cibles restantes atteintes.

--- depart l=32 : b1[32] = (t=38,k=-3,sg=-) = 25.008303292 | chaine atteint n_l = 14 etape(s) ---
etape |   cible x0 |     t    k  sg |               b |      N1      N2 |     erreur
    0 |   (depart) |    38   -3   - |    25.008303292 |                 |           
    1 |     25.115 |     8   -3   + |    29.285452495 |   62461    1598 |   3.19e-11
    2 |     30.231 |    49   -4   - |    34.063439633 |   29592    7301 |   6.03e-12
    3 |     30.884 |    46   -3   + |    29.387333046 |   15883   33741 |   5.50e-11
    4 |     33.514 |    45   -4   - |    34.066515330 |    8369   62507 |   2.34e-10
    5 |     13.507 |    41   -1   + |    11.253570823 |    4189   38219 |   4.15e-10
    6 |     13.583 |    47   -2   - |    15.935487846 |   65396   64755 |   5.90e-11
    7 |     21.147 |     2   -3   + |    29.111880423 |   60595   39648 |   2.85e-10
    8 |      21.76 |     8   -2   - |    16.038148923 |   13153   16900 |   2.92e-10
    9 |     24.287 |     1   -3   + |    28.970121569 |   31425   55352 |   3.34e-10
   10 |     25.066 |    17   -3   - |    25.048031726 |     201   43673 |   5.95e-11
   11 |     30.344 |     7   -4   + |    38.338130698 |   53689   35568 |   1.17e-10
   12 |     30.895 |    10   -3   - |    25.084444446 |   16461   21086 |   5.22e-11
   13 |     32.787 |     6   -4   + |    38.323200891 |   15852   22055 |   6.84e-11
   14 |     33.596 |     1   -3   - |    25.418200133 |   40306   23299 |   2.41e-10
  -> CHAINE COMPLETE : toutes les 14 cibles restantes atteintes.

--- depart l=33 : b1[33] = (t=39,k=-3,sg=-) = 25.007267355 | chaine atteint n_l = 14 etape(s) ---
etape |   cible x0 |     t    k  sg |               b |      N1      N2 |     erreur
    0 |   (depart) |    39   -3   - |    25.007267355 |                 |           
    1 |     25.115 |     8   -3   + |    29.285452495 |   43821    1132 |   2.67e-11
    2 |     30.231 |    49   -4   - |    34.063439633 |   29592    7301 |   6.03e-12
    3 |     30.884 |    46   -3   + |    29.387333046 |   15883   33741 |   5.50e-11
    4 |     33.514 |    45   -4   - |    34.066515330 |    8369   62507 |   2.34e-10
    5 |     13.507 |    41   -1   + |    11.253570823 |    4189   38219 |   4.15e-10
    6 |     13.583 |    47   -2   - |    15.935487846 |   65396   64755 |   5.90e-11
    7 |     21.147 |     2   -3   + |    29.111880423 |   60595   39648 |   2.85e-10
    8 |      21.76 |     8   -2   - |    16.038148923 |   13153   16900 |   2.92e-10
    9 |     24.287 |     1   -3   + |    28.970121569 |   31425   55352 |   3.34e-10
   10 |     25.066 |    17   -3   - |    25.048031726 |     201   43673 |   5.95e-11
   11 |     30.344 |     7   -4   + |    38.338130698 |   53689   35568 |   1.17e-10
   12 |     30.895 |    10   -3   - |    25.084444446 |   16461   21086 |   5.22e-11
   13 |     32.787 |     6   -4   + |    38.323200891 |   15852   22055 |   6.84e-11
   14 |     33.596 |     1   -3   - |    25.418200133 |   40306   23299 |   2.41e-10
  -> CHAINE COMPLETE : toutes les 14 cibles restantes atteintes.

--- depart l=34 : b1[34] = (t=40,k=-3,sg=-) = 25.006270494 | chaine atteint n_l = 14 etape(s) ---
etape |   cible x0 |     t    k  sg |               b |      N1      N2 |     erreur
    0 |   (depart) |    40   -3   - |    25.006270494 |                 |           
    1 |     25.115 |     5   -3   + |    29.239287332 |   59363    1565 |   2.57e-11
    2 |     30.231 |    42   -4   - |    34.069104896 |    9331    2411 |   9.34e-11
    3 |     30.884 |    46   -3   + |    29.387333046 |   28416   60473 |   5.65e-12
    4 |     33.514 |    45   -4   - |    34.066515330 |    8369   62507 |   2.34e-10
    5 |     13.507 |    41   -1   + |    11.253570823 |    4189   38219 |   4.15e-10
    6 |     13.583 |    47   -2   - |    15.935487846 |   65396   64755 |   5.90e-11
    7 |     21.147 |     2   -3   + |    29.111880423 |   60595   39648 |   2.85e-10
    8 |      21.76 |     8   -2   - |    16.038148923 |   13153   16900 |   2.92e-10
    9 |     24.287 |     1   -3   + |    28.970121569 |   31425   55352 |   3.34e-10
   10 |     25.066 |    17   -3   - |    25.048031726 |     201   43673 |   5.95e-11
   11 |     30.344 |     7   -4   + |    38.338130698 |   53689   35568 |   1.17e-10
   12 |     30.895 |    10   -3   - |    25.084444446 |   16461   21086 |   5.22e-11
   13 |     32.787 |     6   -4   + |    38.323200891 |   15852   22055 |   6.84e-11
   14 |     33.596 |     1   -3   - |    25.418200133 |   40306   23299 |   2.41e-10
  -> CHAINE COMPLETE : toutes les 14 cibles restantes atteintes.

--- depart l=35 : b1[35] = (t=41,k=-3,sg=-) = 25.005310311 | chaine atteint n_l = 14 etape(s) ---
etape |   cible x0 |     t    k  sg |               b |      N1      N2 |     erreur
    0 |   (depart) |    41   -3   - |    25.005310311 |                 |           
    1 |     25.115 |     9   -3   + |    29.295431860 |   64637    1696 |   3.43e-10
    2 |     30.231 |    48   -4   - |    34.064172396 |   61314   14965 |   5.70e-11
    3 |     30.884 |    44   -3   + |    29.385692940 |   22243   47211 |   2.46e-11
    4 |     33.514 |    50   -4   - |    34.062728956 |    7778   58517 |   8.48e-11
    5 |     13.507 |    50   -1   + |    11.260872462 |    6839   62588 |   1.74e-11
    6 |     13.583 |    43   -2   - |    15.938771097 |   16315   16082 |   4.56e-11
    7 |     21.147 |     8   -3   + |    29.285452495 |   14537    9303 |   1.15e-10
    8 |      21.76 |    10   -2   - |    16.019724162 |   10399   13633 |   3.27e-11
    9 |     24.287 |     8   -3   + |    29.285452495 |   24174   39983 |   1.35e-10
   10 |     25.066 |    19   -3   - |    25.041544537 |     373   64356 |   1.72e-10
   11 |     30.344 |     1   -4   + |    38.034841852 |   52420   36141 |   1.78e-10
   12 |     30.895 |     7   -3   - |    25.114911288 |   20319   25099 |   2.16e-10
   13 |     32.787 |     7   -4   + |    38.338130698 |   40361   55782 |   7.17e-10
   14 |     33.596 |     1   -3   - |    25.418200133 |   55165   31989 |   5.02e-11
  -> CHAINE COMPLETE : toutes les 14 cibles restantes atteintes.

--- depart l=36 : b1[36] = (t=42,k=-3,sg=-) = 25.004384612 | chaine atteint n_l = 14 etape(s) ---
etape |   cible x0 |     t    k  sg |               b |      N1      N2 |     erreur
    0 |   (depart) |    42   -3   - |    25.004384612 |                 |           
    1 |     25.115 |     5   -3   + |    29.239287332 |   61371    1646 |   3.70e-10
    2 |     30.231 |    42   -4   - |    34.069104896 |    9331    2411 |   9.34e-11
    3 |     30.884 |    46   -3   + |    29.387333046 |   28416   60473 |   5.65e-12
    4 |     33.514 |    45   -4   - |    34.066515330 |    8369   62507 |   2.34e-10
    5 |     13.507 |    41   -1   + |    11.253570823 |    4189   38219 |   4.15e-10
    6 |     13.583 |    47   -2   - |    15.935487846 |   65396   64755 |   5.90e-11
    7 |     21.147 |     2   -3   + |    29.111880423 |   60595   39648 |   2.85e-10
    8 |      21.76 |     8   -2   - |    16.038148923 |   13153   16900 |   2.92e-10
    9 |     24.287 |     1   -3   + |    28.970121569 |   31425   55352 |   3.34e-10
   10 |     25.066 |    17   -3   - |    25.048031726 |     201   43673 |   5.95e-11
   11 |     30.344 |     7   -4   + |    38.338130698 |   53689   35568 |   1.17e-10
   12 |     30.895 |    10   -3   - |    25.084444446 |   16461   21086 |   5.22e-11
   13 |     32.787 |     6   -4   + |    38.323200891 |   15852   22055 |   6.84e-11
   14 |     33.596 |     1   -3   - |    25.418200133 |   40306   23299 |   2.41e-10
  -> CHAINE COMPLETE : toutes les 14 cibles restantes atteintes.

--- depart l=37 : b1[37] = (t=43,k=-3,sg=-) = 25.003491381 | chaine atteint n_l = 14 etape(s) ---
etape |   cible x0 |     t    k  sg |               b |      N1      N2 |     erreur
    0 |   (depart) |    43   -3   - |    25.003491381 |                 |           
    1 |     25.115 |     4   -3   + |    29.213318780 |   46199    1257 |   1.28e-10
    2 |     30.231 |    48   -4   - |    34.064172396 |   60107   15958 |   1.01e-10
    3 |     30.884 |    44   -3   + |    29.385692940 |   22243   47211 |   2.46e-11
    4 |     33.514 |    50   -4   - |    34.062728956 |    7778   58517 |   8.48e-11
    5 |     13.507 |    50   -1   + |    11.260872462 |    6839   62588 |   1.74e-11
    6 |     13.583 |    43   -2   - |    15.938771097 |   16315   16082 |   4.56e-11
    7 |     21.147 |     8   -3   + |    29.285452495 |   14537    9303 |   1.15e-10
    8 |      21.76 |    10   -2   - |    16.019724162 |   10399   13633 |   3.27e-11
    9 |     24.287 |     8   -3   + |    29.285452495 |   24174   39983 |   1.35e-10
   10 |     25.066 |    19   -3   - |    25.041544537 |     373   64356 |   1.72e-10
   11 |     30.344 |     1   -4   + |    38.034841852 |   52420   36141 |   1.78e-10
   12 |     30.895 |     7   -3   - |    25.114911288 |   20319   25099 |   2.16e-10
   13 |     32.787 |     7   -4   + |    38.338130698 |   40361   55782 |   7.17e-10
   14 |     33.596 |     1   -3   - |    25.418200133 |   55165   31989 |   5.02e-11
  -> CHAINE COMPLETE : toutes les 14 cibles restantes atteintes.

--- depart l=38 : b1[38] = (t=44,k=-3,sg=-) = 25.002628762 | chaine atteint n_l = 14 etape(s) ---
etape |   cible x0 |     t    k  sg |               b |      N1      N2 |     erreur
    0 |   (depart) |    44   -3   - |    25.002628762 |                 |           
    1 |     25.115 |    10   -3   + |    29.303877256 |   41564    1115 |   2.05e-11
    2 |     30.231 |    41   -4   - |    34.070030595 |   25027    6044 |   1.72e-10
    3 |     30.884 |    44   -3   + |    29.385692940 |   23058   49031 |   1.74e-11
    4 |     33.514 |    50   -4   - |    34.062728956 |    7778   58517 |   8.48e-11
    5 |     13.507 |    50   -1   + |    11.260872462 |    6839   62588 |   1.74e-11
    6 |     13.583 |    43   -2   - |    15.938771097 |   16315   16082 |   4.56e-11
    7 |     21.147 |     8   -3   + |    29.285452495 |   14537    9303 |   1.15e-10
    8 |      21.76 |    10   -2   - |    16.019724162 |   10399   13633 |   3.27e-11
    9 |     24.287 |     8   -3   + |    29.285452495 |   24174   39983 |   1.35e-10
   10 |     25.066 |    19   -3   - |    25.041544537 |     373   64356 |   1.72e-10
   11 |     30.344 |     1   -4   + |    38.034841852 |   52420   36141 |   1.78e-10
   12 |     30.895 |     7   -3   - |    25.114911288 |   20319   25099 |   2.16e-10
   13 |     32.787 |     7   -4   + |    38.338130698 |   40361   55782 |   7.17e-10
   14 |     33.596 |     1   -3   - |    25.418200133 |   55165   31989 |   5.02e-11
  -> CHAINE COMPLETE : toutes les 14 cibles restantes atteintes.

--- depart l=39 : b1[39] = (t=45,k=-3,sg=-) = 25.001795047 | chaine atteint n_l = 14 etape(s) ---
etape |   cible x0 |     t    k  sg |               b |      N1      N2 |     erreur
    0 |   (depart) |    45   -3   - |    25.001795047 |                 |           
    1 |     25.115 |     8   -3   + |    29.285452495 |   55665    1511 |   7.21e-11
    2 |     30.231 |    49   -4   - |    34.063439633 |   29592    7301 |   6.03e-12
    3 |     30.884 |    46   -3   + |    29.387333046 |   15883   33741 |   5.50e-11
    4 |     33.514 |    45   -4   - |    34.066515330 |    8369   62507 |   2.34e-10
    5 |     13.507 |    41   -1   + |    11.253570823 |    4189   38219 |   4.15e-10
    6 |     13.583 |    47   -2   - |    15.935487846 |   65396   64755 |   5.90e-11
    7 |     21.147 |     2   -3   + |    29.111880423 |   60595   39648 |   2.85e-10
    8 |      21.76 |     8   -2   - |    16.038148923 |   13153   16900 |   2.92e-10
    9 |     24.287 |     1   -3   + |    28.970121569 |   31425   55352 |   3.34e-10
   10 |     25.066 |    17   -3   - |    25.048031726 |     201   43673 |   5.95e-11
   11 |     30.344 |     7   -4   + |    38.338130698 |   53689   35568 |   1.17e-10
   12 |     30.895 |    10   -3   - |    25.084444446 |   16461   21086 |   5.22e-11
   13 |     32.787 |     6   -4   + |    38.323200891 |   15852   22055 |   6.84e-11
   14 |     33.596 |     1   -3   - |    25.418200133 |   40306   23299 |   2.41e-10
  -> CHAINE COMPLETE : toutes les 14 cibles restantes atteintes.

--- depart l=40 : b1[40] = (t=46,k=-3,sg=-) = 25.000988656 | chaine atteint n_l = 14 etape(s) ---
etape |   cible x0 |     t    k  sg |               b |      N1      N2 |     erreur
    0 |   (depart) |    46   -3   - |    25.000988656 |                 |           
    1 |     25.115 |     8   -3   + |    29.285452495 |   52601    1438 |   2.65e-10
    2 |     30.231 |    49   -4   - |    34.063439633 |   29592    7301 |   6.03e-12
    3 |     30.884 |    46   -3   + |    29.387333046 |   15883   33741 |   5.50e-11
    4 |     33.514 |    45   -4   - |    34.066515330 |    8369   62507 |   2.34e-10
    5 |     13.507 |    41   -1   + |    11.253570823 |    4189   38219 |   4.15e-10
    6 |     13.583 |    47   -2   - |    15.935487846 |   65396   64755 |   5.90e-11
    7 |     21.147 |     2   -3   + |    29.111880423 |   60595   39648 |   2.85e-10
    8 |      21.76 |     8   -2   - |    16.038148923 |   13153   16900 |   2.92e-10
    9 |     24.287 |     1   -3   + |    28.970121569 |   31425   55352 |   3.34e-10
   10 |     25.066 |    17   -3   - |    25.048031726 |     201   43673 |   5.95e-11
   11 |     30.344 |     7   -4   + |    38.338130698 |   53689   35568 |   1.17e-10
   12 |     30.895 |    10   -3   - |    25.084444446 |   16461   21086 |   5.22e-11
   13 |     32.787 |     6   -4   + |    38.323200891 |   15852   22055 |   6.84e-11
   14 |     33.596 |     1   -3   - |    25.418200133 |   40306   23299 |   2.41e-10
  -> CHAINE COMPLETE : toutes les 14 cibles restantes atteintes.

--- depart l=41 : b1[41] = (t=47,k=-3,sg=-) = 25.000208129 | chaine atteint n_l = 14 etape(s) ---
etape |   cible x0 |     t    k  sg |               b |      N1      N2 |     erreur
    0 |   (depart) |    47   -3   - |    25.000208129 |                 |           
    1 |     25.115 |     9   -3   + |    29.295431860 |   47889    1315 |   3.24e-11
    2 |     30.231 |    48   -4   - |    34.064172396 |   61314   14965 |   5.70e-11
    3 |     30.884 |    44   -3   + |    29.385692940 |   22243   47211 |   2.46e-11
    4 |     33.514 |    50   -4   - |    34.062728956 |    7778   58517 |   8.48e-11
    5 |     13.507 |    50   -1   + |    11.260872462 |    6839   62588 |   1.74e-11
    6 |     13.583 |    43   -2   - |    15.938771097 |   16315   16082 |   4.56e-11
    7 |     21.147 |     8   -3   + |    29.285452495 |   14537    9303 |   1.15e-10
    8 |      21.76 |    10   -2   - |    16.019724162 |   10399   13633 |   3.27e-11
    9 |     24.287 |     8   -3   + |    29.285452495 |   24174   39983 |   1.35e-10
   10 |     25.066 |    19   -3   - |    25.041544537 |     373   64356 |   1.72e-10
   11 |     30.344 |     1   -4   + |    38.034841852 |   52420   36141 |   1.78e-10
   12 |     30.895 |     7   -3   - |    25.114911288 |   20319   25099 |   2.16e-10
   13 |     32.787 |     7   -4   + |    38.338130698 |   40361   55782 |   7.17e-10
   14 |     33.596 |     1   -3   - |    25.418200133 |   55165   31989 |   5.02e-11
  -> CHAINE COMPLETE : toutes les 14 cibles restantes atteintes.

--- depart l=42 : b1[42] = (t=48,k=-3,sg=-) = 24.999452113 | chaine atteint n_l = 14 etape(s) ---
etape |   cible x0 |     t    k  sg |               b |      N1      N2 |     erreur
    0 |   (depart) |    48   -3   - |    24.999452113 |                 |           
    1 |     25.115 |     5   -3   + |    29.239287332 |   57145    1601 |   6.78e-11
    2 |     30.231 |    42   -4   - |    34.069104896 |    9331    2411 |   9.34e-11
    3 |     30.884 |    46   -3   + |    29.387333046 |   28416   60473 |   5.65e-12
    4 |     33.514 |    45   -4   - |    34.066515330 |    8369   62507 |   2.34e-10
    5 |     13.507 |    41   -1   + |    11.253570823 |    4189   38219 |   4.15e-10
    6 |     13.583 |    47   -2   - |    15.935487846 |   65396   64755 |   5.90e-11
    7 |     21.147 |     2   -3   + |    29.111880423 |   60595   39648 |   2.85e-10
    8 |      21.76 |     8   -2   - |    16.038148923 |   13153   16900 |   2.92e-10
    9 |     24.287 |     1   -3   + |    28.970121569 |   31425   55352 |   3.34e-10
   10 |     25.066 |    17   -3   - |    25.048031726 |     201   43673 |   5.95e-11
   11 |     30.344 |     7   -4   + |    38.338130698 |   53689   35568 |   1.17e-10
   12 |     30.895 |    10   -3   - |    25.084444446 |   16461   21086 |   5.22e-11
   13 |     32.787 |     6   -4   + |    38.323200891 |   15852   22055 |   6.84e-11
   14 |     33.596 |     1   -3   - |    25.418200133 |   40306   23299 |   2.41e-10
  -> CHAINE COMPLETE : toutes les 14 cibles restantes atteintes.

--- depart l=43 : b1[43] = (t=49,k=-3,sg=-) = 24.998719350 | chaine atteint n_l = 14 etape(s) ---
etape |   cible x0 |     t    k  sg |               b |      N1      N2 |     erreur
    0 |   (depart) |    49   -3   - |    24.998719350 |                 |           
    1 |     25.115 |     6   -3   + |    29.258480607 |   41121    1154 |   1.12e-11
    2 |     30.231 |    48   -4   - |    34.064172396 |   50049   12698 |   1.67e-11
    3 |     30.884 |    44   -3   + |    29.385692940 |   22243   47211 |   2.46e-11
    4 |     33.514 |    50   -4   - |    34.062728956 |    7778   58517 |   8.48e-11
    5 |     13.507 |    50   -1   + |    11.260872462 |    6839   62588 |   1.74e-11
    6 |     13.583 |    43   -2   - |    15.938771097 |   16315   16082 |   4.56e-11
    7 |     21.147 |     8   -3   + |    29.285452495 |   14537    9303 |   1.15e-10
    8 |      21.76 |    10   -2   - |    16.019724162 |   10399   13633 |   3.27e-11
    9 |     24.287 |     8   -3   + |    29.285452495 |   24174   39983 |   1.35e-10
   10 |     25.066 |    19   -3   - |    25.041544537 |     373   64356 |   1.72e-10
   11 |     30.344 |     1   -4   + |    38.034841852 |   52420   36141 |   1.78e-10
   12 |     30.895 |     7   -3   - |    25.114911288 |   20319   25099 |   2.16e-10
   13 |     32.787 |     7   -4   + |    38.338130698 |   40361   55782 |   7.17e-10
   14 |     33.596 |     1   -3   - |    25.418200133 |   55165   31989 |   5.02e-11
  -> CHAINE COMPLETE : toutes les 14 cibles restantes atteintes.

--- depart l=44 : b1[44] = (t=50,k=-3,sg=-) = 24.998008672 | chaine atteint n_l = 14 etape(s) ---
etape |   cible x0 |     t    k  sg |               b |      N1      N2 |     erreur
    0 |   (depart) |    50   -3   - |    24.998008672 |                 |           
    1 |     25.115 |     8   -3   + |    29.285452495 |   52794    1481 |   1.27e-10
    2 |     30.231 |    49   -4   - |    34.063439633 |   29592    7301 |   6.03e-12
    3 |     30.884 |    46   -3   + |    29.387333046 |   15883   33741 |   5.50e-11
    4 |     33.514 |    45   -4   - |    34.066515330 |    8369   62507 |   2.34e-10
    5 |     13.507 |    41   -1   + |    11.253570823 |    4189   38219 |   4.15e-10
    6 |     13.583 |    47   -2   - |    15.935487846 |   65396   64755 |   5.90e-11
    7 |     21.147 |     2   -3   + |    29.111880423 |   60595   39648 |   2.85e-10
    8 |      21.76 |     8   -2   - |    16.038148923 |   13153   16900 |   2.92e-10
    9 |     24.287 |     1   -3   + |    28.970121569 |   31425   55352 |   3.34e-10
   10 |     25.066 |    17   -3   - |    25.048031726 |     201   43673 |   5.95e-11
   11 |     30.344 |     7   -4   + |    38.338130698 |   53689   35568 |   1.17e-10
   12 |     30.895 |    10   -3   - |    25.084444446 |   16461   21086 |   5.22e-11
   13 |     32.787 |     6   -4   + |    38.323200891 |   15852   22055 |   6.84e-11
   14 |     33.596 |     1   -3   - |    25.418200133 |   40306   23299 |   2.41e-10
  -> CHAINE COMPLETE : toutes les 14 cibles restantes atteintes.

====================================================================================================
Intervalle [4] : intervalle de depart ]x0_1=25.115, x0_2=30.231[  -> 56 ancrages de depart trouves
cibles enchainees (dans l'ordre) : [30.231, 30.884, 33.514, 13.507, 13.583, 21.147, 21.76, 24.287, 25.066, 30.344, 30.895, 32.787, 33.596]
====================================================================================================

--- depart l=1 : b1[1] = (t=1,k=-3,sg=+) = 28.970121569 | chaine atteint n_l = 13 etape(s) ---
etape |   cible x0 |     t    k  sg |               b |      N1      N2 |     erreur
    0 |   (depart) |     1   -3   + |    28.970121569 |                 |           
    1 |     30.231 |    45   -4   - |    34.066515330 |   35831   11779 |   2.26e-11
    2 |     30.884 |    42   -3   + |    29.383937090 |   13628   28913 |   2.74e-11
    3 |     33.514 |    42   -4   - |    34.069104896 |    7268   54075 |   9.28e-11
    4 |     13.507 |    49   -1   + |    11.260161785 |    5720   52347 |   7.28e-10
    5 |     13.583 |    41   -2   - |    15.940590028 |   59225   58352 |   3.16e-12
    6 |     21.147 |     8   -3   + |    29.285452495 |   51503   32948 |   1.19e-11
    7 |      21.76 |    10   -2   - |    16.019724162 |   10399   13633 |   3.27e-11
    8 |     24.287 |     8   -3   + |    29.285452495 |   24174   39983 |   1.35e-10
    9 |     25.066 |    19   -3   - |    25.041544537 |     373   64356 |   1.72e-10
   10 |     30.344 |     1   -4   + |    38.034841852 |   52420   36141 |   1.78e-10
   11 |     30.895 |     7   -3   - |    25.114911288 |   20319   25099 |   2.16e-10
   12 |     32.787 |     7   -4   + |    38.338130698 |   40361   55782 |   7.17e-10
   13 |     33.596 |     1   -3   - |    25.418200133 |   55165   31989 |   5.02e-11
  -> CHAINE COMPLETE : toutes les 13 cibles restantes atteintes.

--- depart l=2 : b1[2] = (t=1,k=-3,sg=-) = 25.418200133 | chaine atteint n_l = 13 etape(s) ---
etape |   cible x0 |     t    k  sg |               b |      N1      N2 |     erreur
    0 |   (depart) |     1   -3   - |    25.418200133 |                 |           
    1 |     30.231 |    10   -4   + |    38.368597540 |   65396   38677 |   2.88e-10
    2 |     30.884 |     1   -3   - |    25.418200133 |   30115   41238 |   1.66e-10
    3 |     33.514 |     4   -4   + |    38.278039063 |   37596   63889 |   6.49e-10
    4 |     13.507 |    10   -1   - |     6.955003878 |   13793   52147 |   7.76e-10
    5 |     13.583 |    10   -2   + |    20.239156973 |   13709   13651 |   5.30e-11
    6 |     21.147 |    45   -3   - |    25.001795047 |   55297   13023 |   2.70e-11
    7 |      21.76 |    49   -2   + |    20.324882069 |   10977   24796 |   7.76e-12
    8 |     24.287 |    44   -3   - |    25.002628762 |   10409   57630 |   1.14e-11
    9 |     25.066 |     4   -3   + |    29.213318780 |   59293     906 |   8.84e-11
   10 |     30.344 |    47   -4   - |    34.064928413 |   61513   18692 |   1.17e-10
   11 |     30.895 |    49   -3   + |    29.389602352 |   18324   38585 |   3.20e-11
   12 |     32.787 |    44   -4   - |    34.067349046 |   23001   61033 |   1.69e-11
   13 |     33.596 |    41   -3   + |    29.383011391 |   15463    1730 |   1.43e-10
  -> CHAINE COMPLETE : toutes les 13 cibles restantes atteintes.

--- depart l=3 : b1[3] = (t=2,k=-3,sg=+) = 29.111880423 | chaine atteint n_l = 13 etape(s) ---
etape |   cible x0 |     t    k  sg |               b |      N1      N2 |     erreur
    0 |   (depart) |     2   -3   + |    29.111880423 |                 |           
    1 |     30.231 |    41   -4   - |    34.070030595 |   43892   12795 |   4.29e-11
    2 |     30.884 |    44   -3   + |    29.385692940 |   23058   49031 |   1.74e-11
    3 |     33.514 |    50   -4   - |    34.062728956 |    7778   58517 |   8.48e-11
    4 |     13.507 |    50   -1   + |    11.260872462 |    6839   62588 |   1.74e-11
    5 |     13.583 |    43   -2   - |    15.938771097 |   16315   16082 |   4.56e-11
    6 |     21.147 |     8   -3   + |    29.285452495 |   14537    9303 |   1.15e-10
    7 |      21.76 |    10   -2   - |    16.019724162 |   10399   13633 |   3.27e-11
    8 |     24.287 |     8   -3   + |    29.285452495 |   24174   39983 |   1.35e-10
    9 |     25.066 |    19   -3   - |    25.041544537 |     373   64356 |   1.72e-10
   10 |     30.344 |     1   -4   + |    38.034841852 |   52420   36141 |   1.78e-10
   11 |     30.895 |     7   -3   - |    25.114911288 |   20319   25099 |   2.16e-10
   12 |     32.787 |     7   -4   + |    38.338130698 |   40361   55782 |   7.17e-10
   13 |     33.596 |     1   -3   - |    25.418200133 |   55165   31989 |   5.02e-11
  -> CHAINE COMPLETE : toutes les 13 cibles restantes atteintes.

--- depart l=4 : b1[4] = (t=2,k=-3,sg=-) = 25.276441279 | chaine atteint n_l = 13 etape(s) ---
etape |   cible x0 |     t    k  sg |               b |      N1      N2 |     erreur
    0 |   (depart) |     2   -3   - |    25.276441279 |                 |           
    1 |     30.231 |     7   -4   + |    38.338130698 |   55999   34223 |   2.98e-10
    2 |     30.884 |    10   -3   - |    25.084444446 |   17312   22251 |   2.76e-11
    3 |     33.514 |     5   -4   + |    38.304007616 |   32609   57386 |   2.22e-10
    4 |     13.507 |     8   -1   - |     6.973428639 |   13382   50789 |   1.34e-09
    5 |     13.583 |     5   -2   + |    20.174567049 |   62971   63143 |   5.60e-11
    6 |     21.147 |    47   -3   - |    25.000208129 |   48635   12274 |   1.91e-10
    7 |      21.76 |    42   -2   + |    20.319216806 |    8344   18765 |   4.49e-11
    8 |     24.287 |    43   -3   - |    25.003491381 |   10173   56336 |   2.80e-10
    9 |     25.066 |     8   -3   + |    29.285452495 |   17483     259 |   8.79e-11
   10 |     30.344 |    45   -4   - |    34.066515330 |   38602   10977 |   1.27e-11
   11 |     30.895 |    44   -3   + |    29.385692940 |    6051   12715 |   1.95e-10
   12 |     32.787 |    45   -4   - |    34.066515330 |    5841   15527 |   1.25e-10
   13 |     33.596 |    50   -3   + |    29.390313030 |   51280    5737 |   1.34e-10
  -> CHAINE COMPLETE : toutes les 13 cibles restantes atteintes.

--- depart l=5 : b1[5] = (t=3,k=-3,sg=+) = 29.175342710 | chaine atteint n_l = 13 etape(s) ---
etape |   cible x0 |     t    k  sg |               b |      N1      N2 |     erreur
    0 |   (depart) |     3   -3   + |    29.175342710 |                 |           
    1 |     30.231 |    47   -4   - |    34.064928413 |   49189   13544 |   1.30e-10
    2 |     30.884 |    46   -3   + |    29.387333046 |   23791   50564 |   3.44e-11
    3 |     33.514 |    45   -4   - |    34.066515330 |    8369   62507 |   2.34e-10
    4 |     13.507 |    41   -1   + |    11.253570823 |    4189   38219 |   4.15e-10
    5 |     13.583 |    47   -2   - |    15.935487846 |   65396   64755 |   5.90e-11
    6 |     21.147 |     2   -3   + |    29.111880423 |   60595   39648 |   2.85e-10
    7 |      21.76 |     8   -2   - |    16.038148923 |   13153   16900 |   2.92e-10
    8 |     24.287 |     1   -3   + |    28.970121569 |   31425   55352 |   3.34e-10
    9 |     25.066 |    17   -3   - |    25.048031726 |     201   43673 |   5.95e-11
   10 |     30.344 |     7   -4   + |    38.338130698 |   53689   35568 |   1.17e-10
   11 |     30.895 |    10   -3   - |    25.084444446 |   16461   21086 |   5.22e-11
   12 |     32.787 |     6   -4   + |    38.323200891 |   15852   22055 |   6.84e-11
   13 |     33.596 |     1   -3   - |    25.418200133 |   40306   23299 |   2.41e-10
  -> CHAINE COMPLETE : toutes les 13 cibles restantes atteintes.

--- depart l=6 : b1[6] = (t=3,k=-3,sg=-) = 25.212978992 | chaine atteint n_l = 13 etape(s) ---
etape |   cible x0 |     t    k  sg |               b |      N1      N2 |     erreur
    0 |   (depart) |     3   -3   - |    25.212978992 |                 |           
    1 |     30.231 |     7   -4   + |    38.338130698 |   53449   33083 |   6.05e-11
    2 |     30.884 |    10   -3   - |    25.084444446 |   17312   22251 |   2.76e-11
    3 |     33.514 |     5   -4   + |    38.304007616 |   32609   57386 |   2.22e-10
    4 |     13.507 |     8   -1   - |     6.973428639 |   13382   50789 |   1.34e-09
    5 |     13.583 |     5   -2   + |    20.174567049 |   62971   63143 |   5.60e-11
    6 |     21.147 |    47   -3   - |    25.000208129 |   48635   12274 |   1.91e-10
    7 |      21.76 |    42   -2   + |    20.319216806 |    8344   18765 |   4.49e-11
    8 |     24.287 |    43   -3   - |    25.003491381 |   10173   56336 |   2.80e-10
    9 |     25.066 |     8   -3   + |    29.285452495 |   17483     259 |   8.79e-11
   10 |     30.344 |    45   -4   - |    34.066515330 |   38602   10977 |   1.27e-11
   11 |     30.895 |    44   -3   + |    29.385692940 |    6051   12715 |   1.95e-10
   12 |     32.787 |    45   -4   - |    34.066515330 |    5841   15527 |   1.25e-10
   13 |     33.596 |    50   -3   + |    29.390313030 |   51280    5737 |   1.34e-10
  -> CHAINE COMPLETE : toutes les 13 cibles restantes atteintes.

--- depart l=7 : b1[7] = (t=4,k=-3,sg=+) = 29.213318780 | chaine atteint n_l = 13 etape(s) ---
etape |   cible x0 |     t    k  sg |               b |      N1      N2 |     erreur
    0 |   (depart) |     4   -3   + |    29.213318780 |                 |           
    1 |     30.231 |    48   -4   - |    34.064172396 |   60107   15958 |   1.01e-10
    2 |     30.884 |    44   -3   + |    29.385692940 |   22243   47211 |   2.46e-11
    3 |     33.514 |    50   -4   - |    34.062728956 |    7778   58517 |   8.48e-11
    4 |     13.507 |    50   -1   + |    11.260872462 |    6839   62588 |   1.74e-11
    5 |     13.583 |    43   -2   - |    15.938771097 |   16315   16082 |   4.56e-11
    6 |     21.147 |     8   -3   + |    29.285452495 |   14537    9303 |   1.15e-10
    7 |      21.76 |    10   -2   - |    16.019724162 |   10399   13633 |   3.27e-11
    8 |     24.287 |     8   -3   + |    29.285452495 |   24174   39983 |   1.35e-10
    9 |     25.066 |    19   -3   - |    25.041544537 |     373   64356 |   1.72e-10
   10 |     30.344 |     1   -4   + |    38.034841852 |   52420   36141 |   1.78e-10
   11 |     30.895 |     7   -3   - |    25.114911288 |   20319   25099 |   2.16e-10
   12 |     32.787 |     7   -4   + |    38.338130698 |   40361   55782 |   7.17e-10
   13 |     33.596 |     1   -3   - |    25.418200133 |   55165   31989 |   5.02e-11
  -> CHAINE COMPLETE : toutes les 13 cibles restantes atteintes.

--- depart l=8 : b1[8] = (t=4,k=-3,sg=-) = 25.175002922 | chaine atteint n_l = 13 etape(s) ---
etape |   cible x0 |     t    k  sg |               b |      N1      N2 |     erreur
    0 |   (depart) |     4   -3   - |    25.175002922 |                 |           
    1 |     30.231 |     1   -4   + |    38.034841852 |   41833   27103 |   5.07e-10
    2 |     30.884 |     7   -3   - |    25.114911288 |   17135   21239 |   4.92e-10
    3 |     33.514 |     3   -4   + |    38.240062994 |   13123   23322 |   7.80e-10
    4 |     13.507 |     4   -1   - |     7.045562355 |   16463   63017 |   1.85e-10
    5 |     13.583 |     8   -2   + |    20.220732211 |   21774   21445 |   2.02e-10
    6 |     21.147 |    47   -3   - |    25.000208129 |   53817   12937 |   8.44e-11
    7 |      21.76 |    42   -2   + |    20.319216806 |    8344   18765 |   4.49e-11
    8 |     24.287 |    43   -3   - |    25.003491381 |   10173   56336 |   2.80e-10
    9 |     25.066 |     8   -3   + |    29.285452495 |   17483     259 |   8.79e-11
   10 |     30.344 |    45   -4   - |    34.066515330 |   38602   10977 |   1.27e-11
   11 |     30.895 |    44   -3   + |    29.385692940 |    6051   12715 |   1.95e-10
   12 |     32.787 |    45   -4   - |    34.066515330 |    5841   15527 |   1.25e-10
   13 |     33.596 |    50   -3   + |    29.390313030 |   51280    5737 |   1.34e-10
  -> CHAINE COMPLETE : toutes les 13 cibles restantes atteintes.

--- depart l=9 : b1[9] = (t=5,k=-3,sg=+) = 29.239287332 | chaine atteint n_l = 13 etape(s) ---
etape |   cible x0 |     t    k  sg |               b |      N1      N2 |     erreur
    0 |   (depart) |     5   -3   + |    29.239287332 |                 |           
    1 |     30.231 |    42   -4   - |    34.069104896 |    9331    2411 |   9.34e-11
    2 |     30.884 |    46   -3   + |    29.387333046 |   28416   60473 |   5.65e-12
    3 |     33.514 |    45   -4   - |    34.066515330 |    8369   62507 |   2.34e-10
    4 |     13.507 |    41   -1   + |    11.253570823 |    4189   38219 |   4.15e-10
    5 |     13.583 |    47   -2   - |    15.935487846 |   65396   64755 |   5.90e-11
    6 |     21.147 |     2   -3   + |    29.111880423 |   60595   39648 |   2.85e-10
    7 |      21.76 |     8   -2   - |    16.038148923 |   13153   16900 |   2.92e-10
    8 |     24.287 |     1   -3   + |    28.970121569 |   31425   55352 |   3.34e-10
    9 |     25.066 |    17   -3   - |    25.048031726 |     201   43673 |   5.95e-11
   10 |     30.344 |     7   -4   + |    38.338130698 |   53689   35568 |   1.17e-10
   11 |     30.895 |    10   -3   - |    25.084444446 |   16461   21086 |   5.22e-11
   12 |     32.787 |     6   -4   + |    38.323200891 |   15852   22055 |   6.84e-11
   13 |     33.596 |     1   -3   - |    25.418200133 |   40306   23299 |   2.41e-10
  -> CHAINE COMPLETE : toutes les 13 cibles restantes atteintes.

--- depart l=10 : b1[10] = (t=5,k=-3,sg=-) = 25.149034370 | chaine atteint n_l = 13 etape(s) ---
etape |   cible x0 |     t    k  sg |               b |      N1      N2 |     erreur
    0 |   (depart) |     5   -3   - |    25.149034370 |                 |           
    1 |     30.231 |     2   -4   + |    38.176600707 |   41273   26398 |   2.11e-11
    2 |     30.884 |     7   -3   - |    25.114911288 |   44827   56665 |   2.05e-10
    3 |     33.514 |     3   -4   + |    38.240062994 |   13123   23322 |   7.80e-10
    4 |     13.507 |     4   -1   - |     7.045562355 |   16463   63017 |   1.85e-10
    5 |     13.583 |     8   -2   + |    20.220732211 |   21774   21445 |   2.02e-10
    6 |     21.147 |    47   -3   - |    25.000208129 |   53817   12937 |   8.44e-11
    7 |      21.76 |    42   -2   + |    20.319216806 |    8344   18765 |   4.49e-11
    8 |     24.287 |    43   -3   - |    25.003491381 |   10173   56336 |   2.80e-10
    9 |     25.066 |     8   -3   + |    29.285452495 |   17483     259 |   8.79e-11
   10 |     30.344 |    45   -4   - |    34.066515330 |   38602   10977 |   1.27e-11
   11 |     30.895 |    44   -3   + |    29.385692940 |    6051   12715 |   1.95e-10
   12 |     32.787 |    45   -4   - |    34.066515330 |    5841   15527 |   1.25e-10
   13 |     33.596 |    50   -3   + |    29.390313030 |   51280    5737 |   1.34e-10
  -> CHAINE COMPLETE : toutes les 13 cibles restantes atteintes.

--- depart l=11 : b1[11] = (t=6,k=-3,sg=+) = 29.258480607 | chaine atteint n_l = 13 etape(s) ---
etape |   cible x0 |     t    k  sg |               b |      N1      N2 |     erreur
    0 |   (depart) |     6   -3   + |    29.258480607 |                 |           
    1 |     30.231 |    48   -4   - |    34.064172396 |   50049   12698 |   1.67e-11
    2 |     30.884 |    44   -3   + |    29.385692940 |   22243   47211 |   2.46e-11
    3 |     33.514 |    50   -4   - |    34.062728956 |    7778   58517 |   8.48e-11
    4 |     13.507 |    50   -1   + |    11.260872462 |    6839   62588 |   1.74e-11
    5 |     13.583 |    43   -2   - |    15.938771097 |   16315   16082 |   4.56e-11
    6 |     21.147 |     8   -3   + |    29.285452495 |   14537    9303 |   1.15e-10
    7 |      21.76 |    10   -2   - |    16.019724162 |   10399   13633 |   3.27e-11
    8 |     24.287 |     8   -3   + |    29.285452495 |   24174   39983 |   1.35e-10
    9 |     25.066 |    19   -3   - |    25.041544537 |     373   64356 |   1.72e-10
   10 |     30.344 |     1   -4   + |    38.034841852 |   52420   36141 |   1.78e-10
   11 |     30.895 |     7   -3   - |    25.114911288 |   20319   25099 |   2.16e-10
   12 |     32.787 |     7   -4   + |    38.338130698 |   40361   55782 |   7.17e-10
   13 |     33.596 |     1   -3   - |    25.418200133 |   55165   31989 |   5.02e-11
  -> CHAINE COMPLETE : toutes les 13 cibles restantes atteintes.

--- depart l=12 : b1[12] = (t=6,k=-3,sg=-) = 25.129841095 | chaine atteint n_l = 13 etape(s) ---
etape |   cible x0 |     t    k  sg |               b |      N1      N2 |     erreur
    0 |   (depart) |     6   -3   - |    25.129841095 |                 |           
    1 |     30.231 |     9   -4   + |    38.360152144 |   43999   27610 |   3.04e-10
    2 |     30.884 |     4   -3   - |    25.175002922 |   35372   46321 |   3.27e-11
    3 |     33.514 |     8   -4   + |    38.350172779 |   28440   49039 |   9.85e-11
    4 |     13.507 |     8   -1   - |     6.973428639 |    4104   15605 |   1.57e-10
    5 |     13.583 |     5   -2   + |    20.174567049 |   62971   63143 |   5.60e-11
    6 |     21.147 |    47   -3   - |    25.000208129 |   48635   12274 |   1.91e-10
    7 |      21.76 |    42   -2   + |    20.319216806 |    8344   18765 |   4.49e-11
    8 |     24.287 |    43   -3   - |    25.003491381 |   10173   56336 |   2.80e-10
    9 |     25.066 |     8   -3   + |    29.285452495 |   17483     259 |   8.79e-11
   10 |     30.344 |    45   -4   - |    34.066515330 |   38602   10977 |   1.27e-11
   11 |     30.895 |    44   -3   + |    29.385692940 |    6051   12715 |   1.95e-10
   12 |     32.787 |    45   -4   - |    34.066515330 |    5841   15527 |   1.25e-10
   13 |     33.596 |    50   -3   + |    29.390313030 |   51280    5737 |   1.34e-10
  -> CHAINE COMPLETE : toutes les 13 cibles restantes atteintes.

--- depart l=13 : b1[13] = (t=7,k=-3,sg=+) = 29.273410414 | chaine atteint n_l = 13 etape(s) ---
etape |   cible x0 |     t    k  sg |               b |      N1      N2 |     erreur
    0 |   (depart) |     7   -3   + |    29.273410414 |                 |           
    1 |     30.231 |    47   -4   - |    34.064928413 |   23626    5901 |   2.16e-10
    2 |     30.884 |    46   -3   + |    29.387333046 |   23791   50564 |   3.44e-11
    3 |     33.514 |    45   -4   - |    34.066515330 |    8369   62507 |   2.34e-10
    4 |     13.507 |    41   -1   + |    11.253570823 |    4189   38219 |   4.15e-10
    5 |     13.583 |    47   -2   - |    15.935487846 |   65396   64755 |   5.90e-11
    6 |     21.147 |     2   -3   + |    29.111880423 |   60595   39648 |   2.85e-10
    7 |      21.76 |     8   -2   - |    16.038148923 |   13153   16900 |   2.92e-10
    8 |     24.287 |     1   -3   + |    28.970121569 |   31425   55352 |   3.34e-10
    9 |     25.066 |    17   -3   - |    25.048031726 |     201   43673 |   5.95e-11
   10 |     30.344 |     7   -4   + |    38.338130698 |   53689   35568 |   1.17e-10
   11 |     30.895 |    10   -3   - |    25.084444446 |   16461   21086 |   5.22e-11
   12 |     32.787 |     6   -4   + |    38.323200891 |   15852   22055 |   6.84e-11
   13 |     33.596 |     1   -3   - |    25.418200133 |   40306   23299 |   2.41e-10
  -> CHAINE COMPLETE : toutes les 13 cibles restantes atteintes.

--- depart l=14 : b1[14] = (t=8,k=-3,sg=+) = 29.285452495 | chaine atteint n_l = 13 etape(s) ---
etape |   cible x0 |     t    k  sg |               b |      N1      N2 |     erreur
    0 |   (depart) |     8   -3   + |    29.285452495 |                 |           
    1 |     30.231 |    49   -4   - |    34.063439633 |   29592    7301 |   6.03e-12
    2 |     30.884 |    46   -3   + |    29.387333046 |   15883   33741 |   5.50e-11
    3 |     33.514 |    45   -4   - |    34.066515330 |    8369   62507 |   2.34e-10
    4 |     13.507 |    41   -1   + |    11.253570823 |    4189   38219 |   4.15e-10
    5 |     13.583 |    47   -2   - |    15.935487846 |   65396   64755 |   5.90e-11
    6 |     21.147 |     2   -3   + |    29.111880423 |   60595   39648 |   2.85e-10
    7 |      21.76 |     8   -2   - |    16.038148923 |   13153   16900 |   2.92e-10
    8 |     24.287 |     1   -3   + |    28.970121569 |   31425   55352 |   3.34e-10
    9 |     25.066 |    17   -3   - |    25.048031726 |     201   43673 |   5.95e-11
   10 |     30.344 |     7   -4   + |    38.338130698 |   53689   35568 |   1.17e-10
   11 |     30.895 |    10   -3   - |    25.084444446 |   16461   21086 |   5.22e-11
   12 |     32.787 |     6   -4   + |    38.323200891 |   15852   22055 |   6.84e-11
   13 |     33.596 |     1   -3   - |    25.418200133 |   40306   23299 |   2.41e-10
  -> CHAINE COMPLETE : toutes les 13 cibles restantes atteintes.

--- depart l=15 : b1[15] = (t=9,k=-3,sg=+) = 29.295431860 | chaine atteint n_l = 13 etape(s) ---
etape |   cible x0 |     t    k  sg |               b |      N1      N2 |     erreur
    0 |   (depart) |     9   -3   + |    29.295431860 |                 |           
    1 |     30.231 |    48   -4   - |    34.064172396 |   61314   14965 |   5.70e-11
    2 |     30.884 |    44   -3   + |    29.385692940 |   22243   47211 |   2.46e-11
    3 |     33.514 |    50   -4   - |    34.062728956 |    7778   58517 |   8.48e-11
    4 |     13.507 |    50   -1   + |    11.260872462 |    6839   62588 |   1.74e-11
    5 |     13.583 |    43   -2   - |    15.938771097 |   16315   16082 |   4.56e-11
    6 |     21.147 |     8   -3   + |    29.285452495 |   14537    9303 |   1.15e-10
    7 |      21.76 |    10   -2   - |    16.019724162 |   10399   13633 |   3.27e-11
    8 |     24.287 |     8   -3   + |    29.285452495 |   24174   39983 |   1.35e-10
    9 |     25.066 |    19   -3   - |    25.041544537 |     373   64356 |   1.72e-10
   10 |     30.344 |     1   -4   + |    38.034841852 |   52420   36141 |   1.78e-10
   11 |     30.895 |     7   -3   - |    25.114911288 |   20319   25099 |   2.16e-10
   12 |     32.787 |     7   -4   + |    38.338130698 |   40361   55782 |   7.17e-10
   13 |     33.596 |     1   -3   - |    25.418200133 |   55165   31989 |   5.02e-11
  -> CHAINE COMPLETE : toutes les 13 cibles restantes atteintes.

--- depart l=16 : b1[16] = (t=10,k=-3,sg=+) = 29.303877256 | chaine atteint n_l = 13 etape(s) ---
etape |   cible x0 |     t    k  sg |               b |      N1      N2 |     erreur
    0 |   (depart) |    10   -3   + |    29.303877256 |                 |           
    1 |     30.231 |    41   -4   - |    34.070030595 |   25027    6044 |   1.72e-10
    2 |     30.884 |    44   -3   + |    29.385692940 |   23058   49031 |   1.74e-11
    3 |     33.514 |    50   -4   - |    34.062728956 |    7778   58517 |   8.48e-11
    4 |     13.507 |    50   -1   + |    11.260872462 |    6839   62588 |   1.74e-11
    5 |     13.583 |    43   -2   - |    15.938771097 |   16315   16082 |   4.56e-11
    6 |     21.147 |     8   -3   + |    29.285452495 |   14537    9303 |   1.15e-10
    7 |      21.76 |    10   -2   - |    16.019724162 |   10399   13633 |   3.27e-11
    8 |     24.287 |     8   -3   + |    29.285452495 |   24174   39983 |   1.35e-10
    9 |     25.066 |    19   -3   - |    25.041544537 |     373   64356 |   1.72e-10
   10 |     30.344 |     1   -4   + |    38.034841852 |   52420   36141 |   1.78e-10
   11 |     30.895 |     7   -3   - |    25.114911288 |   20319   25099 |   2.16e-10
   12 |     32.787 |     7   -4   + |    38.338130698 |   40361   55782 |   7.17e-10
   13 |     33.596 |     1   -3   - |    25.418200133 |   55165   31989 |   5.02e-11
  -> CHAINE COMPLETE : toutes les 13 cibles restantes atteintes.

--- depart l=17 : b1[17] = (t=11,k=-3,sg=+) = 29.311145266 | chaine atteint n_l = 13 etape(s) ---
etape |   cible x0 |     t    k  sg |               b |      N1      N2 |     erreur
    0 |   (depart) |    11   -3   + |    29.311145266 |                 |           
    1 |     30.231 |    43   -4   - |    34.068211664 |   16974    4069 |   2.64e-11
    2 |     30.884 |    48   -3   + |    29.388869589 |   25547   54408 |   2.66e-11
    3 |     33.514 |    50   -4   - |    34.062728956 |    3833   28815 |   8.71e-11
    4 |     13.507 |    50   -1   + |    11.260872462 |    6839   62588 |   1.74e-11
    5 |     13.583 |    43   -2   - |    15.938771097 |   16315   16082 |   4.56e-11
    6 |     21.147 |     8   -3   + |    29.285452495 |   14537    9303 |   1.15e-10
    7 |      21.76 |    10   -2   - |    16.019724162 |   10399   13633 |   3.27e-11
    8 |     24.287 |     8   -3   + |    29.285452495 |   24174   39983 |   1.35e-10
    9 |     25.066 |    19   -3   - |    25.041544537 |     373   64356 |   1.72e-10
   10 |     30.344 |     1   -4   + |    38.034841852 |   52420   36141 |   1.78e-10
   11 |     30.895 |     7   -3   - |    25.114911288 |   20319   25099 |   2.16e-10
   12 |     32.787 |     7   -4   + |    38.338130698 |   40361   55782 |   7.17e-10
   13 |     33.596 |     1   -3   - |    25.418200133 |   55165   31989 |   5.02e-11
  -> CHAINE COMPLETE : toutes les 13 cibles restantes atteintes.

--- depart l=18 : b1[18] = (t=12,k=-3,sg=+) = 29.317486267 | chaine atteint n_l = 13 etape(s) ---
etape |   cible x0 |     t    k  sg |               b |      N1      N2 |     erreur
    0 |   (depart) |    12   -3   + |    29.317486267 |                 |           
    1 |     30.231 |    45   -4   - |    34.066515330 |   49397   11765 |   3.77e-10
    2 |     30.884 |    42   -3   + |    29.383937090 |   13628   28913 |   2.74e-11
    3 |     33.514 |    42   -4   - |    34.069104896 |    7268   54075 |   9.28e-11
    4 |     13.507 |    49   -1   + |    11.260161785 |    5720   52347 |   7.28e-10
    5 |     13.583 |    41   -2   - |    15.940590028 |   59225   58352 |   3.16e-12
    6 |     21.147 |     8   -3   + |    29.285452495 |   51503   32948 |   1.19e-11
    7 |      21.76 |    10   -2   - |    16.019724162 |   10399   13633 |   3.27e-11
    8 |     24.287 |     8   -3   + |    29.285452495 |   24174   39983 |   1.35e-10
    9 |     25.066 |    19   -3   - |    25.041544537 |     373   64356 |   1.72e-10
   10 |     30.344 |     1   -4   + |    38.034841852 |   52420   36141 |   1.78e-10
   11 |     30.895 |     7   -3   - |    25.114911288 |   20319   25099 |   2.16e-10
   12 |     32.787 |     7   -4   + |    38.338130698 |   40361   55782 |   7.17e-10
   13 |     33.596 |     1   -3   - |    25.418200133 |   55165   31989 |   5.02e-11
  -> CHAINE COMPLETE : toutes les 13 cibles restantes atteintes.

--- depart l=19 : b1[19] = (t=13,k=-3,sg=+) = 29.323081922 | chaine atteint n_l = 13 etape(s) ---
etape |   cible x0 |     t    k  sg |               b |      N1      N2 |     erreur
    0 |   (depart) |    13   -3   + |    29.323081922 |                 |           
    1 |     30.231 |    43   -4   - |    34.068211664 |   34855    8247 |   2.09e-10
    2 |     30.884 |    48   -3   + |    29.388869589 |   25547   54408 |   2.66e-11
    3 |     33.514 |    50   -4   - |    34.062728956 |    3833   28815 |   8.71e-11
    4 |     13.507 |    50   -1   + |    11.260872462 |    6839   62588 |   1.74e-11
    5 |     13.583 |    43   -2   - |    15.938771097 |   16315   16082 |   4.56e-11
    6 |     21.147 |     8   -3   + |    29.285452495 |   14537    9303 |   1.15e-10
    7 |      21.76 |    10   -2   - |    16.019724162 |   10399   13633 |   3.27e-11
    8 |     24.287 |     8   -3   + |    29.285452495 |   24174   39983 |   1.35e-10
    9 |     25.066 |    19   -3   - |    25.041544537 |     373   64356 |   1.72e-10
   10 |     30.344 |     1   -4   + |    38.034841852 |   52420   36141 |   1.78e-10
   11 |     30.895 |     7   -3   - |    25.114911288 |   20319   25099 |   2.16e-10
   12 |     32.787 |     7   -4   + |    38.338130698 |   40361   55782 |   7.17e-10
   13 |     33.596 |     1   -3   - |    25.418200133 |   55165   31989 |   5.02e-11
  -> CHAINE COMPLETE : toutes les 13 cibles restantes atteintes.

--- depart l=20 : b1[20] = (t=14,k=-3,sg=+) = 29.328067668 | chaine atteint n_l = 13 etape(s) ---
etape |   cible x0 |     t    k  sg |               b |      N1      N2 |     erreur
    0 |   (depart) |    14   -3   + |    29.328067668 |                 |           
    1 |     30.231 |    48   -4   - |    34.064172396 |   53834   12681 |   8.78e-11
    2 |     30.884 |    44   -3   + |    29.385692940 |   22243   47211 |   2.46e-11
    3 |     33.514 |    50   -4   - |    34.062728956 |    7778   58517 |   8.48e-11
    4 |     13.507 |    50   -1   + |    11.260872462 |    6839   62588 |   1.74e-11
    5 |     13.583 |    43   -2   - |    15.938771097 |   16315   16082 |   4.56e-11
    6 |     21.147 |     8   -3   + |    29.285452495 |   14537    9303 |   1.15e-10
    7 |      21.76 |    10   -2   - |    16.019724162 |   10399   13633 |   3.27e-11
    8 |     24.287 |     8   -3   + |    29.285452495 |   24174   39983 |   1.35e-10
    9 |     25.066 |    19   -3   - |    25.041544537 |     373   64356 |   1.72e-10
   10 |     30.344 |     1   -4   + |    38.034841852 |   52420   36141 |   1.78e-10
   11 |     30.895 |     7   -3   - |    25.114911288 |   20319   25099 |   2.16e-10
   12 |     32.787 |     7   -4   + |    38.338130698 |   40361   55782 |   7.17e-10
   13 |     33.596 |     1   -3   - |    25.418200133 |   55165   31989 |   5.02e-11
  -> CHAINE COMPLETE : toutes les 13 cibles restantes atteintes.

--- depart l=21 : b1[21] = (t=15,k=-3,sg=+) = 29.332546815 | chaine atteint n_l = 13 etape(s) ---
etape |   cible x0 |     t    k  sg |               b |      N1      N2 |     erreur
    0 |   (depart) |    15   -3   + |    29.332546815 |                 |           
    1 |     30.231 |    47   -4   - |    34.064928413 |   39199    9186 |   1.48e-10
    2 |     30.884 |    46   -3   + |    29.387333046 |   23791   50564 |   3.44e-11
    3 |     33.514 |    45   -4   - |    34.066515330 |    8369   62507 |   2.34e-10
    4 |     13.507 |    41   -1   + |    11.253570823 |    4189   38219 |   4.15e-10
    5 |     13.583 |    47   -2   - |    15.935487846 |   65396   64755 |   5.90e-11
    6 |     21.147 |     2   -3   + |    29.111880423 |   60595   39648 |   2.85e-10
    7 |      21.76 |     8   -2   - |    16.038148923 |   13153   16900 |   2.92e-10
    8 |     24.287 |     1   -3   + |    28.970121569 |   31425   55352 |   3.34e-10
    9 |     25.066 |    17   -3   - |    25.048031726 |     201   43673 |   5.95e-11
   10 |     30.344 |     7   -4   + |    38.338130698 |   53689   35568 |   1.17e-10
   11 |     30.895 |    10   -3   - |    25.084444446 |   16461   21086 |   5.22e-11
   12 |     32.787 |     6   -4   + |    38.323200891 |   15852   22055 |   6.84e-11
   13 |     33.596 |     1   -3   - |    25.418200133 |   40306   23299 |   2.41e-10
  -> CHAINE COMPLETE : toutes les 13 cibles restantes atteintes.

--- depart l=22 : b1[22] = (t=16,k=-3,sg=+) = 29.336599725 | chaine atteint n_l = 13 etape(s) ---
etape |   cible x0 |     t    k  sg |               b |      N1      N2 |     erreur
    0 |   (depart) |    16   -3   + |    29.336599725 |                 |           
    1 |     30.231 |    45   -4   - |    34.066515330 |   61002   14225 |   1.05e-10
    2 |     30.884 |    42   -3   + |    29.383937090 |   13628   28913 |   2.74e-11
    3 |     33.514 |    42   -4   - |    34.069104896 |    7268   54075 |   9.28e-11
    4 |     13.507 |    49   -1   + |    11.260161785 |    5720   52347 |   7.28e-10
    5 |     13.583 |    41   -2   - |    15.940590028 |   59225   58352 |   3.16e-12
    6 |     21.147 |     8   -3   + |    29.285452495 |   51503   32948 |   1.19e-11
    7 |      21.76 |    10   -2   - |    16.019724162 |   10399   13633 |   3.27e-11
    8 |     24.287 |     8   -3   + |    29.285452495 |   24174   39983 |   1.35e-10
    9 |     25.066 |    19   -3   - |    25.041544537 |     373   64356 |   1.72e-10
   10 |     30.344 |     1   -4   + |    38.034841852 |   52420   36141 |   1.78e-10
   11 |     30.895 |     7   -3   - |    25.114911288 |   20319   25099 |   2.16e-10
   12 |     32.787 |     7   -4   + |    38.338130698 |   40361   55782 |   7.17e-10
   13 |     33.596 |     1   -3   - |    25.418200133 |   55165   31989 |   5.02e-11
  -> CHAINE COMPLETE : toutes les 13 cibles restantes atteintes.

--- depart l=23 : b1[23] = (t=17,k=-3,sg=+) = 29.340289976 | chaine atteint n_l = 13 etape(s) ---
etape |   cible x0 |     t    k  sg |               b |      N1      N2 |     erreur
    0 |   (depart) |    17   -3   + |    29.340289976 |                 |           
    1 |     30.231 |    47   -4   - |    34.064928413 |   62723   14572 |   4.86e-11
    2 |     30.884 |    46   -3   + |    29.387333046 |   23791   50564 |   3.44e-11
    3 |     33.514 |    45   -4   - |    34.066515330 |    8369   62507 |   2.34e-10
    4 |     13.507 |    41   -1   + |    11.253570823 |    4189   38219 |   4.15e-10
    5 |     13.583 |    47   -2   - |    15.935487846 |   65396   64755 |   5.90e-11
    6 |     21.147 |     2   -3   + |    29.111880423 |   60595   39648 |   2.85e-10
    7 |      21.76 |     8   -2   - |    16.038148923 |   13153   16900 |   2.92e-10
    8 |     24.287 |     1   -3   + |    28.970121569 |   31425   55352 |   3.34e-10
    9 |     25.066 |    17   -3   - |    25.048031726 |     201   43673 |   5.95e-11
   10 |     30.344 |     7   -4   + |    38.338130698 |   53689   35568 |   1.17e-10
   11 |     30.895 |    10   -3   - |    25.084444446 |   16461   21086 |   5.22e-11
   12 |     32.787 |     6   -4   + |    38.323200891 |   15852   22055 |   6.84e-11
   13 |     33.596 |     1   -3   - |    25.418200133 |   40306   23299 |   2.41e-10
  -> CHAINE COMPLETE : toutes les 13 cibles restantes atteintes.

--- depart l=24 : b1[24] = (t=18,k=-3,sg=+) = 29.343668615 | chaine atteint n_l = 13 etape(s) ---
etape |   cible x0 |     t    k  sg |               b |      N1      N2 |     erreur
    0 |   (depart) |    18   -3   + |    29.343668615 |                 |           
    1 |     30.231 |    42   -4   - |    34.069104896 |   55396   12807 |   2.44e-11
    2 |     30.884 |    46   -3   + |    29.387333046 |   28416   60473 |   5.65e-12
    3 |     33.514 |    45   -4   - |    34.066515330 |    8369   62507 |   2.34e-10
    4 |     13.507 |    41   -1   + |    11.253570823 |    4189   38219 |   4.15e-10
    5 |     13.583 |    47   -2   - |    15.935487846 |   65396   64755 |   5.90e-11
    6 |     21.147 |     2   -3   + |    29.111880423 |   60595   39648 |   2.85e-10
    7 |      21.76 |     8   -2   - |    16.038148923 |   13153   16900 |   2.92e-10
    8 |     24.287 |     1   -3   + |    28.970121569 |   31425   55352 |   3.34e-10
    9 |     25.066 |    17   -3   - |    25.048031726 |     201   43673 |   5.95e-11
   10 |     30.344 |     7   -4   + |    38.338130698 |   53689   35568 |   1.17e-10
   11 |     30.895 |    10   -3   - |    25.084444446 |   16461   21086 |   5.22e-11
   12 |     32.787 |     6   -4   + |    38.323200891 |   15852   22055 |   6.84e-11
   13 |     33.596 |     1   -3   - |    25.418200133 |   40306   23299 |   2.41e-10
  -> CHAINE COMPLETE : toutes les 13 cibles restantes atteintes.

--- depart l=25 : b1[25] = (t=19,k=-3,sg=+) = 29.346777165 | chaine atteint n_l = 13 etape(s) ---
etape |   cible x0 |     t    k  sg |               b |      N1      N2 |     erreur
    0 |   (depart) |    19   -3   + |    29.346777165 |                 |           
    1 |     30.231 |    49   -4   - |    34.063439633 |   64875   14968 |   5.62e-12
    2 |     30.884 |    46   -3   + |    29.387333046 |   15883   33741 |   5.50e-11
    3 |     33.514 |    45   -4   - |    34.066515330 |    8369   62507 |   2.34e-10
    4 |     13.507 |    41   -1   + |    11.253570823 |    4189   38219 |   4.15e-10
    5 |     13.583 |    47   -2   - |    15.935487846 |   65396   64755 |   5.90e-11
    6 |     21.147 |     2   -3   + |    29.111880423 |   60595   39648 |   2.85e-10
    7 |      21.76 |     8   -2   - |    16.038148923 |   13153   16900 |   2.92e-10
    8 |     24.287 |     1   -3   + |    28.970121569 |   31425   55352 |   3.34e-10
    9 |     25.066 |    17   -3   - |    25.048031726 |     201   43673 |   5.95e-11
   10 |     30.344 |     7   -4   + |    38.338130698 |   53689   35568 |   1.17e-10
   11 |     30.895 |    10   -3   - |    25.084444446 |   16461   21086 |   5.22e-11
   12 |     32.787 |     6   -4   + |    38.323200891 |   15852   22055 |   6.84e-11
   13 |     33.596 |     1   -3   - |    25.418200133 |   40306   23299 |   2.41e-10
  -> CHAINE COMPLETE : toutes les 13 cibles restantes atteintes.

--- depart l=26 : b1[26] = (t=20,k=-3,sg=+) = 29.349649793 | chaine atteint n_l = 13 etape(s) ---
etape |   cible x0 |     t    k  sg |               b |      N1      N2 |     erreur
    0 |   (depart) |    20   -3   + |    29.349649793 |                 |           
    1 |     30.231 |    46   -4   - |    34.065708940 |   60352   13871 |   2.28e-10
    2 |     30.884 |    47   -3   + |    29.388113573 |   12042   25613 |   2.96e-10
    3 |     33.514 |    45   -4   - |    34.066515330 |    3611   26965 |   1.81e-10
    4 |     13.507 |    41   -1   + |    11.253570823 |    4189   38219 |   4.15e-10
    5 |     13.583 |    47   -2   - |    15.935487846 |   65396   64755 |   5.90e-11
    6 |     21.147 |     2   -3   + |    29.111880423 |   60595   39648 |   2.85e-10
    7 |      21.76 |     8   -2   - |    16.038148923 |   13153   16900 |   2.92e-10
    8 |     24.287 |     1   -3   + |    28.970121569 |   31425   55352 |   3.34e-10
    9 |     25.066 |    17   -3   - |    25.048031726 |     201   43673 |   5.95e-11
   10 |     30.344 |     7   -4   + |    38.338130698 |   53689   35568 |   1.17e-10
   11 |     30.895 |    10   -3   - |    25.084444446 |   16461   21086 |   5.22e-11
   12 |     32.787 |     6   -4   + |    38.323200891 |   15852   22055 |   6.84e-11
   13 |     33.596 |     1   -3   - |    25.418200133 |   40306   23299 |   2.41e-10
  -> CHAINE COMPLETE : toutes les 13 cibles restantes atteintes.

--- depart l=27 : b1[27] = (t=21,k=-3,sg=+) = 29.352314907 | chaine atteint n_l = 13 etape(s) ---
etape |   cible x0 |     t    k  sg |               b |      N1      N2 |     erreur
    0 |   (depart) |    21   -3   + |    29.352314907 |                 |           
    1 |     30.231 |    42   -4   - |    34.069104896 |   54753   12535 |   1.91e-10
    2 |     30.884 |    46   -3   + |    29.387333046 |   28416   60473 |   5.65e-12
    3 |     33.514 |    45   -4   - |    34.066515330 |    8369   62507 |   2.34e-10
    4 |     13.507 |    41   -1   + |    11.253570823 |    4189   38219 |   4.15e-10
    5 |     13.583 |    47   -2   - |    15.935487846 |   65396   64755 |   5.90e-11
    6 |     21.147 |     2   -3   + |    29.111880423 |   60595   39648 |   2.85e-10
    7 |      21.76 |     8   -2   - |    16.038148923 |   13153   16900 |   2.92e-10
    8 |     24.287 |     1   -3   + |    28.970121569 |   31425   55352 |   3.34e-10
    9 |     25.066 |    17   -3   - |    25.048031726 |     201   43673 |   5.95e-11
   10 |     30.344 |     7   -4   + |    38.338130698 |   53689   35568 |   1.17e-10
   11 |     30.895 |    10   -3   - |    25.084444446 |   16461   21086 |   5.22e-11
   12 |     32.787 |     6   -4   + |    38.323200891 |   15852   22055 |   6.84e-11
   13 |     33.596 |     1   -3   - |    25.418200133 |   40306   23299 |   2.41e-10
  -> CHAINE COMPLETE : toutes les 13 cibles restantes atteintes.

--- depart l=28 : b1[28] = (t=22,k=-3,sg=+) = 29.354796346 | chaine atteint n_l = 13 etape(s) ---
etape |   cible x0 |     t    k  sg |               b |      N1      N2 |     erreur
    0 |   (depart) |    22   -3   + |    29.354796346 |                 |           
    1 |     30.231 |    44   -4   - |    34.067349046 |   49607   11330 |   5.44e-11
    2 |     30.884 |    49   -3   + |    29.389602352 |   30041   63993 |   3.03e-11
    3 |     33.514 |    46   -4   - |    34.065708940 |    5468   40877 |   1.99e-10
    4 |     13.507 |    50   -1   + |    11.260872462 |    6662   60977 |   1.31e-09
    5 |     13.583 |    43   -2   - |    15.938771097 |   16315   16082 |   4.56e-11
    6 |     21.147 |     8   -3   + |    29.285452495 |   14537    9303 |   1.15e-10
    7 |      21.76 |    10   -2   - |    16.019724162 |   10399   13633 |   3.27e-11
    8 |     24.287 |     8   -3   + |    29.285452495 |   24174   39983 |   1.35e-10
    9 |     25.066 |    19   -3   - |    25.041544537 |     373   64356 |   1.72e-10
   10 |     30.344 |     1   -4   + |    38.034841852 |   52420   36141 |   1.78e-10
   11 |     30.895 |     7   -3   - |    25.114911288 |   20319   25099 |   2.16e-10
   12 |     32.787 |     7   -4   + |    38.338130698 |   40361   55782 |   7.17e-10
   13 |     33.596 |     1   -3   - |    25.418200133 |   55165   31989 |   5.02e-11
  -> CHAINE COMPLETE : toutes les 13 cibles restantes atteintes.

--- depart l=29 : b1[29] = (t=23,k=-3,sg=+) = 29.357114281 | chaine atteint n_l = 13 etape(s) ---
etape |   cible x0 |     t    k  sg |               b |      N1      N2 |     erreur
    0 |   (depart) |    23   -3   + |    29.357114281 |                 |           
    1 |     30.231 |    46   -4   - |    34.065708940 |   64378   14671 |   2.03e-10
    2 |     30.884 |    47   -3   + |    29.388113573 |   12042   25613 |   2.96e-10
    3 |     33.514 |    45   -4   - |    34.066515330 |    3611   26965 |   1.81e-10
    4 |     13.507 |    41   -1   + |    11.253570823 |    4189   38219 |   4.15e-10
    5 |     13.583 |    47   -2   - |    15.935487846 |   65396   64755 |   5.90e-11
    6 |     21.147 |     2   -3   + |    29.111880423 |   60595   39648 |   2.85e-10
    7 |      21.76 |     8   -2   - |    16.038148923 |   13153   16900 |   2.92e-10
    8 |     24.287 |     1   -3   + |    28.970121569 |   31425   55352 |   3.34e-10
    9 |     25.066 |    17   -3   - |    25.048031726 |     201   43673 |   5.95e-11
   10 |     30.344 |     7   -4   + |    38.338130698 |   53689   35568 |   1.17e-10
   11 |     30.895 |    10   -3   - |    25.084444446 |   16461   21086 |   5.22e-11
   12 |     32.787 |     6   -4   + |    38.323200891 |   15852   22055 |   6.84e-11
   13 |     33.596 |     1   -3   - |    25.418200133 |   40306   23299 |   2.41e-10
  -> CHAINE COMPLETE : toutes les 13 cibles restantes atteintes.

--- depart l=30 : b1[30] = (t=24,k=-3,sg=+) = 29.359285914 | chaine atteint n_l = 13 etape(s) ---
etape |   cible x0 |     t    k  sg |               b |      N1      N2 |     erreur
    0 |   (depart) |    24   -3   + |    29.359285914 |                 |           
    1 |     30.231 |    47   -4   - |    34.064928413 |   49422   11237 |   3.68e-11
    2 |     30.884 |    46   -3   + |    29.387333046 |   23791   50564 |   3.44e-11
    3 |     33.514 |    45   -4   - |    34.066515330 |    8369   62507 |   2.34e-10
    4 |     13.507 |    41   -1   + |    11.253570823 |    4189   38219 |   4.15e-10
    5 |     13.583 |    47   -2   - |    15.935487846 |   65396   64755 |   5.90e-11
    6 |     21.147 |     2   -3   + |    29.111880423 |   60595   39648 |   2.85e-10
    7 |      21.76 |     8   -2   - |    16.038148923 |   13153   16900 |   2.92e-10
    8 |     24.287 |     1   -3   + |    28.970121569 |   31425   55352 |   3.34e-10
    9 |     25.066 |    17   -3   - |    25.048031726 |     201   43673 |   5.95e-11
   10 |     30.344 |     7   -4   + |    38.338130698 |   53689   35568 |   1.17e-10
   11 |     30.895 |    10   -3   - |    25.084444446 |   16461   21086 |   5.22e-11
   12 |     32.787 |     6   -4   + |    38.323200891 |   15852   22055 |   6.84e-11
   13 |     33.596 |     1   -3   - |    25.418200133 |   40306   23299 |   2.41e-10
  -> CHAINE COMPLETE : toutes les 13 cibles restantes atteintes.

--- depart l=31 : b1[31] = (t=25,k=-3,sg=+) = 29.361326015 | chaine atteint n_l = 13 etape(s) ---
etape |   cible x0 |     t    k  sg |               b |      N1      N2 |     erreur
    0 |   (depart) |    25   -3   + |    29.361326015 |                 |           
    1 |     30.231 |    44   -4   - |    34.067349046 |   29723    6738 |   3.66e-11
    2 |     30.884 |    49   -3   + |    29.389602352 |   30041   63993 |   3.03e-11
    3 |     33.514 |    46   -4   - |    34.065708940 |    5468   40877 |   1.99e-10
    4 |     13.507 |    50   -1   + |    11.260872462 |    6662   60977 |   1.31e-09
    5 |     13.583 |    43   -2   - |    15.938771097 |   16315   16082 |   4.56e-11
    6 |     21.147 |     8   -3   + |    29.285452495 |   14537    9303 |   1.15e-10
    7 |      21.76 |    10   -2   - |    16.019724162 |   10399   13633 |   3.27e-11
    8 |     24.287 |     8   -3   + |    29.285452495 |   24174   39983 |   1.35e-10
    9 |     25.066 |    19   -3   - |    25.041544537 |     373   64356 |   1.72e-10
   10 |     30.344 |     1   -4   + |    38.034841852 |   52420   36141 |   1.78e-10
   11 |     30.895 |     7   -3   - |    25.114911288 |   20319   25099 |   2.16e-10
   12 |     32.787 |     7   -4   + |    38.338130698 |   40361   55782 |   7.17e-10
   13 |     33.596 |     1   -3   - |    25.418200133 |   55165   31989 |   5.02e-11
  -> CHAINE COMPLETE : toutes les 13 cibles restantes atteintes.

--- depart l=32 : b1[32] = (t=26,k=-3,sg=+) = 29.363247346 | chaine atteint n_l = 13 etape(s) ---
etape |   cible x0 |     t    k  sg |               b |      N1      N2 |     erreur
    0 |   (depart) |    26   -3   + |    29.363247346 |                 |           
    1 |     30.231 |    42   -4   - |    34.069104896 |   55633   12578 |   3.15e-11
    2 |     30.884 |    46   -3   + |    29.387333046 |   28416   60473 |   5.65e-12
    3 |     33.514 |    45   -4   - |    34.066515330 |    8369   62507 |   2.34e-10
    4 |     13.507 |    41   -1   + |    11.253570823 |    4189   38219 |   4.15e-10
    5 |     13.583 |    47   -2   - |    15.935487846 |   65396   64755 |   5.90e-11
    6 |     21.147 |     2   -3   + |    29.111880423 |   60595   39648 |   2.85e-10
    7 |      21.76 |     8   -2   - |    16.038148923 |   13153   16900 |   2.92e-10
    8 |     24.287 |     1   -3   + |    28.970121569 |   31425   55352 |   3.34e-10
    9 |     25.066 |    17   -3   - |    25.048031726 |     201   43673 |   5.95e-11
   10 |     30.344 |     7   -4   + |    38.338130698 |   53689   35568 |   1.17e-10
   11 |     30.895 |    10   -3   - |    25.084444446 |   16461   21086 |   5.22e-11
   12 |     32.787 |     6   -4   + |    38.323200891 |   15852   22055 |   6.84e-11
   13 |     33.596 |     1   -3   - |    25.418200133 |   40306   23299 |   2.41e-10
  -> CHAINE COMPLETE : toutes les 13 cibles restantes atteintes.

--- depart l=33 : b1[33] = (t=27,k=-3,sg=+) = 29.365061003 | chaine atteint n_l = 13 etape(s) ---
etape |   cible x0 |     t    k  sg |               b |      N1      N2 |     erreur
    0 |   (depart) |    27   -3   + |    29.365061003 |                 |           
    1 |     30.231 |    44   -4   - |    34.067349046 |   62365   14077 |   6.06e-11
    2 |     30.884 |    49   -3   + |    29.389602352 |   30041   63993 |   3.03e-11
    3 |     33.514 |    46   -4   - |    34.065708940 |    5468   40877 |   1.99e-10
    4 |     13.507 |    50   -1   + |    11.260872462 |    6662   60977 |   1.31e-09
    5 |     13.583 |    43   -2   - |    15.938771097 |   16315   16082 |   4.56e-11
    6 |     21.147 |     8   -3   + |    29.285452495 |   14537    9303 |   1.15e-10
    7 |      21.76 |    10   -2   - |    16.019724162 |   10399   13633 |   3.27e-11
    8 |     24.287 |     8   -3   + |    29.285452495 |   24174   39983 |   1.35e-10
    9 |     25.066 |    19   -3   - |    25.041544537 |     373   64356 |   1.72e-10
   10 |     30.344 |     1   -4   + |    38.034841852 |   52420   36141 |   1.78e-10
   11 |     30.895 |     7   -3   - |    25.114911288 |   20319   25099 |   2.16e-10
   12 |     32.787 |     7   -4   + |    38.338130698 |   40361   55782 |   7.17e-10
   13 |     33.596 |     1   -3   - |    25.418200133 |   55165   31989 |   5.02e-11
  -> CHAINE COMPLETE : toutes les 13 cibles restantes atteintes.

--- depart l=34 : b1[34] = (t=28,k=-3,sg=+) = 29.366776681 | chaine atteint n_l = 13 etape(s) ---
etape |   cible x0 |     t    k  sg |               b |      N1      N2 |     erreur
    0 |   (depart) |    28   -3   + |    29.366776681 |                 |           
    1 |     30.231 |    43   -4   - |    34.068211664 |   28079    6324 |   2.28e-10
    2 |     30.884 |    48   -3   + |    29.388869589 |   25547   54408 |   2.66e-11
    3 |     33.514 |    50   -4   - |    34.062728956 |    3833   28815 |   8.71e-11
    4 |     13.507 |    50   -1   + |    11.260872462 |    6839   62588 |   1.74e-11
    5 |     13.583 |    43   -2   - |    15.938771097 |   16315   16082 |   4.56e-11
    6 |     21.147 |     8   -3   + |    29.285452495 |   14537    9303 |   1.15e-10
    7 |      21.76 |    10   -2   - |    16.019724162 |   10399   13633 |   3.27e-11
    8 |     24.287 |     8   -3   + |    29.285452495 |   24174   39983 |   1.35e-10
    9 |     25.066 |    19   -3   - |    25.041544537 |     373   64356 |   1.72e-10
   10 |     30.344 |     1   -4   + |    38.034841852 |   52420   36141 |   1.78e-10
   11 |     30.895 |     7   -3   - |    25.114911288 |   20319   25099 |   2.16e-10
   12 |     32.787 |     7   -4   + |    38.338130698 |   40361   55782 |   7.17e-10
   13 |     33.596 |     1   -3   - |    25.418200133 |   55165   31989 |   5.02e-11
  -> CHAINE COMPLETE : toutes les 13 cibles restantes atteintes.

--- depart l=35 : b1[35] = (t=29,k=-3,sg=+) = 29.368402895 | chaine atteint n_l = 13 etape(s) ---
etape |   cible x0 |     t    k  sg |               b |      N1      N2 |     erreur
    0 |   (depart) |    29   -3   + |    29.368402895 |                 |           
    1 |     30.231 |    45   -4   - |    34.066515330 |   61597   13853 |   1.17e-10
    2 |     30.884 |    42   -3   + |    29.383937090 |   13628   28913 |   2.74e-11
    3 |     33.514 |    42   -4   - |    34.069104896 |    7268   54075 |   9.28e-11
    4 |     13.507 |    49   -1   + |    11.260161785 |    5720   52347 |   7.28e-10
    5 |     13.583 |    41   -2   - |    15.940590028 |   59225   58352 |   3.16e-12
    6 |     21.147 |     8   -3   + |    29.285452495 |   51503   32948 |   1.19e-11
    7 |      21.76 |    10   -2   - |    16.019724162 |   10399   13633 |   3.27e-11
    8 |     24.287 |     8   -3   + |    29.285452495 |   24174   39983 |   1.35e-10
    9 |     25.066 |    19   -3   - |    25.041544537 |     373   64356 |   1.72e-10
   10 |     30.344 |     1   -4   + |    38.034841852 |   52420   36141 |   1.78e-10
   11 |     30.895 |     7   -3   - |    25.114911288 |   20319   25099 |   2.16e-10
   12 |     32.787 |     7   -4   + |    38.338130698 |   40361   55782 |   7.17e-10
   13 |     33.596 |     1   -3   - |    25.418200133 |   55165   31989 |   5.02e-11
  -> CHAINE COMPLETE : toutes les 13 cibles restantes atteintes.

--- depart l=36 : b1[36] = (t=30,k=-3,sg=+) = 29.369947159 | chaine atteint n_l = 13 etape(s) ---
etape |   cible x0 |     t    k  sg |               b |      N1      N2 |     erreur
    0 |   (depart) |    30   -3   + |    29.369947159 |                 |           
    1 |     30.231 |    45   -4   - |    34.066515330 |   58331   13095 |   4.47e-12
    2 |     30.884 |    42   -3   + |    29.383937090 |   13628   28913 |   2.74e-11
    3 |     33.514 |    42   -4   - |    34.069104896 |    7268   54075 |   9.28e-11
    4 |     13.507 |    49   -1   + |    11.260161785 |    5720   52347 |   7.28e-10
    5 |     13.583 |    41   -2   - |    15.940590028 |   59225   58352 |   3.16e-12
    6 |     21.147 |     8   -3   + |    29.285452495 |   51503   32948 |   1.19e-11
    7 |      21.76 |    10   -2   - |    16.019724162 |   10399   13633 |   3.27e-11
    8 |     24.287 |     8   -3   + |    29.285452495 |   24174   39983 |   1.35e-10
    9 |     25.066 |    19   -3   - |    25.041544537 |     373   64356 |   1.72e-10
   10 |     30.344 |     1   -4   + |    38.034841852 |   52420   36141 |   1.78e-10
   11 |     30.895 |     7   -3   - |    25.114911288 |   20319   25099 |   2.16e-10
   12 |     32.787 |     7   -4   + |    38.338130698 |   40361   55782 |   7.17e-10
   13 |     33.596 |     1   -3   - |    25.418200133 |   55165   31989 |   5.02e-11
  -> CHAINE COMPLETE : toutes les 13 cibles restantes atteintes.

--- depart l=37 : b1[37] = (t=31,k=-3,sg=+) = 29.371416134 | chaine atteint n_l = 13 etape(s) ---
etape |   cible x0 |     t    k  sg |               b |      N1      N2 |     erreur
    0 |   (depart) |    31   -3   + |    29.371416134 |                 |           
    1 |     30.231 |    43   -4   - |    34.068211664 |   57653   12915 |   1.73e-10
    2 |     30.884 |    48   -3   + |    29.388869589 |   25547   54408 |   2.66e-11
    3 |     33.514 |    50   -4   - |    34.062728956 |    3833   28815 |   8.71e-11
    4 |     13.507 |    50   -1   + |    11.260872462 |    6839   62588 |   1.74e-11
    5 |     13.583 |    43   -2   - |    15.938771097 |   16315   16082 |   4.56e-11
    6 |     21.147 |     8   -3   + |    29.285452495 |   14537    9303 |   1.15e-10
    7 |      21.76 |    10   -2   - |    16.019724162 |   10399   13633 |   3.27e-11
    8 |     24.287 |     8   -3   + |    29.285452495 |   24174   39983 |   1.35e-10
    9 |     25.066 |    19   -3   - |    25.041544537 |     373   64356 |   1.72e-10
   10 |     30.344 |     1   -4   + |    38.034841852 |   52420   36141 |   1.78e-10
   11 |     30.895 |     7   -3   - |    25.114911288 |   20319   25099 |   2.16e-10
   12 |     32.787 |     7   -4   + |    38.338130698 |   40361   55782 |   7.17e-10
   13 |     33.596 |     1   -3   - |    25.418200133 |   55165   31989 |   5.02e-11
  -> CHAINE COMPLETE : toutes les 13 cibles restantes atteintes.

--- depart l=38 : b1[38] = (t=32,k=-3,sg=+) = 29.372815743 | chaine atteint n_l = 13 etape(s) ---
etape |   cible x0 |     t    k  sg |               b |      N1      N2 |     erreur
    0 |   (depart) |    32   -3   + |    29.372815743 |                 |           
    1 |     30.231 |    44   -4   - |    34.067349046 |   21681    4850 |   8.09e-11
    2 |     30.884 |    49   -3   + |    29.389602352 |   30041   63993 |   3.03e-11
    3 |     33.514 |    46   -4   - |    34.065708940 |    5468   40877 |   1.99e-10
    4 |     13.507 |    50   -1   + |    11.260872462 |    6662   60977 |   1.31e-09
    5 |     13.583 |    43   -2   - |    15.938771097 |   16315   16082 |   4.56e-11
    6 |     21.147 |     8   -3   + |    29.285452495 |   14537    9303 |   1.15e-10
    7 |      21.76 |    10   -2   - |    16.019724162 |   10399   13633 |   3.27e-11
    8 |     24.287 |     8   -3   + |    29.285452495 |   24174   39983 |   1.35e-10
    9 |     25.066 |    19   -3   - |    25.041544537 |     373   64356 |   1.72e-10
   10 |     30.344 |     1   -4   + |    38.034841852 |   52420   36141 |   1.78e-10
   11 |     30.895 |     7   -3   - |    25.114911288 |   20319   25099 |   2.16e-10
   12 |     32.787 |     7   -4   + |    38.338130698 |   40361   55782 |   7.17e-10
   13 |     33.596 |     1   -3   - |    25.418200133 |   55165   31989 |   5.02e-11
  -> CHAINE COMPLETE : toutes les 13 cibles restantes atteintes.

--- depart l=39 : b1[39] = (t=33,k=-3,sg=+) = 29.374151281 | chaine atteint n_l = 13 etape(s) ---
etape |   cible x0 |     t    k  sg |               b |      N1      N2 |     erreur
    0 |   (depart) |    33   -3   + |    29.374151281 |                 |           
    1 |     30.231 |    43   -4   - |    34.068211664 |   25571    5710 |   5.69e-11
    2 |     30.884 |    48   -3   + |    29.388869589 |   25547   54408 |   2.66e-11
    3 |     33.514 |    50   -4   - |    34.062728956 |    3833   28815 |   8.71e-11
    4 |     13.507 |    50   -1   + |    11.260872462 |    6839   62588 |   1.74e-11
    5 |     13.583 |    43   -2   - |    15.938771097 |   16315   16082 |   4.56e-11
    6 |     21.147 |     8   -3   + |    29.285452495 |   14537    9303 |   1.15e-10
    7 |      21.76 |    10   -2   - |    16.019724162 |   10399   13633 |   3.27e-11
    8 |     24.287 |     8   -3   + |    29.285452495 |   24174   39983 |   1.35e-10
    9 |     25.066 |    19   -3   - |    25.041544537 |     373   64356 |   1.72e-10
   10 |     30.344 |     1   -4   + |    38.034841852 |   52420   36141 |   1.78e-10
   11 |     30.895 |     7   -3   - |    25.114911288 |   20319   25099 |   2.16e-10
   12 |     32.787 |     7   -4   + |    38.338130698 |   40361   55782 |   7.17e-10
   13 |     33.596 |     1   -3   - |    25.418200133 |   55165   31989 |   5.02e-11
  -> CHAINE COMPLETE : toutes les 13 cibles restantes atteintes.

--- depart l=40 : b1[40] = (t=34,k=-3,sg=+) = 29.375427490 | chaine atteint n_l = 13 etape(s) ---
etape |   cible x0 |     t    k  sg |               b |      N1      N2 |     erreur
    0 |   (depart) |    34   -3   + |    29.375427490 |                 |           
    1 |     30.231 |    50   -4   - |    34.062728956 |   56179   12544 |   4.03e-11
    2 |     30.884 |    48   -3   + |    29.388869589 |   17897   38050 |   4.08e-11
    3 |     33.514 |    50   -4   - |    34.062728956 |    3833   28815 |   8.71e-11
    4 |     13.507 |    50   -1   + |    11.260872462 |    6839   62588 |   1.74e-11
    5 |     13.583 |    43   -2   - |    15.938771097 |   16315   16082 |   4.56e-11
    6 |     21.147 |     8   -3   + |    29.285452495 |   14537    9303 |   1.15e-10
    7 |      21.76 |    10   -2   - |    16.019724162 |   10399   13633 |   3.27e-11
    8 |     24.287 |     8   -3   + |    29.285452495 |   24174   39983 |   1.35e-10
    9 |     25.066 |    19   -3   - |    25.041544537 |     373   64356 |   1.72e-10
   10 |     30.344 |     1   -4   + |    38.034841852 |   52420   36141 |   1.78e-10
   11 |     30.895 |     7   -3   - |    25.114911288 |   20319   25099 |   2.16e-10
   12 |     32.787 |     7   -4   + |    38.338130698 |   40361   55782 |   7.17e-10
   13 |     33.596 |     1   -3   - |    25.418200133 |   55165   31989 |   5.02e-11
  -> CHAINE COMPLETE : toutes les 13 cibles restantes atteintes.

--- depart l=41 : b1[41] = (t=35,k=-3,sg=+) = 29.376648638 | chaine atteint n_l = 13 etape(s) ---
etape |   cible x0 |     t    k  sg |               b |      N1      N2 |     erreur
    0 |   (depart) |    35   -3   + |    29.376648638 |                 |           
    1 |     30.231 |    50   -4   - |    34.062728956 |   15056    3357 |   1.05e-10
    2 |     30.884 |    48   -3   + |    29.388869589 |   17897   38050 |   4.08e-11
    3 |     33.514 |    50   -4   - |    34.062728956 |    3833   28815 |   8.71e-11
    4 |     13.507 |    50   -1   + |    11.260872462 |    6839   62588 |   1.74e-11
    5 |     13.583 |    43   -2   - |    15.938771097 |   16315   16082 |   4.56e-11
    6 |     21.147 |     8   -3   + |    29.285452495 |   14537    9303 |   1.15e-10
    7 |      21.76 |    10   -2   - |    16.019724162 |   10399   13633 |   3.27e-11
    8 |     24.287 |     8   -3   + |    29.285452495 |   24174   39983 |   1.35e-10
    9 |     25.066 |    19   -3   - |    25.041544537 |     373   64356 |   1.72e-10
   10 |     30.344 |     1   -4   + |    38.034841852 |   52420   36141 |   1.78e-10
   11 |     30.895 |     7   -3   - |    25.114911288 |   20319   25099 |   2.16e-10
   12 |     32.787 |     7   -4   + |    38.338130698 |   40361   55782 |   7.17e-10
   13 |     33.596 |     1   -3   - |    25.418200133 |   55165   31989 |   5.02e-11
  -> CHAINE COMPLETE : toutes les 13 cibles restantes atteintes.

--- depart l=42 : b1[42] = (t=36,k=-3,sg=+) = 29.377818573 | chaine atteint n_l = 13 etape(s) ---
etape |   cible x0 |     t    k  sg |               b |      N1      N2 |     erreur
    0 |   (depart) |    36   -3   + |    29.377818573 |                 |           
    1 |     30.231 |    48   -4   - |    34.064172396 |   27451    6110 |   6.02e-10
    2 |     30.884 |    44   -3   + |    29.385692940 |   22243   47211 |   2.46e-11
    3 |     33.514 |    50   -4   - |    34.062728956 |    7778   58517 |   8.48e-11
    4 |     13.507 |    50   -1   + |    11.260872462 |    6839   62588 |   1.74e-11
    5 |     13.583 |    43   -2   - |    15.938771097 |   16315   16082 |   4.56e-11
    6 |     21.147 |     8   -3   + |    29.285452495 |   14537    9303 |   1.15e-10
    7 |      21.76 |    10   -2   - |    16.019724162 |   10399   13633 |   3.27e-11
    8 |     24.287 |     8   -3   + |    29.285452495 |   24174   39983 |   1.35e-10
    9 |     25.066 |    19   -3   - |    25.041544537 |     373   64356 |   1.72e-10
   10 |     30.344 |     1   -4   + |    38.034841852 |   52420   36141 |   1.78e-10
   11 |     30.895 |     7   -3   - |    25.114911288 |   20319   25099 |   2.16e-10
   12 |     32.787 |     7   -4   + |    38.338130698 |   40361   55782 |   7.17e-10
   13 |     33.596 |     1   -3   - |    25.418200133 |   55165   31989 |   5.02e-11
  -> CHAINE COMPLETE : toutes les 13 cibles restantes atteintes.

--- depart l=43 : b1[43] = (t=37,k=-3,sg=+) = 29.378940777 | chaine atteint n_l = 13 etape(s) ---
etape |   cible x0 |     t    k  sg |               b |      N1      N2 |     erreur
    0 |   (depart) |    37   -3   + |    29.378940777 |                 |           
    1 |     30.231 |    41   -4   - |    34.070030595 |   51170   11357 |   2.59e-10
    2 |     30.884 |    44   -3   + |    29.385692940 |   23058   49031 |   1.74e-11
    3 |     33.514 |    50   -4   - |    34.062728956 |    7778   58517 |   8.48e-11
    4 |     13.507 |    50   -1   + |    11.260872462 |    6839   62588 |   1.74e-11
    5 |     13.583 |    43   -2   - |    15.938771097 |   16315   16082 |   4.56e-11
    6 |     21.147 |     8   -3   + |    29.285452495 |   14537    9303 |   1.15e-10
    7 |      21.76 |    10   -2   - |    16.019724162 |   10399   13633 |   3.27e-11
    8 |     24.287 |     8   -3   + |    29.285452495 |   24174   39983 |   1.35e-10
    9 |     25.066 |    19   -3   - |    25.041544537 |     373   64356 |   1.72e-10
   10 |     30.344 |     1   -4   + |    38.034841852 |   52420   36141 |   1.78e-10
   11 |     30.895 |     7   -3   - |    25.114911288 |   20319   25099 |   2.16e-10
   12 |     32.787 |     7   -4   + |    38.338130698 |   40361   55782 |   7.17e-10
   13 |     33.596 |     1   -3   - |    25.418200133 |   55165   31989 |   5.02e-11
  -> CHAINE COMPLETE : toutes les 13 cibles restantes atteintes.

--- depart l=44 : b1[44] = (t=38,k=-3,sg=+) = 29.380018410 | chaine atteint n_l = 13 etape(s) ---
etape |   cible x0 |     t    k  sg |               b |      N1      N2 |     erreur
    0 |   (depart) |    38   -3   + |    29.380018410 |                 |           
    1 |     30.231 |    42   -4   - |    34.069104896 |   55223   12244 |   1.08e-11
    2 |     30.884 |    46   -3   + |    29.387333046 |   28416   60473 |   5.65e-12
    3 |     33.514 |    45   -4   - |    34.066515330 |    8369   62507 |   2.34e-10
    4 |     13.507 |    41   -1   + |    11.253570823 |    4189   38219 |   4.15e-10
    5 |     13.583 |    47   -2   - |    15.935487846 |   65396   64755 |   5.90e-11
    6 |     21.147 |     2   -3   + |    29.111880423 |   60595   39648 |   2.85e-10
    7 |      21.76 |     8   -2   - |    16.038148923 |   13153   16900 |   2.92e-10
    8 |     24.287 |     1   -3   + |    28.970121569 |   31425   55352 |   3.34e-10
    9 |     25.066 |    17   -3   - |    25.048031726 |     201   43673 |   5.95e-11
   10 |     30.344 |     7   -4   + |    38.338130698 |   53689   35568 |   1.17e-10
   11 |     30.895 |    10   -3   - |    25.084444446 |   16461   21086 |   5.22e-11
   12 |     32.787 |     6   -4   + |    38.323200891 |   15852   22055 |   6.84e-11
   13 |     33.596 |     1   -3   - |    25.418200133 |   40306   23299 |   2.41e-10
  -> CHAINE COMPLETE : toutes les 13 cibles restantes atteintes.

--- depart l=45 : b1[45] = (t=39,k=-3,sg=+) = 29.381054347 | chaine atteint n_l = 13 etape(s) ---
etape |   cible x0 |     t    k  sg |               b |      N1      N2 |     erreur
    0 |   (depart) |    39   -3   + |    29.381054347 |                 |           
    1 |     30.231 |    46   -4   - |    34.065708940 |   50662   11229 |   7.17e-11
    2 |     30.884 |    47   -3   + |    29.388113573 |   12042   25613 |   2.96e-10
    3 |     33.514 |    45   -4   - |    34.066515330 |    3611   26965 |   1.81e-10
    4 |     13.507 |    41   -1   + |    11.253570823 |    4189   38219 |   4.15e-10
    5 |     13.583 |    47   -2   - |    15.935487846 |   65396   64755 |   5.90e-11
    6 |     21.147 |     2   -3   + |    29.111880423 |   60595   39648 |   2.85e-10
    7 |      21.76 |     8   -2   - |    16.038148923 |   13153   16900 |   2.92e-10
    8 |     24.287 |     1   -3   + |    28.970121569 |   31425   55352 |   3.34e-10
    9 |     25.066 |    17   -3   - |    25.048031726 |     201   43673 |   5.95e-11
   10 |     30.344 |     7   -4   + |    38.338130698 |   53689   35568 |   1.17e-10
   11 |     30.895 |    10   -3   - |    25.084444446 |   16461   21086 |   5.22e-11
   12 |     32.787 |     6   -4   + |    38.323200891 |   15852   22055 |   6.84e-11
   13 |     33.596 |     1   -3   - |    25.418200133 |   40306   23299 |   2.41e-10
  -> CHAINE COMPLETE : toutes les 13 cibles restantes atteintes.

--- depart l=46 : b1[46] = (t=40,k=-3,sg=+) = 29.382051208 | chaine atteint n_l = 13 etape(s) ---
etape |   cible x0 |     t    k  sg |               b |      N1      N2 |     erreur
    0 |   (depart) |    40   -3   + |    29.382051208 |                 |           
    1 |     30.231 |    46   -4   - |    34.065708940 |   35454    7849 |   1.81e-11
    2 |     30.884 |    47   -3   + |    29.388113573 |   12042   25613 |   2.96e-10
    3 |     33.514 |    45   -4   - |    34.066515330 |    3611   26965 |   1.81e-10
    4 |     13.507 |    41   -1   + |    11.253570823 |    4189   38219 |   4.15e-10
    5 |     13.583 |    47   -2   - |    15.935487846 |   65396   64755 |   5.90e-11
    6 |     21.147 |     2   -3   + |    29.111880423 |   60595   39648 |   2.85e-10
    7 |      21.76 |     8   -2   - |    16.038148923 |   13153   16900 |   2.92e-10
    8 |     24.287 |     1   -3   + |    28.970121569 |   31425   55352 |   3.34e-10
    9 |     25.066 |    17   -3   - |    25.048031726 |     201   43673 |   5.95e-11
   10 |     30.344 |     7   -4   + |    38.338130698 |   53689   35568 |   1.17e-10
   11 |     30.895 |    10   -3   - |    25.084444446 |   16461   21086 |   5.22e-11
   12 |     32.787 |     6   -4   + |    38.323200891 |   15852   22055 |   6.84e-11
   13 |     33.596 |     1   -3   - |    25.418200133 |   40306   23299 |   2.41e-10
  -> CHAINE COMPLETE : toutes les 13 cibles restantes atteintes.

--- depart l=47 : b1[47] = (t=41,k=-3,sg=+) = 29.383011391 | chaine atteint n_l = 13 etape(s) ---
etape |   cible x0 |     t    k  sg |               b |      N1      N2 |     erreur
    0 |   (depart) |    41   -3   + |    29.383011391 |                 |           
    1 |     30.231 |    49   -4   - |    34.063439633 |   52638   11647 |   1.12e-10
    2 |     30.884 |    46   -3   + |    29.387333046 |   15883   33741 |   5.50e-11
    3 |     33.514 |    45   -4   - |    34.066515330 |    8369   62507 |   2.34e-10
    4 |     13.507 |    41   -1   + |    11.253570823 |    4189   38219 |   4.15e-10
    5 |     13.583 |    47   -2   - |    15.935487846 |   65396   64755 |   5.90e-11
    6 |     21.147 |     2   -3   + |    29.111880423 |   60595   39648 |   2.85e-10
    7 |      21.76 |     8   -2   - |    16.038148923 |   13153   16900 |   2.92e-10
    8 |     24.287 |     1   -3   + |    28.970121569 |   31425   55352 |   3.34e-10
    9 |     25.066 |    17   -3   - |    25.048031726 |     201   43673 |   5.95e-11
   10 |     30.344 |     7   -4   + |    38.338130698 |   53689   35568 |   1.17e-10
   11 |     30.895 |    10   -3   - |    25.084444446 |   16461   21086 |   5.22e-11
   12 |     32.787 |     6   -4   + |    38.323200891 |   15852   22055 |   6.84e-11
   13 |     33.596 |     1   -3   - |    25.418200133 |   40306   23299 |   2.41e-10
  -> CHAINE COMPLETE : toutes les 13 cibles restantes atteintes.

--- depart l=48 : b1[48] = (t=42,k=-3,sg=+) = 29.383937090 | chaine atteint n_l = 13 etape(s) ---
etape |   cible x0 |     t    k  sg |               b |      N1      N2 |     erreur
    0 |   (depart) |    42   -3   + |    29.383937090 |                 |           
    1 |     30.231 |    48   -4   - |    34.064172396 |   32885    7267 |   8.96e-11
    2 |     30.884 |    44   -3   + |    29.385692940 |   22243   47211 |   2.46e-11
    3 |     33.514 |    50   -4   - |    34.062728956 |    7778   58517 |   8.48e-11
    4 |     13.507 |    50   -1   + |    11.260872462 |    6839   62588 |   1.74e-11
    5 |     13.583 |    43   -2   - |    15.938771097 |   16315   16082 |   4.56e-11
    6 |     21.147 |     8   -3   + |    29.285452495 |   14537    9303 |   1.15e-10
    7 |      21.76 |    10   -2   - |    16.019724162 |   10399   13633 |   3.27e-11
    8 |     24.287 |     8   -3   + |    29.285452495 |   24174   39983 |   1.35e-10
    9 |     25.066 |    19   -3   - |    25.041544537 |     373   64356 |   1.72e-10
   10 |     30.344 |     1   -4   + |    38.034841852 |   52420   36141 |   1.78e-10
   11 |     30.895 |     7   -3   - |    25.114911288 |   20319   25099 |   2.16e-10
   12 |     32.787 |     7   -4   + |    38.338130698 |   40361   55782 |   7.17e-10
   13 |     33.596 |     1   -3   - |    25.418200133 |   55165   31989 |   5.02e-11
  -> CHAINE COMPLETE : toutes les 13 cibles restantes atteintes.

--- depart l=49 : b1[49] = (t=43,k=-3,sg=+) = 29.384830321 | chaine atteint n_l = 13 etape(s) ---
etape |   cible x0 |     t    k  sg |               b |      N1      N2 |     erreur
    0 |   (depart) |    43   -3   + |    29.384830321 |                 |           
    1 |     30.231 |    49   -4   - |    34.063439633 |   61891   13665 |   1.76e-10
    2 |     30.884 |    46   -3   + |    29.387333046 |   15883   33741 |   5.50e-11
    3 |     33.514 |    45   -4   - |    34.066515330 |    8369   62507 |   2.34e-10
    4 |     13.507 |    41   -1   + |    11.253570823 |    4189   38219 |   4.15e-10
    5 |     13.583 |    47   -2   - |    15.935487846 |   65396   64755 |   5.90e-11
    6 |     21.147 |     2   -3   + |    29.111880423 |   60595   39648 |   2.85e-10
    7 |      21.76 |     8   -2   - |    16.038148923 |   13153   16900 |   2.92e-10
    8 |     24.287 |     1   -3   + |    28.970121569 |   31425   55352 |   3.34e-10
    9 |     25.066 |    17   -3   - |    25.048031726 |     201   43673 |   5.95e-11
   10 |     30.344 |     7   -4   + |    38.338130698 |   53689   35568 |   1.17e-10
   11 |     30.895 |    10   -3   - |    25.084444446 |   16461   21086 |   5.22e-11
   12 |     32.787 |     6   -4   + |    38.323200891 |   15852   22055 |   6.84e-11
   13 |     33.596 |     1   -3   - |    25.418200133 |   40306   23299 |   2.41e-10
  -> CHAINE COMPLETE : toutes les 13 cibles restantes atteintes.

--- depart l=50 : b1[50] = (t=44,k=-3,sg=+) = 29.385692940 | chaine atteint n_l = 13 etape(s) ---
etape |   cible x0 |     t    k  sg |               b |      N1      N2 |     erreur
    0 |   (depart) |    44   -3   + |    29.385692940 |                 |           
    1 |     30.231 |    45   -4   - |    34.066515330 |   44680    9847 |   3.28e-10
    2 |     30.884 |    42   -3   + |    29.383937090 |   13628   28913 |   2.74e-11
    3 |     33.514 |    42   -4   - |    34.069104896 |    7268   54075 |   9.28e-11
    4 |     13.507 |    49   -1   + |    11.260161785 |    5720   52347 |   7.28e-10
    5 |     13.583 |    41   -2   - |    15.940590028 |   59225   58352 |   3.16e-12
    6 |     21.147 |     8   -3   + |    29.285452495 |   51503   32948 |   1.19e-11
    7 |      21.76 |    10   -2   - |    16.019724162 |   10399   13633 |   3.27e-11
    8 |     24.287 |     8   -3   + |    29.285452495 |   24174   39983 |   1.35e-10
    9 |     25.066 |    19   -3   - |    25.041544537 |     373   64356 |   1.72e-10
   10 |     30.344 |     1   -4   + |    38.034841852 |   52420   36141 |   1.78e-10
   11 |     30.895 |     7   -3   - |    25.114911288 |   20319   25099 |   2.16e-10
   12 |     32.787 |     7   -4   + |    38.338130698 |   40361   55782 |   7.17e-10
   13 |     33.596 |     1   -3   - |    25.418200133 |   55165   31989 |   5.02e-11
  -> CHAINE COMPLETE : toutes les 13 cibles restantes atteintes.

--- depart l=51 : b1[51] = (t=45,k=-3,sg=+) = 29.386526655 | chaine atteint n_l = 13 etape(s) ---
etape |   cible x0 |     t    k  sg |               b |      N1      N2 |     erreur
    0 |   (depart) |    45   -3   + |    29.386526655 |                 |           
    1 |     30.231 |    46   -4   - |    34.065708940 |   49183   10831 |   1.51e-10
    2 |     30.884 |    47   -3   + |    29.388113573 |   12042   25613 |   2.96e-10
    3 |     33.514 |    45   -4   - |    34.066515330 |    3611   26965 |   1.81e-10
    4 |     13.507 |    41   -1   + |    11.253570823 |    4189   38219 |   4.15e-10
    5 |     13.583 |    47   -2   - |    15.935487846 |   65396   64755 |   5.90e-11
    6 |     21.147 |     2   -3   + |    29.111880423 |   60595   39648 |   2.85e-10
    7 |      21.76 |     8   -2   - |    16.038148923 |   13153   16900 |   2.92e-10
    8 |     24.287 |     1   -3   + |    28.970121569 |   31425   55352 |   3.34e-10
    9 |     25.066 |    17   -3   - |    25.048031726 |     201   43673 |   5.95e-11
   10 |     30.344 |     7   -4   + |    38.338130698 |   53689   35568 |   1.17e-10
   11 |     30.895 |    10   -3   - |    25.084444446 |   16461   21086 |   5.22e-11
   12 |     32.787 |     6   -4   + |    38.323200891 |   15852   22055 |   6.84e-11
   13 |     33.596 |     1   -3   - |    25.418200133 |   40306   23299 |   2.41e-10
  -> CHAINE COMPLETE : toutes les 13 cibles restantes atteintes.

--- depart l=52 : b1[52] = (t=46,k=-3,sg=+) = 29.387333046 | chaine atteint n_l = 13 etape(s) ---
etape |   cible x0 |     t    k  sg |               b |      N1      N2 |     erreur
    0 |   (depart) |    46   -3   + |    29.387333046 |                 |           
    1 |     30.231 |    45   -4   - |    34.066515330 |   41389    9104 |   5.76e-11
    2 |     30.884 |    42   -3   + |    29.383937090 |   13628   28913 |   2.74e-11
    3 |     33.514 |    42   -4   - |    34.069104896 |    7268   54075 |   9.28e-11
    4 |     13.507 |    49   -1   + |    11.260161785 |    5720   52347 |   7.28e-10
    5 |     13.583 |    41   -2   - |    15.940590028 |   59225   58352 |   3.16e-12
    6 |     21.147 |     8   -3   + |    29.285452495 |   51503   32948 |   1.19e-11
    7 |      21.76 |    10   -2   - |    16.019724162 |   10399   13633 |   3.27e-11
    8 |     24.287 |     8   -3   + |    29.285452495 |   24174   39983 |   1.35e-10
    9 |     25.066 |    19   -3   - |    25.041544537 |     373   64356 |   1.72e-10
   10 |     30.344 |     1   -4   + |    38.034841852 |   52420   36141 |   1.78e-10
   11 |     30.895 |     7   -3   - |    25.114911288 |   20319   25099 |   2.16e-10
   12 |     32.787 |     7   -4   + |    38.338130698 |   40361   55782 |   7.17e-10
   13 |     33.596 |     1   -3   - |    25.418200133 |   55165   31989 |   5.02e-11
  -> CHAINE COMPLETE : toutes les 13 cibles restantes atteintes.

--- depart l=53 : b1[53] = (t=47,k=-3,sg=+) = 29.388113573 | chaine atteint n_l = 13 etape(s) ---
etape |   cible x0 |     t    k  sg |               b |      N1      N2 |     erreur
    0 |   (depart) |    47   -3   + |    29.388113573 |                 |           
    1 |     30.231 |    45   -4   - |    34.066515330 |   61736   13567 |   1.25e-10
    2 |     30.884 |    42   -3   + |    29.383937090 |   13628   28913 |   2.74e-11
    3 |     33.514 |    42   -4   - |    34.069104896 |    7268   54075 |   9.28e-11
    4 |     13.507 |    49   -1   + |    11.260161785 |    5720   52347 |   7.28e-10
    5 |     13.583 |    41   -2   - |    15.940590028 |   59225   58352 |   3.16e-12
    6 |     21.147 |     8   -3   + |    29.285452495 |   51503   32948 |   1.19e-11
    7 |      21.76 |    10   -2   - |    16.019724162 |   10399   13633 |   3.27e-11
    8 |     24.287 |     8   -3   + |    29.285452495 |   24174   39983 |   1.35e-10
    9 |     25.066 |    19   -3   - |    25.041544537 |     373   64356 |   1.72e-10
   10 |     30.344 |     1   -4   + |    38.034841852 |   52420   36141 |   1.78e-10
   11 |     30.895 |     7   -3   - |    25.114911288 |   20319   25099 |   2.16e-10
   12 |     32.787 |     7   -4   + |    38.338130698 |   40361   55782 |   7.17e-10
   13 |     33.596 |     1   -3   - |    25.418200133 |   55165   31989 |   5.02e-11
  -> CHAINE COMPLETE : toutes les 13 cibles restantes atteintes.

--- depart l=54 : b1[54] = (t=48,k=-3,sg=+) = 29.388869589 | chaine atteint n_l = 13 etape(s) ---
etape |   cible x0 |     t    k  sg |               b |      N1      N2 |     erreur
    0 |   (depart) |    48   -3   + |    29.388869589 |                 |           
    1 |     30.231 |    47   -4   - |    34.064928413 |   26674    5859 |   1.30e-10
    2 |     30.884 |    46   -3   + |    29.387333046 |   23791   50564 |   3.44e-11
    3 |     33.514 |    45   -4   - |    34.066515330 |    8369   62507 |   2.34e-10
    4 |     13.507 |    41   -1   + |    11.253570823 |    4189   38219 |   4.15e-10
    5 |     13.583 |    47   -2   - |    15.935487846 |   65396   64755 |   5.90e-11
    6 |     21.147 |     2   -3   + |    29.111880423 |   60595   39648 |   2.85e-10
    7 |      21.76 |     8   -2   - |    16.038148923 |   13153   16900 |   2.92e-10
    8 |     24.287 |     1   -3   + |    28.970121569 |   31425   55352 |   3.34e-10
    9 |     25.066 |    17   -3   - |    25.048031726 |     201   43673 |   5.95e-11
   10 |     30.344 |     7   -4   + |    38.338130698 |   53689   35568 |   1.17e-10
   11 |     30.895 |    10   -3   - |    25.084444446 |   16461   21086 |   5.22e-11
   12 |     32.787 |     6   -4   + |    38.323200891 |   15852   22055 |   6.84e-11
   13 |     33.596 |     1   -3   - |    25.418200133 |   40306   23299 |   2.41e-10
  -> CHAINE COMPLETE : toutes les 13 cibles restantes atteintes.

--- depart l=55 : b1[55] = (t=49,k=-3,sg=+) = 29.389602352 | chaine atteint n_l = 13 etape(s) ---
etape |   cible x0 |     t    k  sg |               b |      N1      N2 |     erreur
    0 |   (depart) |    49   -3   + |    29.389602352 |                 |           
    1 |     30.231 |    48   -4   - |    34.064172396 |   46072   10113 |   2.62e-10
    2 |     30.884 |    44   -3   + |    29.385692940 |   22243   47211 |   2.46e-11
    3 |     33.514 |    50   -4   - |    34.062728956 |    7778   58517 |   8.48e-11
    4 |     13.507 |    50   -1   + |    11.260872462 |    6839   62588 |   1.74e-11
    5 |     13.583 |    43   -2   - |    15.938771097 |   16315   16082 |   4.56e-11
    6 |     21.147 |     8   -3   + |    29.285452495 |   14537    9303 |   1.15e-10
    7 |      21.76 |    10   -2   - |    16.019724162 |   10399   13633 |   3.27e-11
    8 |     24.287 |     8   -3   + |    29.285452495 |   24174   39983 |   1.35e-10
    9 |     25.066 |    19   -3   - |    25.041544537 |     373   64356 |   1.72e-10
   10 |     30.344 |     1   -4   + |    38.034841852 |   52420   36141 |   1.78e-10
   11 |     30.895 |     7   -3   - |    25.114911288 |   20319   25099 |   2.16e-10
   12 |     32.787 |     7   -4   + |    38.338130698 |   40361   55782 |   7.17e-10
   13 |     33.596 |     1   -3   - |    25.418200133 |   55165   31989 |   5.02e-11
  -> CHAINE COMPLETE : toutes les 13 cibles restantes atteintes.

--- depart l=56 : b1[56] = (t=50,k=-3,sg=+) = 29.390313030 | chaine atteint n_l = 13 etape(s) ---
etape |   cible x0 |     t    k  sg |               b |      N1      N2 |     erreur
    0 |   (depart) |    50   -3   + |    29.390313030 |                 |           
    1 |     30.231 |    45   -4   - |    34.066515330 |   50373   11041 |   2.88e-11
    2 |     30.884 |    42   -3   + |    29.383937090 |   13628   28913 |   2.74e-11
    3 |     33.514 |    42   -4   - |    34.069104896 |    7268   54075 |   9.28e-11
    4 |     13.507 |    49   -1   + |    11.260161785 |    5720   52347 |   7.28e-10
    5 |     13.583 |    41   -2   - |    15.940590028 |   59225   58352 |   3.16e-12
    6 |     21.147 |     8   -3   + |    29.285452495 |   51503   32948 |   1.19e-11
    7 |      21.76 |    10   -2   - |    16.019724162 |   10399   13633 |   3.27e-11
    8 |     24.287 |     8   -3   + |    29.285452495 |   24174   39983 |   1.35e-10
    9 |     25.066 |    19   -3   - |    25.041544537 |     373   64356 |   1.72e-10
   10 |     30.344 |     1   -4   + |    38.034841852 |   52420   36141 |   1.78e-10
   11 |     30.895 |     7   -3   - |    25.114911288 |   20319   25099 |   2.16e-10
   12 |     32.787 |     7   -4   + |    38.338130698 |   40361   55782 |   7.17e-10
   13 |     33.596 |     1   -3   - |    25.418200133 |   55165   31989 |   5.02e-11
  -> CHAINE COMPLETE : toutes les 13 cibles restantes atteintes.

====================================================================================================
Intervalle [5] ]30.231,30.884[ -> 0 ancrage de depart (VIDE, structurel)


====================================================================================================
Intervalle [6] ]30.884,33.514[ -> 0 ancrage de depart (VIDE, structurel)


====================================================================================================
Intervalle [7] : intervalle de depart ]x0_1=33.514, x0_2=13.507[  -> 200 ancrages de depart trouves
cibles enchainees (dans l'ordre) : [13.507, 13.583, 21.147, 21.76, 24.287, 25.066, 30.344, 30.895, 32.787, 33.596]
====================================================================================================

--- depart l=1 : b1[1] = (t=1,k=-3,sg=+) = 28.970121569 | chaine atteint n_l = 10 etape(s) ---
etape |   cible x0 |     t    k  sg |               b |      N1      N2 |     erreur
    0 |   (depart) |     1   -3   + |    28.970121569 |                 |           
    1 |     13.507 |     8   -1   - |     6.973428639 |   22685   53689 |   8.73e-11
    2 |     13.583 |     5   -2   + |    20.174567049 |   62971   63143 |   5.60e-11
    3 |     21.147 |    47   -3   - |    25.000208129 |   48635   12274 |   1.91e-10
    4 |      21.76 |    42   -2   + |    20.319216806 |    8344   18765 |   4.49e-11
    5 |     24.287 |    43   -3   - |    25.003491381 |   10173   56336 |   2.80e-10
    6 |     25.066 |     8   -3   + |    29.285452495 |   17483     259 |   8.79e-11
    7 |     30.344 |    45   -4   - |    34.066515330 |   38602   10977 |   1.27e-11
    8 |     30.895 |    44   -3   + |    29.385692940 |    6051   12715 |   1.95e-10
    9 |     32.787 |    45   -4   - |    34.066515330 |    5841   15527 |   1.25e-10
   10 |     33.596 |    50   -3   + |    29.390313030 |   51280    5737 |   1.34e-10
  -> CHAINE COMPLETE : toutes les 10 cibles restantes atteintes.

--- depart l=2 : b1[2] = (t=1,k=-2,sg=+) = 19.905401285 | chaine atteint n_l = 10 etape(s) ---
etape |   cible x0 |     t    k  sg |               b |      N1      N2 |     erreur
    0 |   (depart) |     1   -2   + |    19.905401285 |                 |           
    1 |     13.507 |     7   -1   - |     6.985470721 |   26059   25567 |   7.26e-11
    2 |     13.583 |     1   -2   + |    19.905401285 |   41065   42852 |   1.31e-11
    3 |     21.147 |    46   -3   - |    25.000988656 |   47939   15444 |   7.89e-12
    4 |      21.76 |    45   -2   + |    20.321806372 |   12808   28863 |   2.15e-10
    5 |     24.287 |    48   -3   - |    24.999452113 |    5232   29119 |   1.18e-10
    6 |     25.066 |     1   -3   + |    28.970121569 |   61541    1049 |   1.66e-10
    7 |     30.344 |    48   -4   - |    34.064172396 |   54061   19965 |   1.22e-10
    8 |     30.895 |    44   -3   + |    29.385692940 |   21884   45951 |   1.04e-10
    9 |     32.787 |    45   -4   - |    34.066515330 |    5841   15527 |   1.25e-10
   10 |     33.596 |    50   -3   + |    29.390313030 |   51280    5737 |   1.34e-10
  -> CHAINE COMPLETE : toutes les 10 cibles restantes atteintes.

--- depart l=3 : b1[3] = (t=1,k=-3,sg=-) = 25.418200133 | chaine atteint n_l = 10 etape(s) ---
etape |   cible x0 |     t    k  sg |               b |      N1      N2 |     erreur
    0 |   (depart) |     1   -3   - |    25.418200133 |                 |           
    1 |     13.507 |    50   -1   + |    11.260872462 |   10756   57039 |   1.51e-10
    2 |     13.583 |    43   -2   - |    15.938771097 |   16315   16082 |   4.56e-11
    3 |     21.147 |     8   -3   + |    29.285452495 |   14537    9303 |   1.15e-10
    4 |      21.76 |    10   -2   - |    16.019724162 |   10399   13633 |   3.27e-11
    5 |     24.287 |     8   -3   + |    29.285452495 |   24174   39983 |   1.35e-10
    6 |     25.066 |    19   -3   - |    25.041544537 |     373   64356 |   1.72e-10
    7 |     30.344 |     1   -4   + |    38.034841852 |   52420   36141 |   1.78e-10
    8 |     30.895 |     7   -3   - |    25.114911288 |   20319   25099 |   2.16e-10
    9 |     32.787 |     7   -4   + |    38.338130698 |   40361   55782 |   7.17e-10
   10 |     33.596 |     1   -3   - |    25.418200133 |   55165   31989 |   5.02e-11
  -> CHAINE COMPLETE : toutes les 10 cibles restantes atteintes.

--- depart l=4 : b1[4] = (t=1,k=-2,sg=-) = 16.353479850 | chaine atteint n_l = 10 etape(s) ---
etape |   cible x0 |     t    k  sg |               b |      N1      N2 |     erreur
    0 |   (depart) |     1   -2   - |    16.353479850 |                 |           
    1 |     13.507 |    50   -1   + |    11.260872462 |   42599   53985 |   5.78e-11
    2 |     13.583 |    43   -2   - |    15.938771097 |   16315   16082 |   4.56e-11
    3 |     21.147 |     8   -3   + |    29.285452495 |   14537    9303 |   1.15e-10
    4 |      21.76 |    10   -2   - |    16.019724162 |   10399   13633 |   3.27e-11
    5 |     24.287 |     8   -3   + |    29.285452495 |   24174   39983 |   1.35e-10
    6 |     25.066 |    19   -3   - |    25.041544537 |     373   64356 |   1.72e-10
    7 |     30.344 |     1   -4   + |    38.034841852 |   52420   36141 |   1.78e-10
    8 |     30.895 |     7   -3   - |    25.114911288 |   20319   25099 |   2.16e-10
    9 |     32.787 |     7   -4   + |    38.338130698 |   40361   55782 |   7.17e-10
   10 |     33.596 |     1   -3   - |    25.418200133 |   55165   31989 |   5.02e-11
  -> CHAINE COMPLETE : toutes les 10 cibles restantes atteintes.

--- depart l=5 : b1[5] = (t=2,k=-3,sg=+) = 29.111880423 | chaine atteint n_l = 10 etape(s) ---
etape |   cible x0 |     t    k  sg |               b |      N1      N2 |     erreur
    0 |   (depart) |     2   -3   + |    29.111880423 |                 |           
    1 |     13.507 |     6   -1   - |     7.000400527 |   15794   37879 |   3.10e-10
    2 |     13.583 |     5   -2   + |    20.174567049 |   33077   33032 |   7.76e-11
    3 |     21.147 |    47   -3   - |    25.000208129 |   48635   12274 |   1.91e-10
    4 |      21.76 |    42   -2   + |    20.319216806 |    8344   18765 |   4.49e-11
    5 |     24.287 |    43   -3   - |    25.003491381 |   10173   56336 |   2.80e-10
    6 |     25.066 |     8   -3   + |    29.285452495 |   17483     259 |   8.79e-11
    7 |     30.344 |    45   -4   - |    34.066515330 |   38602   10977 |   1.27e-11
    8 |     30.895 |    44   -3   + |    29.385692940 |    6051   12715 |   1.95e-10
    9 |     32.787 |    45   -4   - |    34.066515330 |    5841   15527 |   1.25e-10
   10 |     33.596 |    50   -3   + |    29.390313030 |   51280    5737 |   1.34e-10
  -> CHAINE COMPLETE : toutes les 10 cibles restantes atteintes.

--- depart l=6 : b1[6] = (t=2,k=-2,sg=+) = 20.047160140 | chaine atteint n_l = 10 etape(s) ---
etape |   cible x0 |     t    k  sg |               b |      N1      N2 |     erreur
    0 |   (depart) |     2   -2   + |    20.047160140 |                 |           
    1 |     13.507 |     2   -1   - |     7.147000711 |   25735   26464 |   3.46e-10
    2 |     13.583 |     9   -2   + |    20.230711577 |   49015   47454 |   2.49e-10
    3 |     21.147 |    49   -3   - |    24.998719350 |   39123    9307 |   5.36e-11
    4 |      21.76 |    50   -2   + |    20.325592746 |   20971   47350 |   3.76e-11
    5 |     24.287 |    43   -3   - |    25.003491381 |    8461   46780 |   5.74e-11
    6 |     25.066 |     8   -3   + |    29.285452495 |   17483     259 |   8.79e-11
    7 |     30.344 |    45   -4   - |    34.066515330 |   38602   10977 |   1.27e-11
    8 |     30.895 |    44   -3   + |    29.385692940 |    6051   12715 |   1.95e-10
    9 |     32.787 |    45   -4   - |    34.066515330 |    5841   15527 |   1.25e-10
   10 |     33.596 |    50   -3   + |    29.390313030 |   51280    5737 |   1.34e-10
  -> CHAINE COMPLETE : toutes les 10 cibles restantes atteintes.

--- depart l=7 : b1[7] = (t=2,k=-3,sg=-) = 25.276441279 | chaine atteint n_l = 10 etape(s) ---
etape |   cible x0 |     t    k  sg |               b |      N1      N2 |     erreur
    0 |   (depart) |     2   -3   - |    25.276441279 |                 |           
    1 |     13.507 |    47   -1   + |    11.258673005 |    3165   16568 |   2.27e-11
    2 |     13.583 |    48   -2   - |    15.934731829 |   48571   48005 |   6.27e-11
    3 |     21.147 |     9   -3   + |    29.295431860 |   44084   28199 |   2.91e-10
    4 |      21.76 |     1   -2   - |    16.353479850 |   34721   48393 |   1.09e-10
    5 |     24.287 |    10   -3   + |    29.303877256 |   39101   61833 |   1.57e-10
    6 |     25.066 |    15   -3   - |    25.055774887 |     142   58853 |   7.98e-11
    7 |     30.344 |     3   -4   + |    38.240062994 |   62146   41621 |   9.87e-12
    8 |     30.895 |     6   -3   - |    25.129841095 |   40406   51479 |   4.38e-10
    9 |     32.787 |     1   -4   + |    38.034841852 |   38490   56161 |   3.74e-11
   10 |     33.596 |     1   -3   - |    25.418200133 |   20518   11137 |   2.80e-10
  -> CHAINE COMPLETE : toutes les 10 cibles restantes atteintes.

--- depart l=8 : b1[8] = (t=2,k=-2,sg=-) = 16.211720995 | chaine atteint n_l = 10 etape(s) ---
etape |   cible x0 |     t    k  sg |               b |      N1      N2 |     erreur
    0 |   (depart) |     2   -2   - |    16.211720995 |                 |           
    1 |     13.507 |    49   -1   + |    11.260161785 |   31822   38307 |   6.80e-11
    2 |     13.583 |    41   -2   - |    15.940590028 |   59225   58352 |   3.16e-12
    3 |     21.147 |     8   -3   + |    29.285452495 |   51503   32948 |   1.19e-11
    4 |      21.76 |    10   -2   - |    16.019724162 |   10399   13633 |   3.27e-11
    5 |     24.287 |     8   -3   + |    29.285452495 |   24174   39983 |   1.35e-10
    6 |     25.066 |    19   -3   - |    25.041544537 |     373   64356 |   1.72e-10
    7 |     30.344 |     1   -4   + |    38.034841852 |   52420   36141 |   1.78e-10
    8 |     30.895 |     7   -3   - |    25.114911288 |   20319   25099 |   2.16e-10
    9 |     32.787 |     7   -4   + |    38.338130698 |   40361   55782 |   7.17e-10
   10 |     33.596 |     1   -3   - |    25.418200133 |   55165   31989 |   5.02e-11
  -> CHAINE COMPLETE : toutes les 10 cibles restantes atteintes.

--- depart l=9 : b1[9] = (t=3,k=-3,sg=+) = 29.175342710 | chaine atteint n_l = 10 etape(s) ---
etape |   cible x0 |     t    k  sg |               b |      N1      N2 |     erreur
    0 |   (depart) |     3   -3   + |    29.175342710 |                 |           
    1 |     13.507 |     5   -1   - |     7.019593802 |   19745   47688 |   8.45e-10
    2 |     13.583 |     1   -2   + |    19.905401285 |   37750   39189 |   1.07e-10
    3 |     21.147 |    46   -3   - |    25.000988656 |   47939   15444 |   7.89e-12
    4 |      21.76 |    45   -2   + |    20.321806372 |   12808   28863 |   2.15e-10
    5 |     24.287 |    48   -3   - |    24.999452113 |    5232   29119 |   1.18e-10
    6 |     25.066 |     1   -3   + |    28.970121569 |   61541    1049 |   1.66e-10
    7 |     30.344 |    48   -4   - |    34.064172396 |   54061   19965 |   1.22e-10
    8 |     30.895 |    44   -3   + |    29.385692940 |   21884   45951 |   1.04e-10
    9 |     32.787 |    45   -4   - |    34.066515330 |    5841   15527 |   1.25e-10
   10 |     33.596 |    50   -3   + |    29.390313030 |   51280    5737 |   1.34e-10
  -> CHAINE COMPLETE : toutes les 10 cibles restantes atteintes.

--- depart l=10 : b1[10] = (t=3,k=-2,sg=+) = 20.110622426 | chaine atteint n_l = 10 etape(s) ---
etape |   cible x0 |     t    k  sg |               b |      N1      N2 |     erreur
    0 |   (depart) |     3   -2   + |    20.110622426 |                 |           
    1 |     13.507 |    10   -1   - |     6.955003878 |   36043   36327 |   1.30e-10
    2 |     13.583 |    10   -2   + |    20.239156973 |   13709   13651 |   5.30e-11
    3 |     21.147 |    45   -3   - |    25.001795047 |   55297   13023 |   2.70e-11
    4 |      21.76 |    49   -2   + |    20.324882069 |   10977   24796 |   7.76e-12
    5 |     24.287 |    44   -3   - |    25.002628762 |   10409   57630 |   1.14e-11
    6 |     25.066 |     4   -3   + |    29.213318780 |   59293     906 |   8.84e-11
    7 |     30.344 |    47   -4   - |    34.064928413 |   61513   18692 |   1.17e-10
    8 |     30.895 |    49   -3   + |    29.389602352 |   18324   38585 |   3.20e-11
    9 |     32.787 |    44   -4   - |    34.067349046 |   23001   61033 |   1.69e-11
   10 |     33.596 |    41   -3   + |    29.383011391 |   15463    1730 |   1.43e-10
  -> CHAINE COMPLETE : toutes les 10 cibles restantes atteintes.

--- depart l=11 : b1[11] = (t=3,k=-3,sg=-) = 25.212978992 | chaine atteint n_l = 10 etape(s) ---
etape |   cible x0 |     t    k  sg |               b |      N1      N2 |     erreur
    0 |   (depart) |     3   -3   - |    25.212978992 |                 |           
    1 |     13.507 |    41   -1   + |    11.253570823 |    1597    8296 |   6.86e-11
    2 |     13.583 |    47   -2   - |    15.935487846 |   65396   64755 |   5.90e-11
    3 |     21.147 |     2   -3   + |    29.111880423 |   60595   39648 |   2.85e-10
    4 |      21.76 |     8   -2   - |    16.038148923 |   13153   16900 |   2.92e-10
    5 |     24.287 |     1   -3   + |    28.970121569 |   31425   55352 |   3.34e-10
    6 |     25.066 |    17   -3   - |    25.048031726 |     201   43673 |   5.95e-11
    7 |     30.344 |     7   -4   + |    38.338130698 |   53689   35568 |   1.17e-10
    8 |     30.895 |    10   -3   - |    25.084444446 |   16461   21086 |   5.22e-11
    9 |     32.787 |     6   -4   + |    38.323200891 |   15852   22055 |   6.84e-11
   10 |     33.596 |     1   -3   - |    25.418200133 |   40306   23299 |   2.41e-10
  -> CHAINE COMPLETE : toutes les 10 cibles restantes atteintes.

--- depart l=12 : b1[12] = (t=3,k=-2,sg=-) = 16.148258708 | chaine atteint n_l = 10 etape(s) ---
etape |   cible x0 |     t    k  sg |               b |      N1      N2 |     erreur
    0 |   (depart) |     3   -2   - |    16.148258708 |                 |           
    1 |     13.507 |    42   -1   + |    11.254496523 |   46695   54754 |   2.66e-10
    2 |     13.583 |    49   -2   - |    15.933999066 |   61556   60967 |   1.79e-11
    3 |     21.147 |     8   -3   + |    29.285452495 |   30913   19801 |   2.82e-10
    4 |      21.76 |    10   -2   - |    16.019724162 |   10399   13633 |   3.27e-11
    5 |     24.287 |     8   -3   + |    29.285452495 |   24174   39983 |   1.35e-10
    6 |     25.066 |    19   -3   - |    25.041544537 |     373   64356 |   1.72e-10
    7 |     30.344 |     1   -4   + |    38.034841852 |   52420   36141 |   1.78e-10
    8 |     30.895 |     7   -3   - |    25.114911288 |   20319   25099 |   2.16e-10
    9 |     32.787 |     7   -4   + |    38.338130698 |   40361   55782 |   7.17e-10
   10 |     33.596 |     1   -3   - |    25.418200133 |   55165   31989 |   5.02e-11
  -> CHAINE COMPLETE : toutes les 10 cibles restantes atteintes.

--- depart l=13 : b1[13] = (t=4,k=-3,sg=+) = 29.213318780 | chaine atteint n_l = 10 etape(s) ---
etape |   cible x0 |     t    k  sg |               b |      N1      N2 |     erreur
    0 |   (depart) |     4   -3   + |    29.213318780 |                 |           
    1 |     13.507 |     1   -1   - |     7.288759566 |   20061   50671 |   1.76e-10
    2 |     13.583 |     4   -2   + |    20.148598496 |   47689   45718 |   1.14e-10
    3 |     21.147 |    45   -3   - |    25.001795047 |   58706   15205 |   6.79e-11
    4 |      21.76 |    49   -2   + |    20.324882069 |   10977   24796 |   7.76e-12
    5 |     24.287 |    44   -3   - |    25.002628762 |   10409   57630 |   1.14e-11
    6 |     25.066 |     4   -3   + |    29.213318780 |   59293     906 |   8.84e-11
    7 |     30.344 |    47   -4   - |    34.064928413 |   61513   18692 |   1.17e-10
    8 |     30.895 |    49   -3   + |    29.389602352 |   18324   38585 |   3.20e-11
    9 |     32.787 |    44   -4   - |    34.067349046 |   23001   61033 |   1.69e-11
   10 |     33.596 |    41   -3   + |    29.383011391 |   15463    1730 |   1.43e-10
  -> CHAINE COMPLETE : toutes les 10 cibles restantes atteintes.

--- depart l=14 : b1[14] = (t=4,k=-2,sg=+) = 20.148598496 | chaine atteint n_l = 10 etape(s) ---
etape |   cible x0 |     t    k  sg |               b |      N1      N2 |     erreur
    0 |   (depart) |     4   -2   + |    20.148598496 |                 |           
    1 |     13.507 |     7   -1   - |     6.985470721 |   30199   30755 |   9.43e-11
    2 |     13.583 |     1   -2   + |    19.905401285 |   41065   42852 |   1.31e-11
    3 |     21.147 |    46   -3   - |    25.000988656 |   47939   15444 |   7.89e-12
    4 |      21.76 |    45   -2   + |    20.321806372 |   12808   28863 |   2.15e-10
    5 |     24.287 |    48   -3   - |    24.999452113 |    5232   29119 |   1.18e-10
    6 |     25.066 |     1   -3   + |    28.970121569 |   61541    1049 |   1.66e-10
    7 |     30.344 |    48   -4   - |    34.064172396 |   54061   19965 |   1.22e-10
    8 |     30.895 |    44   -3   + |    29.385692940 |   21884   45951 |   1.04e-10
    9 |     32.787 |    45   -4   - |    34.066515330 |    5841   15527 |   1.25e-10
   10 |     33.596 |    50   -3   + |    29.390313030 |   51280    5737 |   1.34e-10
  -> CHAINE COMPLETE : toutes les 10 cibles restantes atteintes.

--- depart l=15 : b1[15] = (t=4,k=-3,sg=-) = 25.175002922 | chaine atteint n_l = 10 etape(s) ---
etape |   cible x0 |     t    k  sg |               b |      N1      N2 |     erreur
    0 |   (depart) |     4   -3   - |    25.175002922 |                 |           
    1 |     13.507 |    47   -1   + |    11.258673005 |   10963   56894 |   4.62e-11
    2 |     13.583 |    48   -2   - |    15.934731829 |   48571   48005 |   6.27e-11
    3 |     21.147 |     9   -3   + |    29.295431860 |   44084   28199 |   2.91e-10
    4 |      21.76 |     1   -2   - |    16.353479850 |   34721   48393 |   1.09e-10
    5 |     24.287 |    10   -3   + |    29.303877256 |   39101   61833 |   1.57e-10
    6 |     25.066 |    15   -3   - |    25.055774887 |     142   58853 |   7.98e-11
    7 |     30.344 |     3   -4   + |    38.240062994 |   62146   41621 |   9.87e-12
    8 |     30.895 |     6   -3   - |    25.129841095 |   40406   51479 |   4.38e-10
    9 |     32.787 |     1   -4   + |    38.034841852 |   38490   56161 |   3.74e-11
   10 |     33.596 |     1   -3   - |    25.418200133 |   20518   11137 |   2.80e-10
  -> CHAINE COMPLETE : toutes les 10 cibles restantes atteintes.

--- depart l=16 : b1[16] = (t=4,k=-2,sg=-) = 16.110282639 | chaine atteint n_l = 10 etape(s) ---
etape |   cible x0 |     t    k  sg |               b |      N1      N2 |     erreur
    0 |   (depart) |     4   -2   - |    16.110282639 |                 |           
    1 |     13.507 |    41   -1   + |    11.253570823 |   20547   23737 |   2.03e-10
    2 |     13.583 |    47   -2   - |    15.935487846 |   65396   64755 |   5.90e-11
    3 |     21.147 |     2   -3   + |    29.111880423 |   60595   39648 |   2.85e-10
    4 |      21.76 |     8   -2   - |    16.038148923 |   13153   16900 |   2.92e-10
    5 |     24.287 |     1   -3   + |    28.970121569 |   31425   55352 |   3.34e-10
    6 |     25.066 |    17   -3   - |    25.048031726 |     201   43673 |   5.95e-11
    7 |     30.344 |     7   -4   + |    38.338130698 |   53689   35568 |   1.17e-10
    8 |     30.895 |    10   -3   - |    25.084444446 |   16461   21086 |   5.22e-11
    9 |     32.787 |     6   -4   + |    38.323200891 |   15852   22055 |   6.84e-11
   10 |     33.596 |     1   -3   - |    25.418200133 |   40306   23299 |   2.41e-10
  -> CHAINE COMPLETE : toutes les 10 cibles restantes atteintes.

--- depart l=17 : b1[17] = (t=5,k=-3,sg=+) = 29.239287332 | chaine atteint n_l = 10 etape(s) ---
etape |   cible x0 |     t    k  sg |               b |      N1      N2 |     erreur
    0 |   (depart) |     5   -3   + |    29.239287332 |                 |           
    1 |     13.507 |    10   -1   - |     6.955003878 |   19053   45749 |   3.45e-10
    2 |     13.583 |    10   -2   + |    20.239156973 |   13709   13651 |   5.30e-11
    3 |     21.147 |    45   -3   - |    25.001795047 |   55297   13023 |   2.70e-11
    4 |      21.76 |    49   -2   + |    20.324882069 |   10977   24796 |   7.76e-12
    5 |     24.287 |    44   -3   - |    25.002628762 |   10409   57630 |   1.14e-11
    6 |     25.066 |     4   -3   + |    29.213318780 |   59293     906 |   8.84e-11
    7 |     30.344 |    47   -4   - |    34.064928413 |   61513   18692 |   1.17e-10
    8 |     30.895 |    49   -3   + |    29.389602352 |   18324   38585 |   3.20e-11
    9 |     32.787 |    44   -4   - |    34.067349046 |   23001   61033 |   1.69e-11
   10 |     33.596 |    41   -3   + |    29.383011391 |   15463    1730 |   1.43e-10
  -> CHAINE COMPLETE : toutes les 10 cibles restantes atteintes.

--- depart l=18 : b1[18] = (t=5,k=-2,sg=+) = 20.174567049 | chaine atteint n_l = 10 etape(s) ---
etape |   cible x0 |     t    k  sg |               b |      N1      N2 |     erreur
    0 |   (depart) |     5   -2   + |    20.174567049 |                 |           
    1 |     13.507 |     1   -1   - |     7.288759566 |   58802   63051 |   5.09e-11
    2 |     13.583 |     4   -2   + |    20.148598496 |   47689   45718 |   1.14e-10
    3 |     21.147 |    45   -3   - |    25.001795047 |   58706   15205 |   6.79e-11
    4 |      21.76 |    49   -2   + |    20.324882069 |   10977   24796 |   7.76e-12
    5 |     24.287 |    44   -3   - |    25.002628762 |   10409   57630 |   1.14e-11
    6 |     25.066 |     4   -3   + |    29.213318780 |   59293     906 |   8.84e-11
    7 |     30.344 |    47   -4   - |    34.064928413 |   61513   18692 |   1.17e-10
    8 |     30.895 |    49   -3   + |    29.389602352 |   18324   38585 |   3.20e-11
    9 |     32.787 |    44   -4   - |    34.067349046 |   23001   61033 |   1.69e-11
   10 |     33.596 |    41   -3   + |    29.383011391 |   15463    1730 |   1.43e-10
  -> CHAINE COMPLETE : toutes les 10 cibles restantes atteintes.

--- depart l=19 : b1[19] = (t=5,k=-3,sg=-) = 25.149034370 | chaine atteint n_l = 10 etape(s) ---
etape |   cible x0 |     t    k  sg |               b |      N1      N2 |     erreur
    0 |   (depart) |     5   -3   - |    25.149034370 |                 |           
    1 |     13.507 |    50   -1   + |    11.260872462 |    6852   35515 |   3.69e-11
    2 |     13.583 |    43   -2   - |    15.938771097 |   16315   16082 |   4.56e-11
    3 |     21.147 |     8   -3   + |    29.285452495 |   14537    9303 |   1.15e-10
    4 |      21.76 |    10   -2   - |    16.019724162 |   10399   13633 |   3.27e-11
    5 |     24.287 |     8   -3   + |    29.285452495 |   24174   39983 |   1.35e-10
    6 |     25.066 |    19   -3   - |    25.041544537 |     373   64356 |   1.72e-10
    7 |     30.344 |     1   -4   + |    38.034841852 |   52420   36141 |   1.78e-10
    8 |     30.895 |     7   -3   - |    25.114911288 |   20319   25099 |   2.16e-10
    9 |     32.787 |     7   -4   + |    38.338130698 |   40361   55782 |   7.17e-10
   10 |     33.596 |     1   -3   - |    25.418200133 |   55165   31989 |   5.02e-11
  -> CHAINE COMPLETE : toutes les 10 cibles restantes atteintes.

--- depart l=20 : b1[20] = (t=5,k=-2,sg=-) = 16.084314086 | chaine atteint n_l = 10 etape(s) ---
etape |   cible x0 |     t    k  sg |               b |      N1      N2 |     erreur
    0 |   (depart) |     5   -2   - |    16.084314086 |                 |           
    1 |     13.507 |    48   -1   + |    11.259429022 |   24429   28013 |   1.36e-11
    2 |     13.583 |    43   -2   - |    15.938771097 |   63430   62563 |   3.29e-11
    3 |     21.147 |     8   -3   + |    29.285452495 |   14537    9303 |   1.15e-10
    4 |      21.76 |    10   -2   - |    16.019724162 |   10399   13633 |   3.27e-11
    5 |     24.287 |     8   -3   + |    29.285452495 |   24174   39983 |   1.35e-10
    6 |     25.066 |    19   -3   - |    25.041544537 |     373   64356 |   1.72e-10
    7 |     30.344 |     1   -4   + |    38.034841852 |   52420   36141 |   1.78e-10
    8 |     30.895 |     7   -3   - |    25.114911288 |   20319   25099 |   2.16e-10
    9 |     32.787 |     7   -4   + |    38.338130698 |   40361   55782 |   7.17e-10
   10 |     33.596 |     1   -3   - |    25.418200133 |   55165   31989 |   5.02e-11
  -> CHAINE COMPLETE : toutes les 10 cibles restantes atteintes.

--- depart l=21 : b1[21] = (t=6,k=-3,sg=+) = 29.258480607 | chaine atteint n_l = 10 etape(s) ---
etape |   cible x0 |     t    k  sg |               b |      N1      N2 |     erreur
    0 |   (depart) |     6   -3   + |    29.258480607 |                 |           
    1 |     13.507 |     4   -1   - |     7.045562355 |   16141   39348 |   3.95e-10
    2 |     13.583 |     8   -2   + |    20.220732211 |   21774   21445 |   2.02e-10
    3 |     21.147 |    47   -3   - |    25.000208129 |   53817   12937 |   8.44e-11
    4 |      21.76 |    42   -2   + |    20.319216806 |    8344   18765 |   4.49e-11
    5 |     24.287 |    43   -3   - |    25.003491381 |   10173   56336 |   2.80e-10
    6 |     25.066 |     8   -3   + |    29.285452495 |   17483     259 |   8.79e-11
    7 |     30.344 |    45   -4   - |    34.066515330 |   38602   10977 |   1.27e-11
    8 |     30.895 |    44   -3   + |    29.385692940 |    6051   12715 |   1.95e-10
    9 |     32.787 |    45   -4   - |    34.066515330 |    5841   15527 |   1.25e-10
   10 |     33.596 |    50   -3   + |    29.390313030 |   51280    5737 |   1.34e-10
  -> CHAINE COMPLETE : toutes les 10 cibles restantes atteintes.

--- depart l=22 : b1[22] = (t=6,k=-2,sg=+) = 20.193760324 | chaine atteint n_l = 10 etape(s) ---
etape |   cible x0 |     t    k  sg |               b |      N1      N2 |     erreur
    0 |   (depart) |     6   -2   + |    20.193760324 |                 |           
    1 |     13.507 |    10   -1   - |     6.955003878 |   42152   43019 |   7.63e-11
    2 |     13.583 |    10   -2   + |    20.239156973 |   13709   13651 |   5.30e-11
    3 |     21.147 |    45   -3   - |    25.001795047 |   55297   13023 |   2.70e-11
    4 |      21.76 |    49   -2   + |    20.324882069 |   10977   24796 |   7.76e-12
    5 |     24.287 |    44   -3   - |    25.002628762 |   10409   57630 |   1.14e-11
    6 |     25.066 |     4   -3   + |    29.213318780 |   59293     906 |   8.84e-11
    7 |     30.344 |    47   -4   - |    34.064928413 |   61513   18692 |   1.17e-10
    8 |     30.895 |    49   -3   + |    29.389602352 |   18324   38585 |   3.20e-11
    9 |     32.787 |    44   -4   - |    34.067349046 |   23001   61033 |   1.69e-11
   10 |     33.596 |    41   -3   + |    29.383011391 |   15463    1730 |   1.43e-10
  -> CHAINE COMPLETE : toutes les 10 cibles restantes atteintes.

--- depart l=23 : b1[23] = (t=6,k=-3,sg=-) = 25.129841095 | chaine atteint n_l = 10 etape(s) ---
etape |   cible x0 |     t    k  sg |               b |      N1      N2 |     erreur
    0 |   (depart) |     6   -3   - |    25.129841095 |                 |           
    1 |     13.507 |    44   -1   + |    11.256252373 |    7787   40212 |   3.24e-10
    2 |     13.583 |    41   -2   - |    15.940590028 |   61687   60880 |   4.66e-11
    3 |     21.147 |     8   -3   + |    29.285452495 |   51503   32948 |   1.19e-11
    4 |      21.76 |    10   -2   - |    16.019724162 |   10399   13633 |   3.27e-11
    5 |     24.287 |     8   -3   + |    29.285452495 |   24174   39983 |   1.35e-10
    6 |     25.066 |    19   -3   - |    25.041544537 |     373   64356 |   1.72e-10
    7 |     30.344 |     1   -4   + |    38.034841852 |   52420   36141 |   1.78e-10
    8 |     30.895 |     7   -3   - |    25.114911288 |   20319   25099 |   2.16e-10
    9 |     32.787 |     7   -4   + |    38.338130698 |   40361   55782 |   7.17e-10
   10 |     33.596 |     1   -3   - |    25.418200133 |   55165   31989 |   5.02e-11
  -> CHAINE COMPLETE : toutes les 10 cibles restantes atteintes.

--- depart l=24 : b1[24] = (t=6,k=-2,sg=-) = 16.065120811 | chaine atteint n_l = 10 etape(s) ---
etape |   cible x0 |     t    k  sg |               b |      N1      N2 |     erreur
    0 |   (depart) |     6   -2   - |    16.065120811 |                 |           
    1 |     13.507 |    42   -1   + |    11.254496523 |   44082   50063 |   7.88e-12
    2 |     13.583 |    49   -2   - |    15.933999066 |   61556   60967 |   1.79e-11
    3 |     21.147 |     8   -3   + |    29.285452495 |   30913   19801 |   2.82e-10
    4 |      21.76 |    10   -2   - |    16.019724162 |   10399   13633 |   3.27e-11
    5 |     24.287 |     8   -3   + |    29.285452495 |   24174   39983 |   1.35e-10
    6 |     25.066 |    19   -3   - |    25.041544537 |     373   64356 |   1.72e-10
    7 |     30.344 |     1   -4   + |    38.034841852 |   52420   36141 |   1.78e-10
    8 |     30.895 |     7   -3   - |    25.114911288 |   20319   25099 |   2.16e-10
    9 |     32.787 |     7   -4   + |    38.338130698 |   40361   55782 |   7.17e-10
   10 |     33.596 |     1   -3   - |    25.418200133 |   55165   31989 |   5.02e-11
  -> CHAINE COMPLETE : toutes les 10 cibles restantes atteintes.

--- depart l=25 : b1[25] = (t=7,k=-3,sg=+) = 29.273410414 | chaine atteint n_l = 10 etape(s) ---
etape |   cible x0 |     t    k  sg |               b |      N1      N2 |     erreur
    0 |   (depart) |     7   -3   + |    29.273410414 |                 |           
    1 |     13.507 |     2   -1   - |     7.147000711 |   16687   41367 |   4.70e-11
    2 |     13.583 |     9   -2   + |    20.230711577 |   49015   47454 |   2.49e-10
    3 |     21.147 |    49   -3   - |    24.998719350 |   39123    9307 |   5.36e-11
    4 |      21.76 |    50   -2   + |    20.325592746 |   20971   47350 |   3.76e-11
    5 |     24.287 |    43   -3   - |    25.003491381 |    8461   46780 |   5.74e-11
    6 |     25.066 |     8   -3   + |    29.285452495 |   17483     259 |   8.79e-11
    7 |     30.344 |    45   -4   - |    34.066515330 |   38602   10977 |   1.27e-11
    8 |     30.895 |    44   -3   + |    29.385692940 |    6051   12715 |   1.95e-10
    9 |     32.787 |    45   -4   - |    34.066515330 |    5841   15527 |   1.25e-10
   10 |     33.596 |    50   -3   + |    29.390313030 |   51280    5737 |   1.34e-10
  -> CHAINE COMPLETE : toutes les 10 cibles restantes atteintes.

--- depart l=26 : b1[26] = (t=7,k=-2,sg=+) = 20.208690130 | chaine atteint n_l = 10 etape(s) ---
etape |   cible x0 |     t    k  sg |               b |      N1      N2 |     erreur
    0 |   (depart) |     7   -2   + |    20.208690130 |                 |           
    1 |     13.507 |     5   -1   - |     7.019593802 |   48803   50415 |   2.27e-10
    2 |     13.583 |     1   -2   + |    19.905401285 |   37750   39189 |   1.07e-10
    3 |     21.147 |    46   -3   - |    25.000988656 |   47939   15444 |   7.89e-12
    4 |      21.76 |    45   -2   + |    20.321806372 |   12808   28863 |   2.15e-10
    5 |     24.287 |    48   -3   - |    24.999452113 |    5232   29119 |   1.18e-10
    6 |     25.066 |     1   -3   + |    28.970121569 |   61541    1049 |   1.66e-10
    7 |     30.344 |    48   -4   - |    34.064172396 |   54061   19965 |   1.22e-10
    8 |     30.895 |    44   -3   + |    29.385692940 |   21884   45951 |   1.04e-10
    9 |     32.787 |    45   -4   - |    34.066515330 |    5841   15527 |   1.25e-10
   10 |     33.596 |    50   -3   + |    29.390313030 |   51280    5737 |   1.34e-10
  -> CHAINE COMPLETE : toutes les 10 cibles restantes atteintes.

--- depart l=27 : b1[27] = (t=7,k=-3,sg=-) = 25.114911288 | chaine atteint n_l = 10 etape(s) ---
etape |   cible x0 |     t    k  sg |               b |      N1      N2 |     erreur
    0 |   (depart) |     7   -3   - |    25.114911288 |                 |           
    1 |     13.507 |    50   -1   + |    11.260872462 |   10901   56336 |   2.38e-10
    2 |     13.583 |    43   -2   - |    15.938771097 |   16315   16082 |   4.56e-11
    3 |     21.147 |     8   -3   + |    29.285452495 |   14537    9303 |   1.15e-10
    4 |      21.76 |    10   -2   - |    16.019724162 |   10399   13633 |   3.27e-11
    5 |     24.287 |     8   -3   + |    29.285452495 |   24174   39983 |   1.35e-10
    6 |     25.066 |    19   -3   - |    25.041544537 |     373   64356 |   1.72e-10
    7 |     30.344 |     1   -4   + |    38.034841852 |   52420   36141 |   1.78e-10
    8 |     30.895 |     7   -3   - |    25.114911288 |   20319   25099 |   2.16e-10
    9 |     32.787 |     7   -4   + |    38.338130698 |   40361   55782 |   7.17e-10
   10 |     33.596 |     1   -3   - |    25.418200133 |   55165   31989 |   5.02e-11
  -> CHAINE COMPLETE : toutes les 10 cibles restantes atteintes.

--- depart l=28 : b1[28] = (t=7,k=-2,sg=-) = 16.050191004 | chaine atteint n_l = 10 etape(s) ---
etape |   cible x0 |     t    k  sg |               b |      N1      N2 |     erreur
    0 |   (depart) |     7   -2   - |    16.050191004 |                 |           
    1 |     13.507 |    42   -1   + |    11.254496523 |   29469   33272 |   3.33e-11
    2 |     13.583 |    49   -2   - |    15.933999066 |   61556   60967 |   1.79e-11
    3 |     21.147 |     8   -3   + |    29.285452495 |   30913   19801 |   2.82e-10
    4 |      21.76 |    10   -2   - |    16.019724162 |   10399   13633 |   3.27e-11
    5 |     24.287 |     8   -3   + |    29.285452495 |   24174   39983 |   1.35e-10
    6 |     25.066 |    19   -3   - |    25.041544537 |     373   64356 |   1.72e-10
    7 |     30.344 |     1   -4   + |    38.034841852 |   52420   36141 |   1.78e-10
    8 |     30.895 |     7   -3   - |    25.114911288 |   20319   25099 |   2.16e-10
    9 |     32.787 |     7   -4   + |    38.338130698 |   40361   55782 |   7.17e-10
   10 |     33.596 |     1   -3   - |    25.418200133 |   55165   31989 |   5.02e-11
  -> CHAINE COMPLETE : toutes les 10 cibles restantes atteintes.

--- depart l=29 : b1[29] = (t=8,k=-3,sg=+) = 29.285452495 | chaine atteint n_l = 10 etape(s) ---
etape |   cible x0 |     t    k  sg |               b |      N1      N2 |     erreur
    0 |   (depart) |     8   -3   + |    29.285452495 |                 |           
    1 |     13.507 |    10   -1   - |     6.955003878 |   16703   40224 |   5.93e-10
    2 |     13.583 |    10   -2   + |    20.239156973 |   13709   13651 |   5.30e-11
    3 |     21.147 |    45   -3   - |    25.001795047 |   55297   13023 |   2.70e-11
    4 |      21.76 |    49   -2   + |    20.324882069 |   10977   24796 |   7.76e-12
    5 |     24.287 |    44   -3   - |    25.002628762 |   10409   57630 |   1.14e-11
    6 |     25.066 |     4   -3   + |    29.213318780 |   59293     906 |   8.84e-11
    7 |     30.344 |    47   -4   - |    34.064928413 |   61513   18692 |   1.17e-10
    8 |     30.895 |    49   -3   + |    29.389602352 |   18324   38585 |   3.20e-11
    9 |     32.787 |    44   -4   - |    34.067349046 |   23001   61033 |   1.69e-11
   10 |     33.596 |    41   -3   + |    29.383011391 |   15463    1730 |   1.43e-10
  -> CHAINE COMPLETE : toutes les 10 cibles restantes atteintes.

--- depart l=30 : b1[30] = (t=8,k=-2,sg=+) = 20.220732211 | chaine atteint n_l = 10 etape(s) ---
etape |   cible x0 |     t    k  sg |               b |      N1      N2 |     erreur
    0 |   (depart) |     8   -2   + |    20.220732211 |                 |           
    1 |     13.507 |     3   -1   - |     7.083538425 |   50521   52804 |   2.42e-10
    2 |     13.583 |     8   -2   + |    20.220732211 |   62647   61342 |   1.52e-11
    3 |     21.147 |    47   -3   - |    25.000208129 |   53817   12937 |   8.44e-11
    4 |      21.76 |    42   -2   + |    20.319216806 |    8344   18765 |   4.49e-11
    5 |     24.287 |    43   -3   - |    25.003491381 |   10173   56336 |   2.80e-10
    6 |     25.066 |     8   -3   + |    29.285452495 |   17483     259 |   8.79e-11
    7 |     30.344 |    45   -4   - |    34.066515330 |   38602   10977 |   1.27e-11
    8 |     30.895 |    44   -3   + |    29.385692940 |    6051   12715 |   1.95e-10
    9 |     32.787 |    45   -4   - |    34.066515330 |    5841   15527 |   1.25e-10
   10 |     33.596 |    50   -3   + |    29.390313030 |   51280    5737 |   1.34e-10
  -> CHAINE COMPLETE : toutes les 10 cibles restantes atteintes.

--- depart l=31 : b1[31] = (t=8,k=-3,sg=-) = 25.102869207 | chaine atteint n_l = 10 etape(s) ---
etape |   cible x0 |     t    k  sg |               b |      N1      N2 |     erreur
    0 |   (depart) |     8   -3   - |    25.102869207 |                 |           
    1 |     13.507 |    47   -1   + |    11.258673005 |    5725   29527 |   1.08e-09
    2 |     13.583 |    48   -2   - |    15.934731829 |   48571   48005 |   6.27e-11
    3 |     21.147 |     9   -3   + |    29.295431860 |   44084   28199 |   2.91e-10
    4 |      21.76 |     1   -2   - |    16.353479850 |   34721   48393 |   1.09e-10
    5 |     24.287 |    10   -3   + |    29.303877256 |   39101   61833 |   1.57e-10
    6 |     25.066 |    15   -3   - |    25.055774887 |     142   58853 |   7.98e-11
    7 |     30.344 |     3   -4   + |    38.240062994 |   62146   41621 |   9.87e-12
    8 |     30.895 |     6   -3   - |    25.129841095 |   40406   51479 |   4.38e-10
    9 |     32.787 |     1   -4   + |    38.034841852 |   38490   56161 |   3.74e-11
   10 |     33.596 |     1   -3   - |    25.418200133 |   20518   11137 |   2.80e-10
  -> CHAINE COMPLETE : toutes les 10 cibles restantes atteintes.

--- depart l=32 : b1[32] = (t=8,k=-2,sg=-) = 16.038148923 | chaine atteint n_l = 10 etape(s) ---
etape |   cible x0 |     t    k  sg |               b |      N1      N2 |     erreur
    0 |   (depart) |     8   -2   - |    16.038148923 |                 |           
    1 |     13.507 |    44   -1   + |    11.256252373 |   29563   33246 |   4.69e-11
    2 |     13.583 |    41   -2   - |    15.940590028 |   61687   60880 |   4.66e-11
    3 |     21.147 |     8   -3   + |    29.285452495 |   51503   32948 |   1.19e-11
    4 |      21.76 |    10   -2   - |    16.019724162 |   10399   13633 |   3.27e-11
    5 |     24.287 |     8   -3   + |    29.285452495 |   24174   39983 |   1.35e-10
    6 |     25.066 |    19   -3   - |    25.041544537 |     373   64356 |   1.72e-10
    7 |     30.344 |     1   -4   + |    38.034841852 |   52420   36141 |   1.78e-10
    8 |     30.895 |     7   -3   - |    25.114911288 |   20319   25099 |   2.16e-10
    9 |     32.787 |     7   -4   + |    38.338130698 |   40361   55782 |   7.17e-10
   10 |     33.596 |     1   -3   - |    25.418200133 |   55165   31989 |   5.02e-11
  -> CHAINE COMPLETE : toutes les 10 cibles restantes atteintes.

--- depart l=33 : b1[33] = (t=9,k=-3,sg=+) = 29.295431860 | chaine atteint n_l = 10 etape(s) ---
etape |   cible x0 |     t    k  sg |               b |      N1      N2 |     erreur
    0 |   (depart) |     9   -3   + |    29.295431860 |                 |           
    1 |     13.507 |     2   -1   - |     7.147000711 |   13311   33044 |   6.81e-11
    2 |     13.583 |     9   -2   + |    20.230711577 |   49015   47454 |   2.49e-10
    3 |     21.147 |    49   -3   - |    24.998719350 |   39123    9307 |   5.36e-11
    4 |      21.76 |    50   -2   + |    20.325592746 |   20971   47350 |   3.76e-11
    5 |     24.287 |    43   -3   - |    25.003491381 |    8461   46780 |   5.74e-11
    6 |     25.066 |     8   -3   + |    29.285452495 |   17483     259 |   8.79e-11
    7 |     30.344 |    45   -4   - |    34.066515330 |   38602   10977 |   1.27e-11
    8 |     30.895 |    44   -3   + |    29.385692940 |    6051   12715 |   1.95e-10
    9 |     32.787 |    45   -4   - |    34.066515330 |    5841   15527 |   1.25e-10
   10 |     33.596 |    50   -3   + |    29.390313030 |   51280    5737 |   1.34e-10
  -> CHAINE COMPLETE : toutes les 10 cibles restantes atteintes.

--- depart l=34 : b1[34] = (t=9,k=-2,sg=+) = 20.230711577 | chaine atteint n_l = 10 etape(s) ---
etape |   cible x0 |     t    k  sg |               b |      N1      N2 |     erreur
    0 |   (depart) |     9   -2   + |    20.230711577 |                 |           
    1 |     13.507 |     9   -1   - |     6.963449274 |   36139   37134 |   2.85e-10
    2 |     13.583 |     4   -2   + |    20.148598496 |   18619   18772 |   1.53e-10
    3 |     21.147 |    45   -3   - |    25.001795047 |   58706   15205 |   6.79e-11
    4 |      21.76 |    49   -2   + |    20.324882069 |   10977   24796 |   7.76e-12
    5 |     24.287 |    44   -3   - |    25.002628762 |   10409   57630 |   1.14e-11
    6 |     25.066 |     4   -3   + |    29.213318780 |   59293     906 |   8.84e-11
    7 |     30.344 |    47   -4   - |    34.064928413 |   61513   18692 |   1.17e-10
    8 |     30.895 |    49   -3   + |    29.389602352 |   18324   38585 |   3.20e-11
    9 |     32.787 |    44   -4   - |    34.067349046 |   23001   61033 |   1.69e-11
   10 |     33.596 |    41   -3   + |    29.383011391 |   15463    1730 |   1.43e-10
  -> CHAINE COMPLETE : toutes les 10 cibles restantes atteintes.

--- depart l=35 : b1[35] = (t=9,k=-3,sg=-) = 25.092889842 | chaine atteint n_l = 10 etape(s) ---
etape |   cible x0 |     t    k  sg |               b |      N1      N2 |     erreur
    0 |   (depart) |     9   -3   - |    25.092889842 |                 |           
    1 |     13.507 |    46   -1   + |    11.257892479 |   10507   54125 |   5.08e-10
    2 |     13.583 |    47   -2   - |    15.935487846 |    3179    3142 |   3.28e-11
    3 |     21.147 |     2   -3   + |    29.111880423 |   60595   39648 |   2.85e-10
    4 |      21.76 |     8   -2   - |    16.038148923 |   13153   16900 |   2.92e-10
    5 |     24.287 |     1   -3   + |    28.970121569 |   31425   55352 |   3.34e-10
    6 |     25.066 |    17   -3   - |    25.048031726 |     201   43673 |   5.95e-11
    7 |     30.344 |     7   -4   + |    38.338130698 |   53689   35568 |   1.17e-10
    8 |     30.895 |    10   -3   - |    25.084444446 |   16461   21086 |   5.22e-11
    9 |     32.787 |     6   -4   + |    38.323200891 |   15852   22055 |   6.84e-11
   10 |     33.596 |     1   -3   - |    25.418200133 |   40306   23299 |   2.41e-10
  -> CHAINE COMPLETE : toutes les 10 cibles restantes atteintes.

--- depart l=36 : b1[36] = (t=9,k=-2,sg=-) = 16.028169558 | chaine atteint n_l = 10 etape(s) ---
etape |   cible x0 |     t    k  sg |               b |      N1      N2 |     erreur
    0 |   (depart) |     9   -2   - |    16.028169558 |                 |           
    1 |     13.507 |    45   -1   + |    11.257086088 |   25663   28757 |   9.57e-11
    2 |     13.583 |    44   -2   - |    15.937908478 |   60833   60084 |   5.89e-11
    3 |     21.147 |     9   -3   + |    29.295431860 |   45428   29041 |   8.94e-11
    4 |      21.76 |     1   -2   - |    16.353479850 |   34721   48393 |   1.09e-10
    5 |     24.287 |    10   -3   + |    29.303877256 |   39101   61833 |   1.57e-10
    6 |     25.066 |    15   -3   - |    25.055774887 |     142   58853 |   7.98e-11
    7 |     30.344 |     3   -4   + |    38.240062994 |   62146   41621 |   9.87e-12
    8 |     30.895 |     6   -3   - |    25.129841095 |   40406   51479 |   4.38e-10
    9 |     32.787 |     1   -4   + |    38.034841852 |   38490   56161 |   3.74e-11
   10 |     33.596 |     1   -3   - |    25.418200133 |   20518   11137 |   2.80e-10
  -> CHAINE COMPLETE : toutes les 10 cibles restantes atteintes.

--- depart l=37 : b1[37] = (t=10,k=-3,sg=+) = 29.303877256 | chaine atteint n_l = 10 etape(s) ---
etape |   cible x0 |     t    k  sg |               b |      N1      N2 |     erreur
    0 |   (depart) |    10   -3   + |    29.303877256 |                 |           
    1 |     13.507 |    10   -1   - |     6.955003878 |   19287   46501 |   1.24e-10
    2 |     13.583 |    10   -2   + |    20.239156973 |   13709   13651 |   5.30e-11
    3 |     21.147 |    45   -3   - |    25.001795047 |   55297   13023 |   2.70e-11
    4 |      21.76 |    49   -2   + |    20.324882069 |   10977   24796 |   7.76e-12
    5 |     24.287 |    44   -3   - |    25.002628762 |   10409   57630 |   1.14e-11
    6 |     25.066 |     4   -3   + |    29.213318780 |   59293     906 |   8.84e-11
    7 |     30.344 |    47   -4   - |    34.064928413 |   61513   18692 |   1.17e-10
    8 |     30.895 |    49   -3   + |    29.389602352 |   18324   38585 |   3.20e-11
    9 |     32.787 |    44   -4   - |    34.067349046 |   23001   61033 |   1.69e-11
   10 |     33.596 |    41   -3   + |    29.383011391 |   15463    1730 |   1.43e-10
  -> CHAINE COMPLETE : toutes les 10 cibles restantes atteintes.

--- depart l=38 : b1[38] = (t=10,k=-2,sg=+) = 20.239156973 | chaine atteint n_l = 10 etape(s) ---
etape |   cible x0 |     t    k  sg |               b |      N1      N2 |     erreur
    0 |   (depart) |    10   -2   + |    20.239156973 |                 |           
    1 |     13.507 |     3   -1   - |     7.083538425 |   36602   38361 |   1.36e-10
    2 |     13.583 |     8   -2   + |    20.220732211 |   62647   61342 |   1.52e-11
    3 |     21.147 |    47   -3   - |    25.000208129 |   53817   12937 |   8.44e-11
    4 |      21.76 |    42   -2   + |    20.319216806 |    8344   18765 |   4.49e-11
    5 |     24.287 |    43   -3   - |    25.003491381 |   10173   56336 |   2.80e-10
    6 |     25.066 |     8   -3   + |    29.285452495 |   17483     259 |   8.79e-11
    7 |     30.344 |    45   -4   - |    34.066515330 |   38602   10977 |   1.27e-11
    8 |     30.895 |    44   -3   + |    29.385692940 |    6051   12715 |   1.95e-10
    9 |     32.787 |    45   -4   - |    34.066515330 |    5841   15527 |   1.25e-10
   10 |     33.596 |    50   -3   + |    29.390313030 |   51280    5737 |   1.34e-10
  -> CHAINE COMPLETE : toutes les 10 cibles restantes atteintes.

--- depart l=39 : b1[39] = (t=10,k=-3,sg=-) = 25.084444446 | chaine atteint n_l = 10 etape(s) ---
etape |   cible x0 |     t    k  sg |               b |      N1      N2 |     erreur
    0 |   (depart) |    10   -3   - |    25.084444446 |                 |           
    1 |     13.507 |    43   -1   + |    11.255389754 |   12069   62057 |   1.73e-10
    2 |     13.583 |    46   -2   - |    15.936268372 |   45583   45086 |   3.71e-12
    3 |     21.147 |     1   -3   + |    28.970121569 |   13365    8902 |   1.91e-11
    4 |      21.76 |     6   -2   - |    16.065120811 |   26974   34151 |   1.32e-10
    5 |     24.287 |     2   -3   + |    29.111880423 |   29739   50677 |   1.61e-10
    6 |     25.066 |    18   -3   - |    25.044653087 |     100   18953 |   9.94e-11
    7 |     30.344 |     3   -4   + |    38.240062994 |   63443   42579 |   2.51e-11
    8 |     30.895 |     6   -3   - |    25.129841095 |   40406   51479 |   4.38e-10
    9 |     32.787 |     1   -4   + |    38.034841852 |   38490   56161 |   3.74e-11
   10 |     33.596 |     1   -3   - |    25.418200133 |   20518   11137 |   2.80e-10
  -> CHAINE COMPLETE : toutes les 10 cibles restantes atteintes.

--- depart l=40 : b1[40] = (t=10,k=-2,sg=-) = 16.019724162 | chaine atteint n_l = 10 etape(s) ---
etape |   cible x0 |     t    k  sg |               b |      N1      N2 |     erreur
    0 |   (depart) |    10   -2   - |    16.019724162 |                 |           
    1 |     13.507 |    47   -1   + |    11.258673005 |    1182    1321 |   1.19e-10
    2 |     13.583 |    48   -2   - |    15.934731829 |   48571   48005 |   6.27e-11
    3 |     21.147 |     9   -3   + |    29.295431860 |   44084   28199 |   2.91e-10
    4 |      21.76 |     1   -2   - |    16.353479850 |   34721   48393 |   1.09e-10
    5 |     24.287 |    10   -3   + |    29.303877256 |   39101   61833 |   1.57e-10
    6 |     25.066 |    15   -3   - |    25.055774887 |     142   58853 |   7.98e-11
    7 |     30.344 |     3   -4   + |    38.240062994 |   62146   41621 |   9.87e-12
    8 |     30.895 |     6   -3   - |    25.129841095 |   40406   51479 |   4.38e-10
    9 |     32.787 |     1   -4   + |    38.034841852 |   38490   56161 |   3.74e-11
   10 |     33.596 |     1   -3   - |    25.418200133 |   20518   11137 |   2.80e-10
  -> CHAINE COMPLETE : toutes les 10 cibles restantes atteintes.

--- depart l=41 : b1[41] = (t=11,k=-3,sg=+) = 29.311145266 | chaine atteint n_l = 10 etape(s) ---
etape |   cible x0 |     t    k  sg |               b |      N1      N2 |     erreur
    0 |   (depart) |    11   -3   + |    29.311145266 |                 |           
    1 |     13.507 |     1   -1   - |     7.288759566 |   20287   51561 |   1.49e-10
    2 |     13.583 |     4   -2   + |    20.148598496 |   47689   45718 |   1.14e-10
    3 |     21.147 |    45   -3   - |    25.001795047 |   58706   15205 |   6.79e-11
    4 |      21.76 |    49   -2   + |    20.324882069 |   10977   24796 |   7.76e-12
    5 |     24.287 |    44   -3   - |    25.002628762 |   10409   57630 |   1.14e-11
    6 |     25.066 |     4   -3   + |    29.213318780 |   59293     906 |   8.84e-11
    7 |     30.344 |    47   -4   - |    34.064928413 |   61513   18692 |   1.17e-10
    8 |     30.895 |    49   -3   + |    29.389602352 |   18324   38585 |   3.20e-11
    9 |     32.787 |    44   -4   - |    34.067349046 |   23001   61033 |   1.69e-11
   10 |     33.596 |    41   -3   + |    29.383011391 |   15463    1730 |   1.43e-10
  -> CHAINE COMPLETE : toutes les 10 cibles restantes atteintes.

--- depart l=42 : b1[42] = (t=11,k=-2,sg=+) = 20.246424982 | chaine atteint n_l = 10 etape(s) ---
etape |   cible x0 |     t    k  sg |               b |      N1      N2 |     erreur
    0 |   (depart) |    11   -2   + |    20.246424982 |                 |           
    1 |     13.507 |    10   -1   - |     6.955003878 |   40061   41207 |   2.56e-10
    2 |     13.583 |    10   -2   + |    20.239156973 |   13709   13651 |   5.30e-11
    3 |     21.147 |    45   -3   - |    25.001795047 |   55297   13023 |   2.70e-11
    4 |      21.76 |    49   -2   + |    20.324882069 |   10977   24796 |   7.76e-12
    5 |     24.287 |    44   -3   - |    25.002628762 |   10409   57630 |   1.14e-11
    6 |     25.066 |     4   -3   + |    29.213318780 |   59293     906 |   8.84e-11
    7 |     30.344 |    47   -4   - |    34.064928413 |   61513   18692 |   1.17e-10
    8 |     30.895 |    49   -3   + |    29.389602352 |   18324   38585 |   3.20e-11
    9 |     32.787 |    44   -4   - |    34.067349046 |   23001   61033 |   1.69e-11
   10 |     33.596 |    41   -3   + |    29.383011391 |   15463    1730 |   1.43e-10
  -> CHAINE COMPLETE : toutes les 10 cibles restantes atteintes.

--- depart l=43 : b1[43] = (t=11,k=-3,sg=-) = 25.077176436 | chaine atteint n_l = 10 etape(s) ---
etape |   cible x0 |     t    k  sg |               b |      N1      N2 |     erreur
    0 |   (depart) |    11   -3   - |    25.077176436 |                 |           
    1 |     13.507 |    47   -1   + |    11.258673005 |    5461   28103 |   3.43e-10
    2 |     13.583 |    48   -2   - |    15.934731829 |   48571   48005 |   6.27e-11
    3 |     21.147 |     9   -3   + |    29.295431860 |   44084   28199 |   2.91e-10
    4 |      21.76 |     1   -2   - |    16.353479850 |   34721   48393 |   1.09e-10
    5 |     24.287 |    10   -3   + |    29.303877256 |   39101   61833 |   1.57e-10
    6 |     25.066 |    15   -3   - |    25.055774887 |     142   58853 |   7.98e-11
    7 |     30.344 |     3   -4   + |    38.240062994 |   62146   41621 |   9.87e-12
    8 |     30.895 |     6   -3   - |    25.129841095 |   40406   51479 |   4.38e-10
    9 |     32.787 |     1   -4   + |    38.034841852 |   38490   56161 |   3.74e-11
   10 |     33.596 |     1   -3   - |    25.418200133 |   20518   11137 |   2.80e-10
  -> CHAINE COMPLETE : toutes les 10 cibles restantes atteintes.

--- depart l=44 : b1[44] = (t=11,k=-2,sg=-) = 16.012456153 | chaine atteint n_l = 10 etape(s) ---
etape |   cible x0 |     t    k  sg |               b |      N1      N2 |     erreur
    0 |   (depart) |    11   -2   - |    16.012456153 |                 |           
    1 |     13.507 |    48   -1   + |    11.259429022 |   41555   46323 |   1.13e-10
    2 |     13.583 |    43   -2   - |    15.938771097 |   63430   62563 |   3.29e-11
    3 |     21.147 |     8   -3   + |    29.285452495 |   14537    9303 |   1.15e-10
    4 |      21.76 |    10   -2   - |    16.019724162 |   10399   13633 |   3.27e-11
    5 |     24.287 |     8   -3   + |    29.285452495 |   24174   39983 |   1.35e-10
    6 |     25.066 |    19   -3   - |    25.041544537 |     373   64356 |   1.72e-10
    7 |     30.344 |     1   -4   + |    38.034841852 |   52420   36141 |   1.78e-10
    8 |     30.895 |     7   -3   - |    25.114911288 |   20319   25099 |   2.16e-10
    9 |     32.787 |     7   -4   + |    38.338130698 |   40361   55782 |   7.17e-10
   10 |     33.596 |     1   -3   - |    25.418200133 |   55165   31989 |   5.02e-11
  -> CHAINE COMPLETE : toutes les 10 cibles restantes atteintes.

--- depart l=45 : b1[45] = (t=12,k=-3,sg=+) = 29.317486267 | chaine atteint n_l = 10 etape(s) ---
etape |   cible x0 |     t    k  sg |               b |      N1      N2 |     erreur
    0 |   (depart) |    12   -3   + |    29.317486267 |                 |           
    1 |     13.507 |     5   -1   - |     7.019593802 |   21329   51981 |   2.92e-10
    2 |     13.583 |     1   -2   + |    19.905401285 |   37750   39189 |   1.07e-10
    3 |     21.147 |    46   -3   - |    25.000988656 |   47939   15444 |   7.89e-12
    4 |      21.76 |    45   -2   + |    20.321806372 |   12808   28863 |   2.15e-10
    5 |     24.287 |    48   -3   - |    24.999452113 |    5232   29119 |   1.18e-10
    6 |     25.066 |     1   -3   + |    28.970121569 |   61541    1049 |   1.66e-10
    7 |     30.344 |    48   -4   - |    34.064172396 |   54061   19965 |   1.22e-10
    8 |     30.895 |    44   -3   + |    29.385692940 |   21884   45951 |   1.04e-10
    9 |     32.787 |    45   -4   - |    34.066515330 |    5841   15527 |   1.25e-10
   10 |     33.596 |    50   -3   + |    29.390313030 |   51280    5737 |   1.34e-10
  -> CHAINE COMPLETE : toutes les 10 cibles restantes atteintes.

--- depart l=46 : b1[46] = (t=12,k=-2,sg=+) = 20.252765983 | chaine atteint n_l = 10 etape(s) ---
etape |   cible x0 |     t    k  sg |               b |      N1      N2 |     erreur
    0 |   (depart) |    12   -2   + |    20.252765983 |                 |           
    1 |     13.507 |     1   -1   - |     7.288759566 |   28243   30639 |   5.99e-11
    2 |     13.583 |     4   -2   + |    20.148598496 |   47689   45718 |   1.14e-10
    3 |     21.147 |    45   -3   - |    25.001795047 |   58706   15205 |   6.79e-11
    4 |      21.76 |    49   -2   + |    20.324882069 |   10977   24796 |   7.76e-12
    5 |     24.287 |    44   -3   - |    25.002628762 |   10409   57630 |   1.14e-11
    6 |     25.066 |     4   -3   + |    29.213318780 |   59293     906 |   8.84e-11
    7 |     30.344 |    47   -4   - |    34.064928413 |   61513   18692 |   1.17e-10
    8 |     30.895 |    49   -3   + |    29.389602352 |   18324   38585 |   3.20e-11
    9 |     32.787 |    44   -4   - |    34.067349046 |   23001   61033 |   1.69e-11
   10 |     33.596 |    41   -3   + |    29.383011391 |   15463    1730 |   1.43e-10
  -> CHAINE COMPLETE : toutes les 10 cibles restantes atteintes.

--- depart l=47 : b1[47] = (t=12,k=-3,sg=-) = 25.070835435 | chaine atteint n_l = 10 etape(s) ---
etape |   cible x0 |     t    k  sg |               b |      N1      N2 |     erreur
    0 |   (depart) |    12   -3   - |    25.070835435 |                 |           
    1 |     13.507 |    45   -1   + |    11.257086088 |    2742   14093 |   1.08e-11
    2 |     13.583 |    44   -2   - |    15.937908478 |   60833   60084 |   5.89e-11
    3 |     21.147 |     9   -3   + |    29.295431860 |   45428   29041 |   8.94e-11
    4 |      21.76 |     1   -2   - |    16.353479850 |   34721   48393 |   1.09e-10
    5 |     24.287 |    10   -3   + |    29.303877256 |   39101   61833 |   1.57e-10
    6 |     25.066 |    15   -3   - |    25.055774887 |     142   58853 |   7.98e-11
    7 |     30.344 |     3   -4   + |    38.240062994 |   62146   41621 |   9.87e-12
    8 |     30.895 |     6   -3   - |    25.129841095 |   40406   51479 |   4.38e-10
    9 |     32.787 |     1   -4   + |    38.034841852 |   38490   56161 |   3.74e-11
   10 |     33.596 |     1   -3   - |    25.418200133 |   20518   11137 |   2.80e-10
  -> CHAINE COMPLETE : toutes les 10 cibles restantes atteintes.

--- depart l=48 : b1[48] = (t=12,k=-2,sg=-) = 16.006115152 | chaine atteint n_l = 10 etape(s) ---
etape |   cible x0 |     t    k  sg |               b |      N1      N2 |     erreur
    0 |   (depart) |    12   -2   - |    16.006115152 |                 |           
    1 |     13.507 |    42   -1   + |    11.254496523 |   29557   32793 |   1.08e-11
    2 |     13.583 |    49   -2   - |    15.933999066 |   61556   60967 |   1.79e-11
    3 |     21.147 |     8   -3   + |    29.285452495 |   30913   19801 |   2.82e-10
    4 |      21.76 |    10   -2   - |    16.019724162 |   10399   13633 |   3.27e-11
    5 |     24.287 |     8   -3   + |    29.285452495 |   24174   39983 |   1.35e-10
    6 |     25.066 |    19   -3   - |    25.041544537 |     373   64356 |   1.72e-10
    7 |     30.344 |     1   -4   + |    38.034841852 |   52420   36141 |   1.78e-10
    8 |     30.895 |     7   -3   - |    25.114911288 |   20319   25099 |   2.16e-10
    9 |     32.787 |     7   -4   + |    38.338130698 |   40361   55782 |   7.17e-10
   10 |     33.596 |     1   -3   - |    25.418200133 |   55165   31989 |   5.02e-11
  -> CHAINE COMPLETE : toutes les 10 cibles restantes atteintes.

--- depart l=49 : b1[49] = (t=13,k=-3,sg=+) = 29.323081922 | chaine atteint n_l = 10 etape(s) ---
etape |   cible x0 |     t    k  sg |               b |      N1      N2 |     erreur
    0 |   (depart) |    13   -3   + |    29.323081922 |                 |           
    1 |     13.507 |     4   -1   - |     7.045562355 |   18838   46111 |   5.28e-11
    2 |     13.583 |     8   -2   + |    20.220732211 |   21774   21445 |   2.02e-10
    3 |     21.147 |    47   -3   - |    25.000208129 |   53817   12937 |   8.44e-11
    4 |      21.76 |    42   -2   + |    20.319216806 |    8344   18765 |   4.49e-11
    5 |     24.287 |    43   -3   - |    25.003491381 |   10173   56336 |   2.80e-10
    6 |     25.066 |     8   -3   + |    29.285452495 |   17483     259 |   8.79e-11
    7 |     30.344 |    45   -4   - |    34.066515330 |   38602   10977 |   1.27e-11
    8 |     30.895 |    44   -3   + |    29.385692940 |    6051   12715 |   1.95e-10
    9 |     32.787 |    45   -4   - |    34.066515330 |    5841   15527 |   1.25e-10
   10 |     33.596 |    50   -3   + |    29.390313030 |   51280    5737 |   1.34e-10
  -> CHAINE COMPLETE : toutes les 10 cibles restantes atteintes.

--- depart l=50 : b1[50] = (t=13,k=-2,sg=+) = 20.258361639 | chaine atteint n_l = 10 etape(s) ---
etape |   cible x0 |     t    k  sg |               b |      N1      N2 |     erreur
    0 |   (depart) |    13   -2   + |    20.258361639 |                 |           
    1 |     13.507 |     8   -1   - |     6.973428639 |   47699   49289 |   5.63e-11
    2 |     13.583 |     5   -2   + |    20.174567049 |   62971   63143 |   5.60e-11
    3 |     21.147 |    47   -3   - |    25.000208129 |   48635   12274 |   1.91e-10
    4 |      21.76 |    42   -2   + |    20.319216806 |    8344   18765 |   4.49e-11
    5 |     24.287 |    43   -3   - |    25.003491381 |   10173   56336 |   2.80e-10
    6 |     25.066 |     8   -3   + |    29.285452495 |   17483     259 |   8.79e-11
    7 |     30.344 |    45   -4   - |    34.066515330 |   38602   10977 |   1.27e-11
    8 |     30.895 |    44   -3   + |    29.385692940 |    6051   12715 |   1.95e-10
    9 |     32.787 |    45   -4   - |    34.066515330 |    5841   15527 |   1.25e-10
   10 |     33.596 |    50   -3   + |    29.390313030 |   51280    5737 |   1.34e-10
  -> CHAINE COMPLETE : toutes les 10 cibles restantes atteintes.

--- depart l=51 : b1[51] = (t=13,k=-3,sg=-) = 25.065239780 | chaine atteint n_l = 10 etape(s) ---
etape |   cible x0 |     t    k  sg |               b |      N1      N2 |     erreur
    0 |   (depart) |    13   -3   - |    25.065239780 |                 |           
    1 |     13.507 |    50   -1   + |    11.260872462 |   12307   63330 |   7.09e-11
    2 |     13.583 |    43   -2   - |    15.938771097 |   16315   16082 |   4.56e-11
    3 |     21.147 |     8   -3   + |    29.285452495 |   14537    9303 |   1.15e-10
    4 |      21.76 |    10   -2   - |    16.019724162 |   10399   13633 |   3.27e-11
    5 |     24.287 |     8   -3   + |    29.285452495 |   24174   39983 |   1.35e-10
    6 |     25.066 |    19   -3   - |    25.041544537 |     373   64356 |   1.72e-10
    7 |     30.344 |     1   -4   + |    38.034841852 |   52420   36141 |   1.78e-10
    8 |     30.895 |     7   -3   - |    25.114911288 |   20319   25099 |   2.16e-10
    9 |     32.787 |     7   -4   + |    38.338130698 |   40361   55782 |   7.17e-10
   10 |     33.596 |     1   -3   - |    25.418200133 |   55165   31989 |   5.02e-11
  -> CHAINE COMPLETE : toutes les 10 cibles restantes atteintes.

--- depart l=52 : b1[52] = (t=13,k=-2,sg=-) = 16.000519496 | chaine atteint n_l = 10 etape(s) ---
etape |   cible x0 |     t    k  sg |               b |      N1      N2 |     erreur
    0 |   (depart) |    13   -2   - |    16.000519496 |                 |           
    1 |     13.507 |    49   -1   + |    11.260161785 |   14218   15779 |   9.06e-12
    2 |     13.583 |    41   -2   - |    15.940590028 |   59225   58352 |   3.16e-12
    3 |     21.147 |     8   -3   + |    29.285452495 |   51503   32948 |   1.19e-11
    4 |      21.76 |    10   -2   - |    16.019724162 |   10399   13633 |   3.27e-11
    5 |     24.287 |     8   -3   + |    29.285452495 |   24174   39983 |   1.35e-10
    6 |     25.066 |    19   -3   - |    25.041544537 |     373   64356 |   1.72e-10
    7 |     30.344 |     1   -4   + |    38.034841852 |   52420   36141 |   1.78e-10
    8 |     30.895 |     7   -3   - |    25.114911288 |   20319   25099 |   2.16e-10
    9 |     32.787 |     7   -4   + |    38.338130698 |   40361   55782 |   7.17e-10
   10 |     33.596 |     1   -3   - |    25.418200133 |   55165   31989 |   5.02e-11
  -> CHAINE COMPLETE : toutes les 10 cibles restantes atteintes.

--- depart l=53 : b1[53] = (t=14,k=-3,sg=+) = 29.328067668 | chaine atteint n_l = 10 etape(s) ---
etape |   cible x0 |     t    k  sg |               b |      N1      N2 |     erreur
    0 |   (depart) |    14   -3   + |    29.328067668 |                 |           
    1 |     13.507 |     8   -1   - |     6.973428639 |   17383   42093 |   1.16e-10
    2 |     13.583 |     5   -2   + |    20.174567049 |   62971   63143 |   5.60e-11
    3 |     21.147 |    47   -3   - |    25.000208129 |   48635   12274 |   1.91e-10
    4 |      21.76 |    42   -2   + |    20.319216806 |    8344   18765 |   4.49e-11
    5 |     24.287 |    43   -3   - |    25.003491381 |   10173   56336 |   2.80e-10
    6 |     25.066 |     8   -3   + |    29.285452495 |   17483     259 |   8.79e-11
    7 |     30.344 |    45   -4   - |    34.066515330 |   38602   10977 |   1.27e-11
    8 |     30.895 |    44   -3   + |    29.385692940 |    6051   12715 |   1.95e-10
    9 |     32.787 |    45   -4   - |    34.066515330 |    5841   15527 |   1.25e-10
   10 |     33.596 |    50   -3   + |    29.390313030 |   51280    5737 |   1.34e-10
  -> CHAINE COMPLETE : toutes les 10 cibles restantes atteintes.

--- depart l=54 : b1[54] = (t=14,k=-2,sg=+) = 20.263347384 | chaine atteint n_l = 10 etape(s) ---
etape |   cible x0 |     t    k  sg |               b |      N1      N2 |     erreur
    0 |   (depart) |    14   -2   + |    20.263347384 |                 |           
    1 |     13.507 |     5   -1   - |     7.019593802 |   39536   41175 |   3.67e-11
    2 |     13.583 |     1   -2   + |    19.905401285 |   37750   39189 |   1.07e-10
    3 |     21.147 |    46   -3   - |    25.000988656 |   47939   15444 |   7.89e-12
    4 |      21.76 |    45   -2   + |    20.321806372 |   12808   28863 |   2.15e-10
    5 |     24.287 |    48   -3   - |    24.999452113 |    5232   29119 |   1.18e-10
    6 |     25.066 |     1   -3   + |    28.970121569 |   61541    1049 |   1.66e-10
    7 |     30.344 |    48   -4   - |    34.064172396 |   54061   19965 |   1.22e-10
    8 |     30.895 |    44   -3   + |    29.385692940 |   21884   45951 |   1.04e-10
    9 |     32.787 |    45   -4   - |    34.066515330 |    5841   15527 |   1.25e-10
   10 |     33.596 |    50   -3   + |    29.390313030 |   51280    5737 |   1.34e-10
  -> CHAINE COMPLETE : toutes les 10 cibles restantes atteintes.

--- depart l=55 : b1[55] = (t=14,k=-3,sg=-) = 25.060254034 | chaine atteint n_l = 10 etape(s) ---
etape |   cible x0 |     t    k  sg |               b |      N1      N2 |     erreur
    0 |   (depart) |    14   -3   - |    25.060254034 |                 |           
    1 |     13.507 |    45   -1   + |    11.257086088 |    7305   37511 |   8.64e-10
    2 |     13.583 |    44   -2   - |    15.937908478 |   60833   60084 |   5.89e-11
    3 |     21.147 |     9   -3   + |    29.295431860 |   45428   29041 |   8.94e-11
    4 |      21.76 |     1   -2   - |    16.353479850 |   34721   48393 |   1.09e-10
    5 |     24.287 |    10   -3   + |    29.303877256 |   39101   61833 |   1.57e-10
    6 |     25.066 |    15   -3   - |    25.055774887 |     142   58853 |   7.98e-11
    7 |     30.344 |     3   -4   + |    38.240062994 |   62146   41621 |   9.87e-12
    8 |     30.895 |     6   -3   - |    25.129841095 |   40406   51479 |   4.38e-10
    9 |     32.787 |     1   -4   + |    38.034841852 |   38490   56161 |   3.74e-11
   10 |     33.596 |     1   -3   - |    25.418200133 |   20518   11137 |   2.80e-10
  -> CHAINE COMPLETE : toutes les 10 cibles restantes atteintes.

--- depart l=56 : b1[56] = (t=14,k=-2,sg=-) = 15.995533750 | chaine atteint n_l = 10 etape(s) ---
etape |   cible x0 |     t    k  sg |               b |      N1      N2 |     erreur
    0 |   (depart) |    14   -2   - |    15.995533750 |                 |           
    1 |     13.507 |    49   -1   + |    11.260161785 |   26085   28891 |   8.28e-11
    2 |     13.583 |    41   -2   - |    15.940590028 |   59225   58352 |   3.16e-12
    3 |     21.147 |     8   -3   + |    29.285452495 |   51503   32948 |   1.19e-11
    4 |      21.76 |    10   -2   - |    16.019724162 |   10399   13633 |   3.27e-11
    5 |     24.287 |     8   -3   + |    29.285452495 |   24174   39983 |   1.35e-10
    6 |     25.066 |    19   -3   - |    25.041544537 |     373   64356 |   1.72e-10
    7 |     30.344 |     1   -4   + |    38.034841852 |   52420   36141 |   1.78e-10
    8 |     30.895 |     7   -3   - |    25.114911288 |   20319   25099 |   2.16e-10
    9 |     32.787 |     7   -4   + |    38.338130698 |   40361   55782 |   7.17e-10
   10 |     33.596 |     1   -3   - |    25.418200133 |   55165   31989 |   5.02e-11
  -> CHAINE COMPLETE : toutes les 10 cibles restantes atteintes.

--- depart l=57 : b1[57] = (t=15,k=-3,sg=+) = 29.332546815 | chaine atteint n_l = 10 etape(s) ---
etape |   cible x0 |     t    k  sg |               b |      N1      N2 |     erreur
    0 |   (depart) |    15   -3   + |    29.332546815 |                 |           
    1 |     13.507 |     2   -1   - |     7.147000711 |    6535   16261 |   3.19e-11
    2 |     13.583 |     9   -2   + |    20.230711577 |   49015   47454 |   2.49e-10
    3 |     21.147 |    49   -3   - |    24.998719350 |   39123    9307 |   5.36e-11
    4 |      21.76 |    50   -2   + |    20.325592746 |   20971   47350 |   3.76e-11
    5 |     24.287 |    43   -3   - |    25.003491381 |    8461   46780 |   5.74e-11
    6 |     25.066 |     8   -3   + |    29.285452495 |   17483     259 |   8.79e-11
    7 |     30.344 |    45   -4   - |    34.066515330 |   38602   10977 |   1.27e-11
    8 |     30.895 |    44   -3   + |    29.385692940 |    6051   12715 |   1.95e-10
    9 |     32.787 |    45   -4   - |    34.066515330 |    5841   15527 |   1.25e-10
   10 |     33.596 |    50   -3   + |    29.390313030 |   51280    5737 |   1.34e-10
  -> CHAINE COMPLETE : toutes les 10 cibles restantes atteintes.

--- depart l=58 : b1[58] = (t=15,k=-2,sg=+) = 20.267826531 | chaine atteint n_l = 10 etape(s) ---
etape |   cible x0 |     t    k  sg |               b |      N1      N2 |     erreur
    0 |   (depart) |    15   -2   + |    20.267826531 |                 |           
    1 |     13.507 |     5   -1   - |     7.019593802 |   36658   38203 |   1.08e-10
    2 |     13.583 |     1   -2   + |    19.905401285 |   37750   39189 |   1.07e-10
    3 |     21.147 |    46   -3   - |    25.000988656 |   47939   15444 |   7.89e-12
    4 |      21.76 |    45   -2   + |    20.321806372 |   12808   28863 |   2.15e-10
    5 |     24.287 |    48   -3   - |    24.999452113 |    5232   29119 |   1.18e-10
    6 |     25.066 |     1   -3   + |    28.970121569 |   61541    1049 |   1.66e-10
    7 |     30.344 |    48   -4   - |    34.064172396 |   54061   19965 |   1.22e-10
    8 |     30.895 |    44   -3   + |    29.385692940 |   21884   45951 |   1.04e-10
    9 |     32.787 |    45   -4   - |    34.066515330 |    5841   15527 |   1.25e-10
   10 |     33.596 |    50   -3   + |    29.390313030 |   51280    5737 |   1.34e-10
  -> CHAINE COMPLETE : toutes les 10 cibles restantes atteintes.

--- depart l=59 : b1[59] = (t=15,k=-3,sg=-) = 25.055774887 | chaine atteint n_l = 10 etape(s) ---
etape |   cible x0 |     t    k  sg |               b |      N1      N2 |     erreur
    0 |   (depart) |    15   -3   - |    25.055774887 |                 |           
    1 |     13.507 |    45   -1   + |    11.257086088 |   12257   62915 |   1.60e-10
    2 |     13.583 |    44   -2   - |    15.937908478 |   60833   60084 |   5.89e-11
    3 |     21.147 |     9   -3   + |    29.295431860 |   45428   29041 |   8.94e-11
    4 |      21.76 |     1   -2   - |    16.353479850 |   34721   48393 |   1.09e-10
    5 |     24.287 |    10   -3   + |    29.303877256 |   39101   61833 |   1.57e-10
    6 |     25.066 |    15   -3   - |    25.055774887 |     142   58853 |   7.98e-11
    7 |     30.344 |     3   -4   + |    38.240062994 |   62146   41621 |   9.87e-12
    8 |     30.895 |     6   -3   - |    25.129841095 |   40406   51479 |   4.38e-10
    9 |     32.787 |     1   -4   + |    38.034841852 |   38490   56161 |   3.74e-11
   10 |     33.596 |     1   -3   - |    25.418200133 |   20518   11137 |   2.80e-10
  -> CHAINE COMPLETE : toutes les 10 cibles restantes atteintes.

--- depart l=60 : b1[60] = (t=15,k=-2,sg=-) = 15.991054604 | chaine atteint n_l = 10 etape(s) ---
etape |   cible x0 |     t    k  sg |               b |      N1      N2 |     erreur
    0 |   (depart) |    15   -2   - |    15.991054604 |                 |           
    1 |     13.507 |    41   -1   + |    11.253570823 |   45943   50645 |   9.83e-12
    2 |     13.583 |    47   -2   - |    15.935487846 |   65396   64755 |   5.90e-11
    3 |     21.147 |     2   -3   + |    29.111880423 |   60595   39648 |   2.85e-10
    4 |      21.76 |     8   -2   - |    16.038148923 |   13153   16900 |   2.92e-10
    5 |     24.287 |     1   -3   + |    28.970121569 |   31425   55352 |   3.34e-10
    6 |     25.066 |    17   -3   - |    25.048031726 |     201   43673 |   5.95e-11
    7 |     30.344 |     7   -4   + |    38.338130698 |   53689   35568 |   1.17e-10
    8 |     30.895 |    10   -3   - |    25.084444446 |   16461   21086 |   5.22e-11
    9 |     32.787 |     6   -4   + |    38.323200891 |   15852   22055 |   6.84e-11
   10 |     33.596 |     1   -3   - |    25.418200133 |   40306   23299 |   2.41e-10
  -> CHAINE COMPLETE : toutes les 10 cibles restantes atteintes.

--- depart l=61 : b1[61] = (t=16,k=-3,sg=+) = 29.336599725 | chaine atteint n_l = 10 etape(s) ---
etape |   cible x0 |     t    k  sg |               b |      N1      N2 |     erreur
    0 |   (depart) |    16   -3   + |    29.336599725 |                 |           
    1 |     13.507 |     7   -1   - |     6.985470721 |   16193   39305 |   3.23e-10
    2 |     13.583 |     1   -2   + |    19.905401285 |   41065   42852 |   1.31e-11
    3 |     21.147 |    46   -3   - |    25.000988656 |   47939   15444 |   7.89e-12
    4 |      21.76 |    45   -2   + |    20.321806372 |   12808   28863 |   2.15e-10
    5 |     24.287 |    48   -3   - |    24.999452113 |    5232   29119 |   1.18e-10
    6 |     25.066 |     1   -3   + |    28.970121569 |   61541    1049 |   1.66e-10
    7 |     30.344 |    48   -4   - |    34.064172396 |   54061   19965 |   1.22e-10
    8 |     30.895 |    44   -3   + |    29.385692940 |   21884   45951 |   1.04e-10
    9 |     32.787 |    45   -4   - |    34.066515330 |    5841   15527 |   1.25e-10
   10 |     33.596 |    50   -3   + |    29.390313030 |   51280    5737 |   1.34e-10
  -> CHAINE COMPLETE : toutes les 10 cibles restantes atteintes.

--- depart l=62 : b1[62] = (t=16,k=-2,sg=+) = 20.271879441 | chaine atteint n_l = 10 etape(s) ---
etape |   cible x0 |     t    k  sg |               b |      N1      N2 |     erreur
    0 |   (depart) |    16   -2   + |    20.271879441 |                 |           
    1 |     13.507 |     7   -1   - |     6.985470721 |   56251   58350 |   4.13e-11
    2 |     13.583 |     1   -2   + |    19.905401285 |   41065   42852 |   1.31e-11
    3 |     21.147 |    46   -3   - |    25.000988656 |   47939   15444 |   7.89e-12
    4 |      21.76 |    45   -2   + |    20.321806372 |   12808   28863 |   2.15e-10
    5 |     24.287 |    48   -3   - |    24.999452113 |    5232   29119 |   1.18e-10
    6 |     25.066 |     1   -3   + |    28.970121569 |   61541    1049 |   1.66e-10
    7 |     30.344 |    48   -4   - |    34.064172396 |   54061   19965 |   1.22e-10
    8 |     30.895 |    44   -3   + |    29.385692940 |   21884   45951 |   1.04e-10
    9 |     32.787 |    45   -4   - |    34.066515330 |    5841   15527 |   1.25e-10
   10 |     33.596 |    50   -3   + |    29.390313030 |   51280    5737 |   1.34e-10
  -> CHAINE COMPLETE : toutes les 10 cibles restantes atteintes.

--- depart l=63 : b1[63] = (t=16,k=-3,sg=-) = 25.051721977 | chaine atteint n_l = 10 etape(s) ---
etape |   cible x0 |     t    k  sg |               b |      N1      N2 |     erreur
    0 |   (depart) |    16   -3   - |    25.051721977 |                 |           
    1 |     13.507 |    46   -1   + |    11.257892479 |    8179   41983 |   4.53e-10
    2 |     13.583 |    47   -2   - |    15.935487846 |    3179    3142 |   3.28e-11
    3 |     21.147 |     2   -3   + |    29.111880423 |   60595   39648 |   2.85e-10
    4 |      21.76 |     8   -2   - |    16.038148923 |   13153   16900 |   2.92e-10
    5 |     24.287 |     1   -3   + |    28.970121569 |   31425   55352 |   3.34e-10
    6 |     25.066 |    17   -3   - |    25.048031726 |     201   43673 |   5.95e-11
    7 |     30.344 |     7   -4   + |    38.338130698 |   53689   35568 |   1.17e-10
    8 |     30.895 |    10   -3   - |    25.084444446 |   16461   21086 |   5.22e-11
    9 |     32.787 |     6   -4   + |    38.323200891 |   15852   22055 |   6.84e-11
   10 |     33.596 |     1   -3   - |    25.418200133 |   40306   23299 |   2.41e-10
  -> CHAINE COMPLETE : toutes les 10 cibles restantes atteintes.

--- depart l=64 : b1[64] = (t=16,k=-2,sg=-) = 15.987001693 | chaine atteint n_l = 10 etape(s) ---
etape |   cible x0 |     t    k  sg |               b |      N1      N2 |     erreur
    0 |   (depart) |    16   -2   - |    15.987001693 |                 |           
    1 |     13.507 |    45   -1   + |    11.257086088 |   43485   47932 |   2.11e-11
    2 |     13.583 |    44   -2   - |    15.937908478 |   60833   60084 |   5.89e-11
    3 |     21.147 |     9   -3   + |    29.295431860 |   45428   29041 |   8.94e-11
    4 |      21.76 |     1   -2   - |    16.353479850 |   34721   48393 |   1.09e-10
    5 |     24.287 |    10   -3   + |    29.303877256 |   39101   61833 |   1.57e-10
    6 |     25.066 |    15   -3   - |    25.055774887 |     142   58853 |   7.98e-11
    7 |     30.344 |     3   -4   + |    38.240062994 |   62146   41621 |   9.87e-12
    8 |     30.895 |     6   -3   - |    25.129841095 |   40406   51479 |   4.38e-10
    9 |     32.787 |     1   -4   + |    38.034841852 |   38490   56161 |   3.74e-11
   10 |     33.596 |     1   -3   - |    25.418200133 |   20518   11137 |   2.80e-10
  -> CHAINE COMPLETE : toutes les 10 cibles restantes atteintes.

--- depart l=65 : b1[65] = (t=17,k=-3,sg=+) = 29.340289976 | chaine atteint n_l = 10 etape(s) ---
etape |   cible x0 |     t    k  sg |               b |      N1      N2 |     erreur
    0 |   (depart) |    17   -3   + |    29.340289976 |                 |           
    1 |     13.507 |     8   -1   - |     6.973428639 |   20424   49495 |   2.90e-10
    2 |     13.583 |     5   -2   + |    20.174567049 |   62971   63143 |   5.60e-11
    3 |     21.147 |    47   -3   - |    25.000208129 |   48635   12274 |   1.91e-10
    4 |      21.76 |    42   -2   + |    20.319216806 |    8344   18765 |   4.49e-11
    5 |     24.287 |    43   -3   - |    25.003491381 |   10173   56336 |   2.80e-10
    6 |     25.066 |     8   -3   + |    29.285452495 |   17483     259 |   8.79e-11
    7 |     30.344 |    45   -4   - |    34.066515330 |   38602   10977 |   1.27e-11
    8 |     30.895 |    44   -3   + |    29.385692940 |    6051   12715 |   1.95e-10
    9 |     32.787 |    45   -4   - |    34.066515330 |    5841   15527 |   1.25e-10
   10 |     33.596 |    50   -3   + |    29.390313030 |   51280    5737 |   1.34e-10
  -> CHAINE COMPLETE : toutes les 10 cibles restantes atteintes.

--- depart l=66 : b1[66] = (t=17,k=-2,sg=+) = 20.275569692 | chaine atteint n_l = 10 etape(s) ---
etape |   cible x0 |     t    k  sg |               b |      N1      N2 |     erreur
    0 |   (depart) |    17   -2   + |    20.275569692 |                 |           
    1 |     13.507 |     5   -1   - |     7.019593802 |   23881   24916 |   3.01e-11
    2 |     13.583 |     1   -2   + |    19.905401285 |   37750   39189 |   1.07e-10
    3 |     21.147 |    46   -3   - |    25.000988656 |   47939   15444 |   7.89e-12
    4 |      21.76 |    45   -2   + |    20.321806372 |   12808   28863 |   2.15e-10
    5 |     24.287 |    48   -3   - |    24.999452113 |    5232   29119 |   1.18e-10
    6 |     25.066 |     1   -3   + |    28.970121569 |   61541    1049 |   1.66e-10
    7 |     30.344 |    48   -4   - |    34.064172396 |   54061   19965 |   1.22e-10
    8 |     30.895 |    44   -3   + |    29.385692940 |   21884   45951 |   1.04e-10
    9 |     32.787 |    45   -4   - |    34.066515330 |    5841   15527 |   1.25e-10
   10 |     33.596 |    50   -3   + |    29.390313030 |   51280    5737 |   1.34e-10
  -> CHAINE COMPLETE : toutes les 10 cibles restantes atteintes.

--- depart l=67 : b1[67] = (t=17,k=-3,sg=-) = 25.048031726 | chaine atteint n_l = 10 etape(s) ---
etape |   cible x0 |     t    k  sg |               b |      N1      N2 |     erreur
    0 |   (depart) |    17   -3   - |    25.048031726 |                 |           
    1 |     13.507 |    45   -1   + |    11.257086088 |    2586   13265 |   4.70e-11
    2 |     13.583 |    44   -2   - |    15.937908478 |   60833   60084 |   5.89e-11
    3 |     21.147 |     9   -3   + |    29.295431860 |   45428   29041 |   8.94e-11
    4 |      21.76 |     1   -2   - |    16.353479850 |   34721   48393 |   1.09e-10
    5 |     24.287 |    10   -3   + |    29.303877256 |   39101   61833 |   1.57e-10
    6 |     25.066 |    15   -3   - |    25.055774887 |     142   58853 |   7.98e-11
    7 |     30.344 |     3   -4   + |    38.240062994 |   62146   41621 |   9.87e-12
    8 |     30.895 |     6   -3   - |    25.129841095 |   40406   51479 |   4.38e-10
    9 |     32.787 |     1   -4   + |    38.034841852 |   38490   56161 |   3.74e-11
   10 |     33.596 |     1   -3   - |    25.418200133 |   20518   11137 |   2.80e-10
  -> CHAINE COMPLETE : toutes les 10 cibles restantes atteintes.

--- depart l=68 : b1[68] = (t=17,k=-2,sg=-) = 15.983311442 | chaine atteint n_l = 10 etape(s) ---
etape |   cible x0 |     t    k  sg |               b |      N1      N2 |     erreur
    0 |   (depart) |    17   -2   - |    15.983311442 |                 |           
    1 |     13.507 |    44   -1   + |    11.256252373 |   48784   53673 |   8.70e-12
    2 |     13.583 |    41   -2   - |    15.940590028 |   61687   60880 |   4.66e-11
    3 |     21.147 |     8   -3   + |    29.285452495 |   51503   32948 |   1.19e-11
    4 |      21.76 |    10   -2   - |    16.019724162 |   10399   13633 |   3.27e-11
    5 |     24.287 |     8   -3   + |    29.285452495 |   24174   39983 |   1.35e-10
    6 |     25.066 |    19   -3   - |    25.041544537 |     373   64356 |   1.72e-10
    7 |     30.344 |     1   -4   + |    38.034841852 |   52420   36141 |   1.78e-10
    8 |     30.895 |     7   -3   - |    25.114911288 |   20319   25099 |   2.16e-10
    9 |     32.787 |     7   -4   + |    38.338130698 |   40361   55782 |   7.17e-10
   10 |     33.596 |     1   -3   - |    25.418200133 |   55165   31989 |   5.02e-11
  -> CHAINE COMPLETE : toutes les 10 cibles restantes atteintes.

--- depart l=69 : b1[69] = (t=18,k=-3,sg=+) = 29.343668615 | chaine atteint n_l = 10 etape(s) ---
etape |   cible x0 |     t    k  sg |               b |      N1      N2 |     erreur
    0 |   (depart) |    18   -3   + |    29.343668615 |                 |           
    1 |     13.507 |     9   -1   - |     6.963449274 |   21233   51388 |   1.32e-10
    2 |     13.583 |     4   -2   + |    20.148598496 |   18619   18772 |   1.53e-10
    3 |     21.147 |    45   -3   - |    25.001795047 |   58706   15205 |   6.79e-11
    4 |      21.76 |    49   -2   + |    20.324882069 |   10977   24796 |   7.76e-12
    5 |     24.287 |    44   -3   - |    25.002628762 |   10409   57630 |   1.14e-11
    6 |     25.066 |     4   -3   + |    29.213318780 |   59293     906 |   8.84e-11
    7 |     30.344 |    47   -4   - |    34.064928413 |   61513   18692 |   1.17e-10
    8 |     30.895 |    49   -3   + |    29.389602352 |   18324   38585 |   3.20e-11
    9 |     32.787 |    44   -4   - |    34.067349046 |   23001   61033 |   1.69e-11
   10 |     33.596 |    41   -3   + |    29.383011391 |   15463    1730 |   1.43e-10
  -> CHAINE COMPLETE : toutes les 10 cibles restantes atteintes.

--- depart l=70 : b1[70] = (t=18,k=-2,sg=+) = 20.278948331 | chaine atteint n_l = 10 etape(s) ---
etape |   cible x0 |     t    k  sg |               b |      N1      N2 |     erreur
    0 |   (depart) |    18   -2   + |    20.278948331 |                 |           
    1 |     13.507 |     8   -1   - |     6.973428639 |   42867   44431 |   1.81e-11
    2 |     13.583 |     5   -2   + |    20.174567049 |   62971   63143 |   5.60e-11
    3 |     21.147 |    47   -3   - |    25.000208129 |   48635   12274 |   1.91e-10
    4 |      21.76 |    42   -2   + |    20.319216806 |    8344   18765 |   4.49e-11
    5 |     24.287 |    43   -3   - |    25.003491381 |   10173   56336 |   2.80e-10
    6 |     25.066 |     8   -3   + |    29.285452495 |   17483     259 |   8.79e-11
    7 |     30.344 |    45   -4   - |    34.066515330 |   38602   10977 |   1.27e-11
    8 |     30.895 |    44   -3   + |    29.385692940 |    6051   12715 |   1.95e-10
    9 |     32.787 |    45   -4   - |    34.066515330 |    5841   15527 |   1.25e-10
   10 |     33.596 |    50   -3   + |    29.390313030 |   51280    5737 |   1.34e-10
  -> CHAINE COMPLETE : toutes les 10 cibles restantes atteintes.

--- depart l=71 : b1[71] = (t=18,k=-3,sg=-) = 25.044653087 | chaine atteint n_l = 10 etape(s) ---
etape |   cible x0 |     t    k  sg |               b |      N1      N2 |     erreur
    0 |   (depart) |    18   -3   - |    25.044653087 |                 |           
    1 |     13.507 |    46   -1   + |    11.257892479 |   11141   57152 |   3.62e-10
    2 |     13.583 |    47   -2   - |    15.935487846 |    3179    3142 |   3.28e-11
    3 |     21.147 |     2   -3   + |    29.111880423 |   60595   39648 |   2.85e-10
    4 |      21.76 |     8   -2   - |    16.038148923 |   13153   16900 |   2.92e-10
    5 |     24.287 |     1   -3   + |    28.970121569 |   31425   55352 |   3.34e-10
    6 |     25.066 |    17   -3   - |    25.048031726 |     201   43673 |   5.95e-11
    7 |     30.344 |     7   -4   + |    38.338130698 |   53689   35568 |   1.17e-10
    8 |     30.895 |    10   -3   - |    25.084444446 |   16461   21086 |   5.22e-11
    9 |     32.787 |     6   -4   + |    38.323200891 |   15852   22055 |   6.84e-11
   10 |     33.596 |     1   -3   - |    25.418200133 |   40306   23299 |   2.41e-10
  -> CHAINE COMPLETE : toutes les 10 cibles restantes atteintes.

--- depart l=72 : b1[72] = (t=18,k=-2,sg=-) = 15.979932803 | chaine atteint n_l = 10 etape(s) ---
etape |   cible x0 |     t    k  sg |               b |      N1      N2 |     erreur
    0 |   (depart) |    18   -2   - |    15.979932803 |                 |           
    1 |     13.507 |    44   -1   + |    11.256252373 |   49617   54515 |   3.98e-11
    2 |     13.583 |    41   -2   - |    15.940590028 |   61687   60880 |   4.66e-11
    3 |     21.147 |     8   -3   + |    29.285452495 |   51503   32948 |   1.19e-11
    4 |      21.76 |    10   -2   - |    16.019724162 |   10399   13633 |   3.27e-11
    5 |     24.287 |     8   -3   + |    29.285452495 |   24174   39983 |   1.35e-10
    6 |     25.066 |    19   -3   - |    25.041544537 |     373   64356 |   1.72e-10
    7 |     30.344 |     1   -4   + |    38.034841852 |   52420   36141 |   1.78e-10
    8 |     30.895 |     7   -3   - |    25.114911288 |   20319   25099 |   2.16e-10
    9 |     32.787 |     7   -4   + |    38.338130698 |   40361   55782 |   7.17e-10
   10 |     33.596 |     1   -3   - |    25.418200133 |   55165   31989 |   5.02e-11
  -> CHAINE COMPLETE : toutes les 10 cibles restantes atteintes.

--- depart l=73 : b1[73] = (t=19,k=-3,sg=+) = 29.346777165 | chaine atteint n_l = 10 etape(s) ---
etape |   cible x0 |     t    k  sg |               b |      N1      N2 |     erreur
    0 |   (depart) |    19   -3   + |    29.346777165 |                 |           
    1 |     13.507 |     3   -1   - |     7.083538425 |   16009   39477 |   2.88e-10
    2 |     13.583 |     8   -2   + |    20.220732211 |   62647   61342 |   1.52e-11
    3 |     21.147 |    47   -3   - |    25.000208129 |   53817   12937 |   8.44e-11
    4 |      21.76 |    42   -2   + |    20.319216806 |    8344   18765 |   4.49e-11
    5 |     24.287 |    43   -3   - |    25.003491381 |   10173   56336 |   2.80e-10
    6 |     25.066 |     8   -3   + |    29.285452495 |   17483     259 |   8.79e-11
    7 |     30.344 |    45   -4   - |    34.066515330 |   38602   10977 |   1.27e-11
    8 |     30.895 |    44   -3   + |    29.385692940 |    6051   12715 |   1.95e-10
    9 |     32.787 |    45   -4   - |    34.066515330 |    5841   15527 |   1.25e-10
   10 |     33.596 |    50   -3   + |    29.390313030 |   51280    5737 |   1.34e-10
  -> CHAINE COMPLETE : toutes les 10 cibles restantes atteintes.

--- depart l=74 : b1[74] = (t=19,k=-2,sg=+) = 20.282056881 | chaine atteint n_l = 10 etape(s) ---
etape |   cible x0 |     t    k  sg |               b |      N1      N2 |     erreur
    0 |   (depart) |    19   -2   + |    20.282056881 |                 |           
    1 |     13.507 |    10   -1   - |     6.955003878 |   39595   40943 |   6.63e-11
    2 |     13.583 |    10   -2   + |    20.239156973 |   13709   13651 |   5.30e-11
    3 |     21.147 |    45   -3   - |    25.001795047 |   55297   13023 |   2.70e-11
    4 |      21.76 |    49   -2   + |    20.324882069 |   10977   24796 |   7.76e-12
    5 |     24.287 |    44   -3   - |    25.002628762 |   10409   57630 |   1.14e-11
    6 |     25.066 |     4   -3   + |    29.213318780 |   59293     906 |   8.84e-11
    7 |     30.344 |    47   -4   - |    34.064928413 |   61513   18692 |   1.17e-10
    8 |     30.895 |    49   -3   + |    29.389602352 |   18324   38585 |   3.20e-11
    9 |     32.787 |    44   -4   - |    34.067349046 |   23001   61033 |   1.69e-11
   10 |     33.596 |    41   -3   + |    29.383011391 |   15463    1730 |   1.43e-10
  -> CHAINE COMPLETE : toutes les 10 cibles restantes atteintes.

--- depart l=75 : b1[75] = (t=19,k=-3,sg=-) = 25.041544537 | chaine atteint n_l = 10 etape(s) ---
etape |   cible x0 |     t    k  sg |               b |      N1      N2 |     erreur
    0 |   (depart) |    19   -3   - |    25.041544537 |                 |           
    1 |     13.507 |    45   -1   + |    11.257086088 |    9561   49016 |   6.31e-11
    2 |     13.583 |    44   -2   - |    15.937908478 |   60833   60084 |   5.89e-11
    3 |     21.147 |     9   -3   + |    29.295431860 |   45428   29041 |   8.94e-11
    4 |      21.76 |     1   -2   - |    16.353479850 |   34721   48393 |   1.09e-10
    5 |     24.287 |    10   -3   + |    29.303877256 |   39101   61833 |   1.57e-10
    6 |     25.066 |    15   -3   - |    25.055774887 |     142   58853 |   7.98e-11
    7 |     30.344 |     3   -4   + |    38.240062994 |   62146   41621 |   9.87e-12
    8 |     30.895 |     6   -3   - |    25.129841095 |   40406   51479 |   4.38e-10
    9 |     32.787 |     1   -4   + |    38.034841852 |   38490   56161 |   3.74e-11
   10 |     33.596 |     1   -3   - |    25.418200133 |   20518   11137 |   2.80e-10
  -> CHAINE COMPLETE : toutes les 10 cibles restantes atteintes.

--- depart l=76 : b1[76] = (t=19,k=-2,sg=-) = 15.976824253 | chaine atteint n_l = 10 etape(s) ---
etape |   cible x0 |     t    k  sg |               b |      N1      N2 |     erreur
    0 |   (depart) |    19   -2   - |    15.976824253 |                 |           
    1 |     13.507 |    41   -1   + |    11.253570823 |   47069   51589 |   6.81e-11
    2 |     13.583 |    47   -2   - |    15.935487846 |   65396   64755 |   5.90e-11
    3 |     21.147 |     2   -3   + |    29.111880423 |   60595   39648 |   2.85e-10
    4 |      21.76 |     8   -2   - |    16.038148923 |   13153   16900 |   2.92e-10
    5 |     24.287 |     1   -3   + |    28.970121569 |   31425   55352 |   3.34e-10
    6 |     25.066 |    17   -3   - |    25.048031726 |     201   43673 |   5.95e-11
    7 |     30.344 |     7   -4   + |    38.338130698 |   53689   35568 |   1.17e-10
    8 |     30.895 |    10   -3   - |    25.084444446 |   16461   21086 |   5.22e-11
    9 |     32.787 |     6   -4   + |    38.323200891 |   15852   22055 |   6.84e-11
   10 |     33.596 |     1   -3   - |    25.418200133 |   40306   23299 |   2.41e-10
  -> CHAINE COMPLETE : toutes les 10 cibles restantes atteintes.

--- depart l=77 : b1[77] = (t=20,k=-3,sg=+) = 29.349649793 | chaine atteint n_l = 10 etape(s) ---
etape |   cible x0 |     t    k  sg |               b |      N1      N2 |     erreur
    0 |   (depart) |    20   -3   + |    29.349649793 |                 |           
    1 |     13.507 |     2   -1   - |     7.147000711 |   16247   40471 |   4.36e-10
    2 |     13.583 |     9   -2   + |    20.230711577 |   49015   47454 |   2.49e-10
    3 |     21.147 |    49   -3   - |    24.998719350 |   39123    9307 |   5.36e-11
    4 |      21.76 |    50   -2   + |    20.325592746 |   20971   47350 |   3.76e-11
    5 |     24.287 |    43   -3   - |    25.003491381 |    8461   46780 |   5.74e-11
    6 |     25.066 |     8   -3   + |    29.285452495 |   17483     259 |   8.79e-11
    7 |     30.344 |    45   -4   - |    34.066515330 |   38602   10977 |   1.27e-11
    8 |     30.895 |    44   -3   + |    29.385692940 |    6051   12715 |   1.95e-10
    9 |     32.787 |    45   -4   - |    34.066515330 |    5841   15527 |   1.25e-10
   10 |     33.596 |    50   -3   + |    29.390313030 |   51280    5737 |   1.34e-10
  -> CHAINE COMPLETE : toutes les 10 cibles restantes atteintes.

--- depart l=78 : b1[78] = (t=20,k=-2,sg=+) = 20.284929509 | chaine atteint n_l = 10 etape(s) ---
etape |   cible x0 |     t    k  sg |               b |      N1      N2 |     erreur
    0 |   (depart) |    20   -2   + |    20.284929509 |                 |           
    1 |     13.507 |     9   -1   - |     6.963449274 |    3434    3557 |   5.84e-10
    2 |     13.583 |     4   -2   + |    20.148598496 |   18619   18772 |   1.53e-10
    3 |     21.147 |    45   -3   - |    25.001795047 |   58706   15205 |   6.79e-11
    4 |      21.76 |    49   -2   + |    20.324882069 |   10977   24796 |   7.76e-12
    5 |     24.287 |    44   -3   - |    25.002628762 |   10409   57630 |   1.14e-11
    6 |     25.066 |     4   -3   + |    29.213318780 |   59293     906 |   8.84e-11
    7 |     30.344 |    47   -4   - |    34.064928413 |   61513   18692 |   1.17e-10
    8 |     30.895 |    49   -3   + |    29.389602352 |   18324   38585 |   3.20e-11
    9 |     32.787 |    44   -4   - |    34.067349046 |   23001   61033 |   1.69e-11
   10 |     33.596 |    41   -3   + |    29.383011391 |   15463    1730 |   1.43e-10
  -> CHAINE COMPLETE : toutes les 10 cibles restantes atteintes.

--- depart l=79 : b1[79] = (t=20,k=-3,sg=-) = 25.038671909 | chaine atteint n_l = 10 etape(s) ---
etape |   cible x0 |     t    k  sg |               b |      N1      N2 |     erreur
    0 |   (depart) |    20   -3   - |    25.038671909 |                 |           
    1 |     13.507 |    47   -1   + |    11.258673005 |   11434   58645 |   6.63e-11
    2 |     13.583 |    48   -2   - |    15.934731829 |   48571   48005 |   6.27e-11
    3 |     21.147 |     9   -3   + |    29.295431860 |   44084   28199 |   2.91e-10
    4 |      21.76 |     1   -2   - |    16.353479850 |   34721   48393 |   1.09e-10
    5 |     24.287 |    10   -3   + |    29.303877256 |   39101   61833 |   1.57e-10
    6 |     25.066 |    15   -3   - |    25.055774887 |     142   58853 |   7.98e-11
    7 |     30.344 |     3   -4   + |    38.240062994 |   62146   41621 |   9.87e-12
    8 |     30.895 |     6   -3   - |    25.129841095 |   40406   51479 |   4.38e-10
    9 |     32.787 |     1   -4   + |    38.034841852 |   38490   56161 |   3.74e-11
   10 |     33.596 |     1   -3   - |    25.418200133 |   20518   11137 |   2.80e-10
  -> CHAINE COMPLETE : toutes les 10 cibles restantes atteintes.

--- depart l=80 : b1[80] = (t=20,k=-2,sg=-) = 15.973951625 | chaine atteint n_l = 10 etape(s) ---
etape |   cible x0 |     t    k  sg |               b |      N1      N2 |     erreur
    0 |   (depart) |    20   -2   - |    15.973951625 |                 |           
    1 |     13.507 |    45   -1   + |    11.257086088 |   34313   37623 |   1.43e-11
    2 |     13.583 |    44   -2   - |    15.937908478 |   60833   60084 |   5.89e-11
    3 |     21.147 |     9   -3   + |    29.295431860 |   45428   29041 |   8.94e-11
    4 |      21.76 |     1   -2   - |    16.353479850 |   34721   48393 |   1.09e-10
    5 |     24.287 |    10   -3   + |    29.303877256 |   39101   61833 |   1.57e-10
    6 |     25.066 |    15   -3   - |    25.055774887 |     142   58853 |   7.98e-11
    7 |     30.344 |     3   -4   + |    38.240062994 |   62146   41621 |   9.87e-12
    8 |     30.895 |     6   -3   - |    25.129841095 |   40406   51479 |   4.38e-10
    9 |     32.787 |     1   -4   + |    38.034841852 |   38490   56161 |   3.74e-11
   10 |     33.596 |     1   -3   - |    25.418200133 |   20518   11137 |   2.80e-10
  -> CHAINE COMPLETE : toutes les 10 cibles restantes atteintes.

--- depart l=81 : b1[81] = (t=21,k=-3,sg=+) = 29.352314907 | chaine atteint n_l = 10 etape(s) ---
etape |   cible x0 |     t    k  sg |               b |      N1      N2 |     erreur
    0 |   (depart) |    21   -3   + |    29.352314907 |                 |           
    1 |     13.507 |    10   -1   - |     6.955003878 |   10318   24953 |   2.06e-10
    2 |     13.583 |    10   -2   + |    20.239156973 |   13709   13651 |   5.30e-11
    3 |     21.147 |    45   -3   - |    25.001795047 |   55297   13023 |   2.70e-11
    4 |      21.76 |    49   -2   + |    20.324882069 |   10977   24796 |   7.76e-12
    5 |     24.287 |    44   -3   - |    25.002628762 |   10409   57630 |   1.14e-11
    6 |     25.066 |     4   -3   + |    29.213318780 |   59293     906 |   8.84e-11
    7 |     30.344 |    47   -4   - |    34.064928413 |   61513   18692 |   1.17e-10
    8 |     30.895 |    49   -3   + |    29.389602352 |   18324   38585 |   3.20e-11
    9 |     32.787 |    44   -4   - |    34.067349046 |   23001   61033 |   1.69e-11
   10 |     33.596 |    41   -3   + |    29.383011391 |   15463    1730 |   1.43e-10
  -> CHAINE COMPLETE : toutes les 10 cibles restantes atteintes.

--- depart l=82 : b1[82] = (t=21,k=-2,sg=+) = 20.287594624 | chaine atteint n_l = 10 etape(s) ---
etape |   cible x0 |     t    k  sg |               b |      N1      N2 |     erreur
    0 |   (depart) |    21   -2   + |    20.287594624 |                 |           
    1 |     13.507 |    10   -1   - |     6.955003878 |   62081   64247 |   7.77e-11
    2 |     13.583 |    10   -2   + |    20.239156973 |   13709   13651 |   5.30e-11
    3 |     21.147 |    45   -3   - |    25.001795047 |   55297   13023 |   2.70e-11
    4 |      21.76 |    49   -2   + |    20.324882069 |   10977   24796 |   7.76e-12
    5 |     24.287 |    44   -3   - |    25.002628762 |   10409   57630 |   1.14e-11
    6 |     25.066 |     4   -3   + |    29.213318780 |   59293     906 |   8.84e-11
    7 |     30.344 |    47   -4   - |    34.064928413 |   61513   18692 |   1.17e-10
    8 |     30.895 |    49   -3   + |    29.389602352 |   18324   38585 |   3.20e-11
    9 |     32.787 |    44   -4   - |    34.067349046 |   23001   61033 |   1.69e-11
   10 |     33.596 |    41   -3   + |    29.383011391 |   15463    1730 |   1.43e-10
  -> CHAINE COMPLETE : toutes les 10 cibles restantes atteintes.

--- depart l=83 : b1[83] = (t=21,k=-3,sg=-) = 25.036006795 | chaine atteint n_l = 10 etape(s) ---
etape |   cible x0 |     t    k  sg |               b |      N1      N2 |     erreur
    0 |   (depart) |    21   -3   - |    25.036006795 |                 |           
    1 |     13.507 |    42   -1   + |    11.254496523 |    6407   32793 |   7.97e-11
    2 |     13.583 |    49   -2   - |    15.933999066 |   61556   60967 |   1.79e-11
    3 |     21.147 |     8   -3   + |    29.285452495 |   30913   19801 |   2.82e-10
    4 |      21.76 |    10   -2   - |    16.019724162 |   10399   13633 |   3.27e-11
    5 |     24.287 |     8   -3   + |    29.285452495 |   24174   39983 |   1.35e-10
    6 |     25.066 |    19   -3   - |    25.041544537 |     373   64356 |   1.72e-10
    7 |     30.344 |     1   -4   + |    38.034841852 |   52420   36141 |   1.78e-10
    8 |     30.895 |     7   -3   - |    25.114911288 |   20319   25099 |   2.16e-10
    9 |     32.787 |     7   -4   + |    38.338130698 |   40361   55782 |   7.17e-10
   10 |     33.596 |     1   -3   - |    25.418200133 |   55165   31989 |   5.02e-11
  -> CHAINE COMPLETE : toutes les 10 cibles restantes atteintes.

--- depart l=84 : b1[84] = (t=21,k=-2,sg=-) = 15.971286511 | chaine atteint n_l = 10 etape(s) ---
etape |   cible x0 |     t    k  sg |               b |      N1      N2 |     erreur
    0 |   (depart) |    21   -2   - |    15.971286511 |                 |           
    1 |     13.507 |    42   -1   + |    11.254496523 |   27196   29753 |   2.17e-10
    2 |     13.583 |    49   -2   - |    15.933999066 |   61556   60967 |   1.79e-11
    3 |     21.147 |     8   -3   + |    29.285452495 |   30913   19801 |   2.82e-10
    4 |      21.76 |    10   -2   - |    16.019724162 |   10399   13633 |   3.27e-11
    5 |     24.287 |     8   -3   + |    29.285452495 |   24174   39983 |   1.35e-10
    6 |     25.066 |    19   -3   - |    25.041544537 |     373   64356 |   1.72e-10
    7 |     30.344 |     1   -4   + |    38.034841852 |   52420   36141 |   1.78e-10
    8 |     30.895 |     7   -3   - |    25.114911288 |   20319   25099 |   2.16e-10
    9 |     32.787 |     7   -4   + |    38.338130698 |   40361   55782 |   7.17e-10
   10 |     33.596 |     1   -3   - |    25.418200133 |   55165   31989 |   5.02e-11
  -> CHAINE COMPLETE : toutes les 10 cibles restantes atteintes.

--- depart l=85 : b1[85] = (t=22,k=-3,sg=+) = 29.354796346 | chaine atteint n_l = 10 etape(s) ---
etape |   cible x0 |     t    k  sg |               b |      N1      N2 |     erreur
    0 |   (depart) |    22   -3   + |    29.354796346 |                 |           
    1 |     13.507 |     8   -1   - |     6.973428639 |   24044   58321 |   1.98e-10
    2 |     13.583 |     5   -2   + |    20.174567049 |   62971   63143 |   5.60e-11
    3 |     21.147 |    47   -3   - |    25.000208129 |   48635   12274 |   1.91e-10
    4 |      21.76 |    42   -2   + |    20.319216806 |    8344   18765 |   4.49e-11
    5 |     24.287 |    43   -3   - |    25.003491381 |   10173   56336 |   2.80e-10
    6 |     25.066 |     8   -3   + |    29.285452495 |   17483     259 |   8.79e-11
    7 |     30.344 |    45   -4   - |    34.066515330 |   38602   10977 |   1.27e-11
    8 |     30.895 |    44   -3   + |    29.385692940 |    6051   12715 |   1.95e-10
    9 |     32.787 |    45   -4   - |    34.066515330 |    5841   15527 |   1.25e-10
   10 |     33.596 |    50   -3   + |    29.390313030 |   51280    5737 |   1.34e-10
  -> CHAINE COMPLETE : toutes les 10 cibles restantes atteintes.

--- depart l=86 : b1[86] = (t=22,k=-2,sg=+) = 20.290076062 | chaine atteint n_l = 10 etape(s) ---
etape |   cible x0 |     t    k  sg |               b |      N1      N2 |     erreur
    0 |   (depart) |    22   -2   + |    20.290076062 |                 |           
    1 |     13.507 |     5   -1   - |     7.019593802 |   43422   45401 |   1.97e-10
    2 |     13.583 |     1   -2   + |    19.905401285 |   37750   39189 |   1.07e-10
    3 |     21.147 |    46   -3   - |    25.000988656 |   47939   15444 |   7.89e-12
    4 |      21.76 |    45   -2   + |    20.321806372 |   12808   28863 |   2.15e-10
    5 |     24.287 |    48   -3   - |    24.999452113 |    5232   29119 |   1.18e-10
    6 |     25.066 |     1   -3   + |    28.970121569 |   61541    1049 |   1.66e-10
    7 |     30.344 |    48   -4   - |    34.064172396 |   54061   19965 |   1.22e-10
    8 |     30.895 |    44   -3   + |    29.385692940 |   21884   45951 |   1.04e-10
    9 |     32.787 |    45   -4   - |    34.066515330 |    5841   15527 |   1.25e-10
   10 |     33.596 |    50   -3   + |    29.390313030 |   51280    5737 |   1.34e-10
  -> CHAINE COMPLETE : toutes les 10 cibles restantes atteintes.

--- depart l=87 : b1[87] = (t=22,k=-3,sg=-) = 25.033525356 | chaine atteint n_l = 10 etape(s) ---
etape |   cible x0 |     t    k  sg |               b |      N1      N2 |     erreur
    0 |   (depart) |    22   -3   - |    25.033525356 |                 |           
    1 |     13.507 |    41   -1   + |    11.253570823 |    6038   30885 |   5.03e-10
    2 |     13.583 |    47   -2   - |    15.935487846 |   65396   64755 |   5.90e-11
    3 |     21.147 |     2   -3   + |    29.111880423 |   60595   39648 |   2.85e-10
    4 |      21.76 |     8   -2   - |    16.038148923 |   13153   16900 |   2.92e-10
    5 |     24.287 |     1   -3   + |    28.970121569 |   31425   55352 |   3.34e-10
    6 |     25.066 |    17   -3   - |    25.048031726 |     201   43673 |   5.95e-11
    7 |     30.344 |     7   -4   + |    38.338130698 |   53689   35568 |   1.17e-10
    8 |     30.895 |    10   -3   - |    25.084444446 |   16461   21086 |   5.22e-11
    9 |     32.787 |     6   -4   + |    38.323200891 |   15852   22055 |   6.84e-11
   10 |     33.596 |     1   -3   - |    25.418200133 |   40306   23299 |   2.41e-10
  -> CHAINE COMPLETE : toutes les 10 cibles restantes atteintes.

--- depart l=88 : b1[88] = (t=22,k=-2,sg=-) = 15.968805073 | chaine atteint n_l = 10 etape(s) ---
etape |   cible x0 |     t    k  sg |               b |      N1      N2 |     erreur
    0 |   (depart) |    22   -2   - |    15.968805073 |                 |           
    1 |     13.507 |    43   -1   + |    11.255389754 |   27637   30217 |   1.20e-10
    2 |     13.583 |    46   -2   - |    15.936268372 |   45583   45086 |   3.71e-12
    3 |     21.147 |     1   -3   + |    28.970121569 |   13365    8902 |   1.91e-11
    4 |      21.76 |     6   -2   - |    16.065120811 |   26974   34151 |   1.32e-10
    5 |     24.287 |     2   -3   + |    29.111880423 |   29739   50677 |   1.61e-10
    6 |     25.066 |    18   -3   - |    25.044653087 |     100   18953 |   9.94e-11
    7 |     30.344 |     3   -4   + |    38.240062994 |   63443   42579 |   2.51e-11
    8 |     30.895 |     6   -3   - |    25.129841095 |   40406   51479 |   4.38e-10
    9 |     32.787 |     1   -4   + |    38.034841852 |   38490   56161 |   3.74e-11
   10 |     33.596 |     1   -3   - |    25.418200133 |   20518   11137 |   2.80e-10
  -> CHAINE COMPLETE : toutes les 10 cibles restantes atteintes.

--- depart l=89 : b1[89] = (t=23,k=-3,sg=+) = 29.357114281 | chaine atteint n_l = 10 etape(s) ---
etape |   cible x0 |     t    k  sg |               b |      N1      N2 |     erreur
    0 |   (depart) |    23   -3   + |    29.357114281 |                 |           
    1 |     13.507 |    10   -1   - |     6.955003878 |   12631   30556 |   2.43e-10
    2 |     13.583 |    10   -2   + |    20.239156973 |   13709   13651 |   5.30e-11
    3 |     21.147 |    45   -3   - |    25.001795047 |   55297   13023 |   2.70e-11
    4 |      21.76 |    49   -2   + |    20.324882069 |   10977   24796 |   7.76e-12
    5 |     24.287 |    44   -3   - |    25.002628762 |   10409   57630 |   1.14e-11
    6 |     25.066 |     4   -3   + |    29.213318780 |   59293     906 |   8.84e-11
    7 |     30.344 |    47   -4   - |    34.064928413 |   61513   18692 |   1.17e-10
    8 |     30.895 |    49   -3   + |    29.389602352 |   18324   38585 |   3.20e-11
    9 |     32.787 |    44   -4   - |    34.067349046 |   23001   61033 |   1.69e-11
   10 |     33.596 |    41   -3   + |    29.383011391 |   15463    1730 |   1.43e-10
  -> CHAINE COMPLETE : toutes les 10 cibles restantes atteintes.

--- depart l=90 : b1[90] = (t=23,k=-2,sg=+) = 20.292393997 | chaine atteint n_l = 10 etape(s) ---
etape |   cible x0 |     t    k  sg |               b |      N1      N2 |     erreur
    0 |   (depart) |    23   -2   + |    20.292393997 |                 |           
    1 |     13.507 |     3   -1   - |     7.083538425 |   26799   28309 |   2.59e-10
    2 |     13.583 |     8   -2   + |    20.220732211 |   62647   61342 |   1.52e-11
    3 |     21.147 |    47   -3   - |    25.000208129 |   53817   12937 |   8.44e-11
    4 |      21.76 |    42   -2   + |    20.319216806 |    8344   18765 |   4.49e-11
    5 |     24.287 |    43   -3   - |    25.003491381 |   10173   56336 |   2.80e-10
    6 |     25.066 |     8   -3   + |    29.285452495 |   17483     259 |   8.79e-11
    7 |     30.344 |    45   -4   - |    34.066515330 |   38602   10977 |   1.27e-11
    8 |     30.895 |    44   -3   + |    29.385692940 |    6051   12715 |   1.95e-10
    9 |     32.787 |    45   -4   - |    34.066515330 |    5841   15527 |   1.25e-10
   10 |     33.596 |    50   -3   + |    29.390313030 |   51280    5737 |   1.34e-10
  -> CHAINE COMPLETE : toutes les 10 cibles restantes atteintes.

--- depart l=91 : b1[91] = (t=23,k=-3,sg=-) = 25.031207421 | chaine atteint n_l = 10 etape(s) ---
etape |   cible x0 |     t    k  sg |               b |      N1      N2 |     erreur
    0 |   (depart) |    23   -3   - |    25.031207421 |                 |           
    1 |     13.507 |    50   -1   + |    11.260872462 |    7039   36115 |   3.05e-10
    2 |     13.583 |    43   -2   - |    15.938771097 |   16315   16082 |   4.56e-11
    3 |     21.147 |     8   -3   + |    29.285452495 |   14537    9303 |   1.15e-10
    4 |      21.76 |    10   -2   - |    16.019724162 |   10399   13633 |   3.27e-11
    5 |     24.287 |     8   -3   + |    29.285452495 |   24174   39983 |   1.35e-10
    6 |     25.066 |    19   -3   - |    25.041544537 |     373   64356 |   1.72e-10
    7 |     30.344 |     1   -4   + |    38.034841852 |   52420   36141 |   1.78e-10
    8 |     30.895 |     7   -3   - |    25.114911288 |   20319   25099 |   2.16e-10
    9 |     32.787 |     7   -4   + |    38.338130698 |   40361   55782 |   7.17e-10
   10 |     33.596 |     1   -3   - |    25.418200133 |   55165   31989 |   5.02e-11
  -> CHAINE COMPLETE : toutes les 10 cibles restantes atteintes.

--- depart l=92 : b1[92] = (t=23,k=-2,sg=-) = 15.966487138 | chaine atteint n_l = 10 etape(s) ---
etape |   cible x0 |     t    k  sg |               b |      N1      N2 |     erreur
    0 |   (depart) |    23   -2   - |    15.966487138 |                 |           
    1 |     13.507 |    47   -1   + |    11.258673005 |   35733   39089 |   7.78e-11
    2 |     13.583 |    48   -2   - |    15.934731829 |   48571   48005 |   6.27e-11
    3 |     21.147 |     9   -3   + |    29.295431860 |   44084   28199 |   2.91e-10
    4 |      21.76 |     1   -2   - |    16.353479850 |   34721   48393 |   1.09e-10
    5 |     24.287 |    10   -3   + |    29.303877256 |   39101   61833 |   1.57e-10
    6 |     25.066 |    15   -3   - |    25.055774887 |     142   58853 |   7.98e-11
    7 |     30.344 |     3   -4   + |    38.240062994 |   62146   41621 |   9.87e-12
    8 |     30.895 |     6   -3   - |    25.129841095 |   40406   51479 |   4.38e-10
    9 |     32.787 |     1   -4   + |    38.034841852 |   38490   56161 |   3.74e-11
   10 |     33.596 |     1   -3   - |    25.418200133 |   20518   11137 |   2.80e-10
  -> CHAINE COMPLETE : toutes les 10 cibles restantes atteintes.

--- depart l=93 : b1[93] = (t=24,k=-3,sg=+) = 29.359285914 | chaine atteint n_l = 10 etape(s) ---
etape |   cible x0 |     t    k  sg |               b |      N1      N2 |     erreur
    0 |   (depart) |    24   -3   + |    29.359285914 |                 |           
    1 |     13.507 |     7   -1   - |     6.985470721 |   17151   41690 |   8.01e-10
    2 |     13.583 |     1   -2   + |    19.905401285 |   41065   42852 |   1.31e-11
    3 |     21.147 |    46   -3   - |    25.000988656 |   47939   15444 |   7.89e-12
    4 |      21.76 |    45   -2   + |    20.321806372 |   12808   28863 |   2.15e-10
    5 |     24.287 |    48   -3   - |    24.999452113 |    5232   29119 |   1.18e-10
    6 |     25.066 |     1   -3   + |    28.970121569 |   61541    1049 |   1.66e-10
    7 |     30.344 |    48   -4   - |    34.064172396 |   54061   19965 |   1.22e-10
    8 |     30.895 |    44   -3   + |    29.385692940 |   21884   45951 |   1.04e-10
    9 |     32.787 |    45   -4   - |    34.066515330 |    5841   15527 |   1.25e-10
   10 |     33.596 |    50   -3   + |    29.390313030 |   51280    5737 |   1.34e-10
  -> CHAINE COMPLETE : toutes les 10 cibles restantes atteintes.

--- depart l=94 : b1[94] = (t=24,k=-2,sg=+) = 20.294565630 | chaine atteint n_l = 10 etape(s) ---
etape |   cible x0 |     t    k  sg |               b |      N1      N2 |     erreur
    0 |   (depart) |    24   -2   + |    20.294565630 |                 |           
    1 |     13.507 |     2   -1   - |     7.147000711 |   47674   50879 |   3.64e-10
    2 |     13.583 |     9   -2   + |    20.230711577 |   49015   47454 |   2.49e-10
    3 |     21.147 |    49   -3   - |    24.998719350 |   39123    9307 |   5.36e-11
    4 |      21.76 |    50   -2   + |    20.325592746 |   20971   47350 |   3.76e-11
    5 |     24.287 |    43   -3   - |    25.003491381 |    8461   46780 |   5.74e-11
    6 |     25.066 |     8   -3   + |    29.285452495 |   17483     259 |   8.79e-11
    7 |     30.344 |    45   -4   - |    34.066515330 |   38602   10977 |   1.27e-11
    8 |     30.895 |    44   -3   + |    29.385692940 |    6051   12715 |   1.95e-10
    9 |     32.787 |    45   -4   - |    34.066515330 |    5841   15527 |   1.25e-10
   10 |     33.596 |    50   -3   + |    29.390313030 |   51280    5737 |   1.34e-10
  -> CHAINE COMPLETE : toutes les 10 cibles restantes atteintes.

--- depart l=95 : b1[95] = (t=24,k=-3,sg=-) = 25.029035788 | chaine atteint n_l = 10 etape(s) ---
etape |   cible x0 |     t    k  sg |               b |      N1      N2 |     erreur
    0 |   (depart) |    24   -3   - |    25.029035788 |                 |           
    1 |     13.507 |    45   -1   + |    11.257086088 |   10066   51549 |   1.72e-10
    2 |     13.583 |    44   -2   - |    15.937908478 |   60833   60084 |   5.89e-11
    3 |     21.147 |     9   -3   + |    29.295431860 |   45428   29041 |   8.94e-11
    4 |      21.76 |     1   -2   - |    16.353479850 |   34721   48393 |   1.09e-10
    5 |     24.287 |    10   -3   + |    29.303877256 |   39101   61833 |   1.57e-10
    6 |     25.066 |    15   -3   - |    25.055774887 |     142   58853 |   7.98e-11
    7 |     30.344 |     3   -4   + |    38.240062994 |   62146   41621 |   9.87e-12
    8 |     30.895 |     6   -3   - |    25.129841095 |   40406   51479 |   4.38e-10
    9 |     32.787 |     1   -4   + |    38.034841852 |   38490   56161 |   3.74e-11
   10 |     33.596 |     1   -3   - |    25.418200133 |   20518   11137 |   2.80e-10
  -> CHAINE COMPLETE : toutes les 10 cibles restantes atteintes.

--- depart l=96 : b1[96] = (t=24,k=-2,sg=-) = 15.964315505 | chaine atteint n_l = 10 etape(s) ---
etape |   cible x0 |     t    k  sg |               b |      N1      N2 |     erreur
    0 |   (depart) |    24   -2   - |    15.964315505 |                 |           
    1 |     13.507 |    41   -1   + |    11.253570823 |   55494   60515 |   1.03e-10
    2 |     13.583 |    47   -2   - |    15.935487846 |   65396   64755 |   5.90e-11
    3 |     21.147 |     2   -3   + |    29.111880423 |   60595   39648 |   2.85e-10
    4 |      21.76 |     8   -2   - |    16.038148923 |   13153   16900 |   2.92e-10
    5 |     24.287 |     1   -3   + |    28.970121569 |   31425   55352 |   3.34e-10
    6 |     25.066 |    17   -3   - |    25.048031726 |     201   43673 |   5.95e-11
    7 |     30.344 |     7   -4   + |    38.338130698 |   53689   35568 |   1.17e-10
    8 |     30.895 |    10   -3   - |    25.084444446 |   16461   21086 |   5.22e-11
    9 |     32.787 |     6   -4   + |    38.323200891 |   15852   22055 |   6.84e-11
   10 |     33.596 |     1   -3   - |    25.418200133 |   40306   23299 |   2.41e-10
  -> CHAINE COMPLETE : toutes les 10 cibles restantes atteintes.

--- depart l=97 : b1[97] = (t=25,k=-3,sg=+) = 29.361326015 | chaine atteint n_l = 10 etape(s) ---
etape |   cible x0 |     t    k  sg |               b |      N1      N2 |     erreur
    0 |   (depart) |    25   -3   + |    29.361326015 |                 |           
    1 |     13.507 |     2   -1   - |     7.147000711 |   22002   54847 |   2.14e-10
    2 |     13.583 |     9   -2   + |    20.230711577 |   49015   47454 |   2.49e-10
    3 |     21.147 |    49   -3   - |    24.998719350 |   39123    9307 |   5.36e-11
    4 |      21.76 |    50   -2   + |    20.325592746 |   20971   47350 |   3.76e-11
    5 |     24.287 |    43   -3   - |    25.003491381 |    8461   46780 |   5.74e-11
    6 |     25.066 |     8   -3   + |    29.285452495 |   17483     259 |   8.79e-11
    7 |     30.344 |    45   -4   - |    34.066515330 |   38602   10977 |   1.27e-11
    8 |     30.895 |    44   -3   + |    29.385692940 |    6051   12715 |   1.95e-10
    9 |     32.787 |    45   -4   - |    34.066515330 |    5841   15527 |   1.25e-10
   10 |     33.596 |    50   -3   + |    29.390313030 |   51280    5737 |   1.34e-10
  -> CHAINE COMPLETE : toutes les 10 cibles restantes atteintes.

--- depart l=98 : b1[98] = (t=25,k=-2,sg=+) = 20.296605731 | chaine atteint n_l = 10 etape(s) ---
etape |   cible x0 |     t    k  sg |               b |      N1      N2 |     erreur
    0 |   (depart) |    25   -2   + |    20.296605731 |                 |           
    1 |     13.507 |     5   -1   - |     7.019593802 |   47915   50147 |   4.01e-12
    2 |     13.583 |     1   -2   + |    19.905401285 |   37750   39189 |   1.07e-10
    3 |     21.147 |    46   -3   - |    25.000988656 |   47939   15444 |   7.89e-12
    4 |      21.76 |    45   -2   + |    20.321806372 |   12808   28863 |   2.15e-10
    5 |     24.287 |    48   -3   - |    24.999452113 |    5232   29119 |   1.18e-10
    6 |     25.066 |     1   -3   + |    28.970121569 |   61541    1049 |   1.66e-10
    7 |     30.344 |    48   -4   - |    34.064172396 |   54061   19965 |   1.22e-10
    8 |     30.895 |    44   -3   + |    29.385692940 |   21884   45951 |   1.04e-10
    9 |     32.787 |    45   -4   - |    34.066515330 |    5841   15527 |   1.25e-10
   10 |     33.596 |    50   -3   + |    29.390313030 |   51280    5737 |   1.34e-10
  -> CHAINE COMPLETE : toutes les 10 cibles restantes atteintes.

--- depart l=99 : b1[99] = (t=25,k=-3,sg=-) = 25.026995687 | chaine atteint n_l = 10 etape(s) ---
etape |   cible x0 |     t    k  sg |               b |      N1      N2 |     erreur
    0 |   (depart) |    25   -3   - |    25.026995687 |                 |           
    1 |     13.507 |    47   -1   + |    11.258673005 |    5977   30625 |   3.48e-10
    2 |     13.583 |    48   -2   - |    15.934731829 |   48571   48005 |   6.27e-11
    3 |     21.147 |     9   -3   + |    29.295431860 |   44084   28199 |   2.91e-10
    4 |      21.76 |     1   -2   - |    16.353479850 |   34721   48393 |   1.09e-10
    5 |     24.287 |    10   -3   + |    29.303877256 |   39101   61833 |   1.57e-10
    6 |     25.066 |    15   -3   - |    25.055774887 |     142   58853 |   7.98e-11
    7 |     30.344 |     3   -4   + |    38.240062994 |   62146   41621 |   9.87e-12
    8 |     30.895 |     6   -3   - |    25.129841095 |   40406   51479 |   4.38e-10
    9 |     32.787 |     1   -4   + |    38.034841852 |   38490   56161 |   3.74e-11
   10 |     33.596 |     1   -3   - |    25.418200133 |   20518   11137 |   2.80e-10
  -> CHAINE COMPLETE : toutes les 10 cibles restantes atteintes.

--- depart l=100 : b1[100] = (t=25,k=-2,sg=-) = 15.962275404 | chaine atteint n_l = 10 etape(s) ---
etape |   cible x0 |     t    k  sg |               b |      N1      N2 |     erreur
    0 |   (depart) |    25   -2   - |    15.962275404 |                 |           
    1 |     13.507 |    48   -1   + |    11.259429022 |   42137   46031 |   1.92e-11
    2 |     13.583 |    43   -2   - |    15.938771097 |   63430   62563 |   3.29e-11
    3 |     21.147 |     8   -3   + |    29.285452495 |   14537    9303 |   1.15e-10
    4 |      21.76 |    10   -2   - |    16.019724162 |   10399   13633 |   3.27e-11
    5 |     24.287 |     8   -3   + |    29.285452495 |   24174   39983 |   1.35e-10
    6 |     25.066 |    19   -3   - |    25.041544537 |     373   64356 |   1.72e-10
    7 |     30.344 |     1   -4   + |    38.034841852 |   52420   36141 |   1.78e-10
    8 |     30.895 |     7   -3   - |    25.114911288 |   20319   25099 |   2.16e-10
    9 |     32.787 |     7   -4   + |    38.338130698 |   40361   55782 |   7.17e-10
   10 |     33.596 |     1   -3   - |    25.418200133 |   55165   31989 |   5.02e-11
  -> CHAINE COMPLETE : toutes les 10 cibles restantes atteintes.

--- depart l=101 : b1[101] = (t=26,k=-3,sg=+) = 29.363247346 | chaine atteint n_l = 10 etape(s) ---
etape |   cible x0 |     t    k  sg |               b |      N1      N2 |     erreur
    0 |   (depart) |    26   -3   + |    29.363247346 |                 |           
    1 |     13.507 |     1   -1   - |     7.288759566 |   21058   53697 |   5.43e-10
    2 |     13.583 |     4   -2   + |    20.148598496 |   47689   45718 |   1.14e-10
    3 |     21.147 |    45   -3   - |    25.001795047 |   58706   15205 |   6.79e-11
    4 |      21.76 |    49   -2   + |    20.324882069 |   10977   24796 |   7.76e-12
    5 |     24.287 |    44   -3   - |    25.002628762 |   10409   57630 |   1.14e-11
    6 |     25.066 |     4   -3   + |    29.213318780 |   59293     906 |   8.84e-11
    7 |     30.344 |    47   -4   - |    34.064928413 |   61513   18692 |   1.17e-10
    8 |     30.895 |    49   -3   + |    29.389602352 |   18324   38585 |   3.20e-11
    9 |     32.787 |    44   -4   - |    34.067349046 |   23001   61033 |   1.69e-11
   10 |     33.596 |    41   -3   + |    29.383011391 |   15463    1730 |   1.43e-10
  -> CHAINE COMPLETE : toutes les 10 cibles restantes atteintes.

--- depart l=102 : b1[102] = (t=26,k=-2,sg=+) = 20.298527063 | chaine atteint n_l = 10 etape(s) ---
etape |   cible x0 |     t    k  sg |               b |      N1      N2 |     erreur
    0 |   (depart) |    26   -2   + |    20.298527063 |                 |           
    1 |     13.507 |     9   -1   - |     6.963449274 |   33750   35029 |   4.26e-11
    2 |     13.583 |     4   -2   + |    20.148598496 |   18619   18772 |   1.53e-10
    3 |     21.147 |    45   -3   - |    25.001795047 |   58706   15205 |   6.79e-11
    4 |      21.76 |    49   -2   + |    20.324882069 |   10977   24796 |   7.76e-12
    5 |     24.287 |    44   -3   - |    25.002628762 |   10409   57630 |   1.14e-11
    6 |     25.066 |     4   -3   + |    29.213318780 |   59293     906 |   8.84e-11
    7 |     30.344 |    47   -4   - |    34.064928413 |   61513   18692 |   1.17e-10
    8 |     30.895 |    49   -3   + |    29.389602352 |   18324   38585 |   3.20e-11
    9 |     32.787 |    44   -4   - |    34.067349046 |   23001   61033 |   1.69e-11
   10 |     33.596 |    41   -3   + |    29.383011391 |   15463    1730 |   1.43e-10
  -> CHAINE COMPLETE : toutes les 10 cibles restantes atteintes.

--- depart l=103 : b1[103] = (t=26,k=-3,sg=-) = 25.025074356 | chaine atteint n_l = 10 etape(s) ---
etape |   cible x0 |     t    k  sg |               b |      N1      N2 |     erreur
    0 |   (depart) |    26   -3   - |    25.025074356 |                 |           
    1 |     13.507 |    41   -1   + |    11.253570823 |    6403   32728 |   1.48e-10
    2 |     13.583 |    47   -2   - |    15.935487846 |   65396   64755 |   5.90e-11
    3 |     21.147 |     2   -3   + |    29.111880423 |   60595   39648 |   2.85e-10
    4 |      21.76 |     8   -2   - |    16.038148923 |   13153   16900 |   2.92e-10
    5 |     24.287 |     1   -3   + |    28.970121569 |   31425   55352 |   3.34e-10
    6 |     25.066 |    17   -3   - |    25.048031726 |     201   43673 |   5.95e-11
    7 |     30.344 |     7   -4   + |    38.338130698 |   53689   35568 |   1.17e-10
    8 |     30.895 |    10   -3   - |    25.084444446 |   16461   21086 |   5.22e-11
    9 |     32.787 |     6   -4   + |    38.323200891 |   15852   22055 |   6.84e-11
   10 |     33.596 |     1   -3   - |    25.418200133 |   40306   23299 |   2.41e-10
  -> CHAINE COMPLETE : toutes les 10 cibles restantes atteintes.

--- depart l=104 : b1[104] = (t=26,k=-2,sg=-) = 15.960354072 | chaine atteint n_l = 10 etape(s) ---
etape |   cible x0 |     t    k  sg |               b |      N1      N2 |     erreur
    0 |   (depart) |    26   -2   - |    15.960354072 |                 |           
    1 |     13.507 |    45   -1   + |    11.257086088 |   41561   45319 |   2.94e-11
    2 |     13.583 |    44   -2   - |    15.937908478 |   60833   60084 |   5.89e-11
    3 |     21.147 |     9   -3   + |    29.295431860 |   45428   29041 |   8.94e-11
    4 |      21.76 |     1   -2   - |    16.353479850 |   34721   48393 |   1.09e-10
    5 |     24.287 |    10   -3   + |    29.303877256 |   39101   61833 |   1.57e-10
    6 |     25.066 |    15   -3   - |    25.055774887 |     142   58853 |   7.98e-11
    7 |     30.344 |     3   -4   + |    38.240062994 |   62146   41621 |   9.87e-12
    8 |     30.895 |     6   -3   - |    25.129841095 |   40406   51479 |   4.38e-10
    9 |     32.787 |     1   -4   + |    38.034841852 |   38490   56161 |   3.74e-11
   10 |     33.596 |     1   -3   - |    25.418200133 |   20518   11137 |   2.80e-10
  -> CHAINE COMPLETE : toutes les 10 cibles restantes atteintes.

--- depart l=105 : b1[105] = (t=27,k=-3,sg=+) = 29.365061003 | chaine atteint n_l = 10 etape(s) ---
etape |   cible x0 |     t    k  sg |               b |      N1      N2 |     erreur
    0 |   (depart) |    27   -3   + |    29.365061003 |                 |           
    1 |     13.507 |     4   -1   - |     7.045562355 |   16037   39359 |   7.08e-10
    2 |     13.583 |     8   -2   + |    20.220732211 |   21774   21445 |   2.02e-10
    3 |     21.147 |    47   -3   - |    25.000208129 |   53817   12937 |   8.44e-11
    4 |      21.76 |    42   -2   + |    20.319216806 |    8344   18765 |   4.49e-11
    5 |     24.287 |    43   -3   - |    25.003491381 |   10173   56336 |   2.80e-10
    6 |     25.066 |     8   -3   + |    29.285452495 |   17483     259 |   8.79e-11
    7 |     30.344 |    45   -4   - |    34.066515330 |   38602   10977 |   1.27e-11
    8 |     30.895 |    44   -3   + |    29.385692940 |    6051   12715 |   1.95e-10
    9 |     32.787 |    45   -4   - |    34.066515330 |    5841   15527 |   1.25e-10
   10 |     33.596 |    50   -3   + |    29.390313030 |   51280    5737 |   1.34e-10
  -> CHAINE COMPLETE : toutes les 10 cibles restantes atteintes.

--- depart l=106 : b1[106] = (t=27,k=-2,sg=+) = 20.300340720 | chaine atteint n_l = 10 etape(s) ---
etape |   cible x0 |     t    k  sg |               b |      N1      N2 |     erreur
    0 |   (depart) |    27   -2   + |    20.300340720 |                 |           
    1 |     13.507 |     7   -1   - |     6.985470721 |   36877   38414 |   1.98e-10
    2 |     13.583 |     1   -2   + |    19.905401285 |   41065   42852 |   1.31e-11
    3 |     21.147 |    46   -3   - |    25.000988656 |   47939   15444 |   7.89e-12
    4 |      21.76 |    45   -2   + |    20.321806372 |   12808   28863 |   2.15e-10
    5 |     24.287 |    48   -3   - |    24.999452113 |    5232   29119 |   1.18e-10
    6 |     25.066 |     1   -3   + |    28.970121569 |   61541    1049 |   1.66e-10
    7 |     30.344 |    48   -4   - |    34.064172396 |   54061   19965 |   1.22e-10
    8 |     30.895 |    44   -3   + |    29.385692940 |   21884   45951 |   1.04e-10
    9 |     32.787 |    45   -4   - |    34.066515330 |    5841   15527 |   1.25e-10
   10 |     33.596 |    50   -3   + |    29.390313030 |   51280    5737 |   1.34e-10
  -> CHAINE COMPLETE : toutes les 10 cibles restantes atteintes.

--- depart l=107 : b1[107] = (t=27,k=-3,sg=-) = 25.023260698 | chaine atteint n_l = 10 etape(s) ---
etape |   cible x0 |     t    k  sg |               b |      N1      N2 |     erreur
    0 |   (depart) |    27   -3   - |    25.023260698 |                 |           
    1 |     13.507 |    44   -1   + |    11.256252373 |   12183   62336 |   7.86e-11
    2 |     13.583 |    41   -2   - |    15.940590028 |   61687   60880 |   4.66e-11
    3 |     21.147 |     8   -3   + |    29.285452495 |   51503   32948 |   1.19e-11
    4 |      21.76 |    10   -2   - |    16.019724162 |   10399   13633 |   3.27e-11
    5 |     24.287 |     8   -3   + |    29.285452495 |   24174   39983 |   1.35e-10
    6 |     25.066 |    19   -3   - |    25.041544537 |     373   64356 |   1.72e-10
    7 |     30.344 |     1   -4   + |    38.034841852 |   52420   36141 |   1.78e-10
    8 |     30.895 |     7   -3   - |    25.114911288 |   20319   25099 |   2.16e-10
    9 |     32.787 |     7   -4   + |    38.338130698 |   40361   55782 |   7.17e-10
   10 |     33.596 |     1   -3   - |    25.418200133 |   55165   31989 |   5.02e-11
  -> CHAINE COMPLETE : toutes les 10 cibles restantes atteintes.

--- depart l=108 : b1[108] = (t=27,k=-2,sg=-) = 15.958540415 | chaine atteint n_l = 10 etape(s) ---
etape |   cible x0 |     t    k  sg |               b |      N1      N2 |     erreur
    0 |   (depart) |    27   -2   - |    15.958540415 |                 |           
    1 |     13.507 |    49   -1   + |    11.260161785 |   22073   24084 |   7.88e-11
    2 |     13.583 |    41   -2   - |    15.940590028 |   59225   58352 |   3.16e-12
    3 |     21.147 |     8   -3   + |    29.285452495 |   51503   32948 |   1.19e-11
    4 |      21.76 |    10   -2   - |    16.019724162 |   10399   13633 |   3.27e-11
    5 |     24.287 |     8   -3   + |    29.285452495 |   24174   39983 |   1.35e-10
    6 |     25.066 |    19   -3   - |    25.041544537 |     373   64356 |   1.72e-10
    7 |     30.344 |     1   -4   + |    38.034841852 |   52420   36141 |   1.78e-10
    8 |     30.895 |     7   -3   - |    25.114911288 |   20319   25099 |   2.16e-10
    9 |     32.787 |     7   -4   + |    38.338130698 |   40361   55782 |   7.17e-10
   10 |     33.596 |     1   -3   - |    25.418200133 |   55165   31989 |   5.02e-11
  -> CHAINE COMPLETE : toutes les 10 cibles restantes atteintes.

--- depart l=109 : b1[109] = (t=28,k=-3,sg=+) = 29.366776681 | chaine atteint n_l = 10 etape(s) ---
etape |   cible x0 |     t    k  sg |               b |      N1      N2 |     erreur
    0 |   (depart) |    28   -3   + |    29.366776681 |                 |           
    1 |     13.507 |     1   -1   - |     7.288759566 |   20673   52727 |   4.30e-10
    2 |     13.583 |     4   -2   + |    20.148598496 |   47689   45718 |   1.14e-10
    3 |     21.147 |    45   -3   - |    25.001795047 |   58706   15205 |   6.79e-11
    4 |      21.76 |    49   -2   + |    20.324882069 |   10977   24796 |   7.76e-12
    5 |     24.287 |    44   -3   - |    25.002628762 |   10409   57630 |   1.14e-11
    6 |     25.066 |     4   -3   + |    29.213318780 |   59293     906 |   8.84e-11
    7 |     30.344 |    47   -4   - |    34.064928413 |   61513   18692 |   1.17e-10
    8 |     30.895 |    49   -3   + |    29.389602352 |   18324   38585 |   3.20e-11
    9 |     32.787 |    44   -4   - |    34.067349046 |   23001   61033 |   1.69e-11
   10 |     33.596 |    41   -3   + |    29.383011391 |   15463    1730 |   1.43e-10
  -> CHAINE COMPLETE : toutes les 10 cibles restantes atteintes.

--- depart l=110 : b1[110] = (t=28,k=-2,sg=+) = 20.302056397 | chaine atteint n_l = 10 etape(s) ---
etape |   cible x0 |     t    k  sg |               b |      N1      N2 |     erreur
    0 |   (depart) |    28   -2   + |    20.302056397 |                 |           
    1 |     13.507 |     7   -1   - |     6.985470721 |   56411   58777 |   1.79e-10
    2 |     13.583 |     1   -2   + |    19.905401285 |   41065   42852 |   1.31e-11
    3 |     21.147 |    46   -3   - |    25.000988656 |   47939   15444 |   7.89e-12
    4 |      21.76 |    45   -2   + |    20.321806372 |   12808   28863 |   2.15e-10
    5 |     24.287 |    48   -3   - |    24.999452113 |    5232   29119 |   1.18e-10
    6 |     25.066 |     1   -3   + |    28.970121569 |   61541    1049 |   1.66e-10
    7 |     30.344 |    48   -4   - |    34.064172396 |   54061   19965 |   1.22e-10
    8 |     30.895 |    44   -3   + |    29.385692940 |   21884   45951 |   1.04e-10
    9 |     32.787 |    45   -4   - |    34.066515330 |    5841   15527 |   1.25e-10
   10 |     33.596 |    50   -3   + |    29.390313030 |   51280    5737 |   1.34e-10
  -> CHAINE COMPLETE : toutes les 10 cibles restantes atteintes.

--- depart l=111 : b1[111] = (t=28,k=-3,sg=-) = 25.021545021 | chaine atteint n_l = 10 etape(s) ---
etape |   cible x0 |     t    k  sg |               b |      N1      N2 |     erreur
    0 |   (depart) |    28   -3   - |    25.021545021 |                 |           
    1 |     13.507 |    43   -1   + |    11.255389754 |    4556   23299 |   1.39e-10
    2 |     13.583 |    46   -2   - |    15.936268372 |   45583   45086 |   3.71e-12
    3 |     21.147 |     1   -3   + |    28.970121569 |   13365    8902 |   1.91e-11
    4 |      21.76 |     6   -2   - |    16.065120811 |   26974   34151 |   1.32e-10
    5 |     24.287 |     2   -3   + |    29.111880423 |   29739   50677 |   1.61e-10
    6 |     25.066 |    18   -3   - |    25.044653087 |     100   18953 |   9.94e-11
    7 |     30.344 |     3   -4   + |    38.240062994 |   63443   42579 |   2.51e-11
    8 |     30.895 |     6   -3   - |    25.129841095 |   40406   51479 |   4.38e-10
    9 |     32.787 |     1   -4   + |    38.034841852 |   38490   56161 |   3.74e-11
   10 |     33.596 |     1   -3   - |    25.418200133 |   20518   11137 |   2.80e-10
  -> CHAINE COMPLETE : toutes les 10 cibles restantes atteintes.

--- depart l=112 : b1[112] = (t=28,k=-2,sg=-) = 15.956824737 | chaine atteint n_l = 10 etape(s) ---
etape |   cible x0 |     t    k  sg |               b |      N1      N2 |     erreur
    0 |   (depart) |    28   -2   - |    15.956824737 |                 |           
    1 |     13.507 |    48   -1   + |    11.259429022 |   39861   43448 |   4.87e-11
    2 |     13.583 |    43   -2   - |    15.938771097 |   63430   62563 |   3.29e-11
    3 |     21.147 |     8   -3   + |    29.285452495 |   14537    9303 |   1.15e-10
    4 |      21.76 |    10   -2   - |    16.019724162 |   10399   13633 |   3.27e-11
    5 |     24.287 |     8   -3   + |    29.285452495 |   24174   39983 |   1.35e-10
    6 |     25.066 |    19   -3   - |    25.041544537 |     373   64356 |   1.72e-10
    7 |     30.344 |     1   -4   + |    38.034841852 |   52420   36141 |   1.78e-10
    8 |     30.895 |     7   -3   - |    25.114911288 |   20319   25099 |   2.16e-10
    9 |     32.787 |     7   -4   + |    38.338130698 |   40361   55782 |   7.17e-10
   10 |     33.596 |     1   -3   - |    25.418200133 |   55165   31989 |   5.02e-11
  -> CHAINE COMPLETE : toutes les 10 cibles restantes atteintes.

--- depart l=113 : b1[113] = (t=29,k=-3,sg=+) = 29.368402895 | chaine atteint n_l = 10 etape(s) ---
etape |   cible x0 |     t    k  sg |               b |      N1      N2 |     erreur
    0 |   (depart) |    29   -3   + |    29.368402895 |                 |           
    1 |     13.507 |     3   -1   - |     7.083538425 |   24961   61636 |   7.13e-11
    2 |     13.583 |     8   -2   + |    20.220732211 |   62647   61342 |   1.52e-11
    3 |     21.147 |    47   -3   - |    25.000208129 |   53817   12937 |   8.44e-11
    4 |      21.76 |    42   -2   + |    20.319216806 |    8344   18765 |   4.49e-11
    5 |     24.287 |    43   -3   - |    25.003491381 |   10173   56336 |   2.80e-10
    6 |     25.066 |     8   -3   + |    29.285452495 |   17483     259 |   8.79e-11
    7 |     30.344 |    45   -4   - |    34.066515330 |   38602   10977 |   1.27e-11
    8 |     30.895 |    44   -3   + |    29.385692940 |    6051   12715 |   1.95e-10
    9 |     32.787 |    45   -4   - |    34.066515330 |    5841   15527 |   1.25e-10
   10 |     33.596 |    50   -3   + |    29.390313030 |   51280    5737 |   1.34e-10
  -> CHAINE COMPLETE : toutes les 10 cibles restantes atteintes.

--- depart l=114 : b1[114] = (t=29,k=-2,sg=+) = 20.303682611 | chaine atteint n_l = 10 etape(s) ---
etape |   cible x0 |     t    k  sg |               b |      N1      N2 |     erreur
    0 |   (depart) |    29   -2   + |    20.303682611 |                 |           
    1 |     13.507 |     2   -1   - |     7.147000711 |   51281   54802 |   2.89e-10
    2 |     13.583 |     9   -2   + |    20.230711577 |   49015   47454 |   2.49e-10
    3 |     21.147 |    49   -3   - |    24.998719350 |   39123    9307 |   5.36e-11
    4 |      21.76 |    50   -2   + |    20.325592746 |   20971   47350 |   3.76e-11
    5 |     24.287 |    43   -3   - |    25.003491381 |    8461   46780 |   5.74e-11
    6 |     25.066 |     8   -3   + |    29.285452495 |   17483     259 |   8.79e-11
    7 |     30.344 |    45   -4   - |    34.066515330 |   38602   10977 |   1.27e-11
    8 |     30.895 |    44   -3   + |    29.385692940 |    6051   12715 |   1.95e-10
    9 |     32.787 |    45   -4   - |    34.066515330 |    5841   15527 |   1.25e-10
   10 |     33.596 |    50   -3   + |    29.390313030 |   51280    5737 |   1.34e-10
  -> CHAINE COMPLETE : toutes les 10 cibles restantes atteintes.

--- depart l=115 : b1[115] = (t=29,k=-3,sg=-) = 25.019918807 | chaine atteint n_l = 10 etape(s) ---
etape |   cible x0 |     t    k  sg |               b |      N1      N2 |     erreur
    0 |   (depart) |    29   -3   - |    25.019918807 |                 |           
    1 |     13.507 |    45   -1   + |    11.257086088 |   10517   53816 |   1.01e-11
    2 |     13.583 |    44   -2   - |    15.937908478 |   60833   60084 |   5.89e-11
    3 |     21.147 |     9   -3   + |    29.295431860 |   45428   29041 |   8.94e-11
    4 |      21.76 |     1   -2   - |    16.353479850 |   34721   48393 |   1.09e-10
    5 |     24.287 |    10   -3   + |    29.303877256 |   39101   61833 |   1.57e-10
    6 |     25.066 |    15   -3   - |    25.055774887 |     142   58853 |   7.98e-11
    7 |     30.344 |     3   -4   + |    38.240062994 |   62146   41621 |   9.87e-12
    8 |     30.895 |     6   -3   - |    25.129841095 |   40406   51479 |   4.38e-10
    9 |     32.787 |     1   -4   + |    38.034841852 |   38490   56161 |   3.74e-11
   10 |     33.596 |     1   -3   - |    25.418200133 |   20518   11137 |   2.80e-10
  -> CHAINE COMPLETE : toutes les 10 cibles restantes atteintes.

--- depart l=116 : b1[116] = (t=29,k=-2,sg=-) = 15.955198523 | chaine atteint n_l = 10 etape(s) ---
etape |   cible x0 |     t    k  sg |               b |      N1      N2 |     erreur
    0 |   (depart) |    29   -2   - |    15.955198523 |                 |           
    1 |     13.507 |    50   -1   + |    11.260872462 |   58879   64176 |   4.75e-11
    2 |     13.583 |    43   -2   - |    15.938771097 |   16315   16082 |   4.56e-11
    3 |     21.147 |     8   -3   + |    29.285452495 |   14537    9303 |   1.15e-10
    4 |      21.76 |    10   -2   - |    16.019724162 |   10399   13633 |   3.27e-11
    5 |     24.287 |     8   -3   + |    29.285452495 |   24174   39983 |   1.35e-10
    6 |     25.066 |    19   -3   - |    25.041544537 |     373   64356 |   1.72e-10
    7 |     30.344 |     1   -4   + |    38.034841852 |   52420   36141 |   1.78e-10
    8 |     30.895 |     7   -3   - |    25.114911288 |   20319   25099 |   2.16e-10
    9 |     32.787 |     7   -4   + |    38.338130698 |   40361   55782 |   7.17e-10
   10 |     33.596 |     1   -3   - |    25.418200133 |   55165   31989 |   5.02e-11
  -> CHAINE COMPLETE : toutes les 10 cibles restantes atteintes.

--- depart l=117 : b1[117] = (t=30,k=-3,sg=+) = 29.369947159 | chaine atteint n_l = 10 etape(s) ---
etape |   cible x0 |     t    k  sg |               b |      N1      N2 |     erreur
    0 |   (depart) |    30   -3   + |    29.369947159 |                 |           
    1 |     13.507 |     4   -1   - |     7.045562355 |   24421   59954 |   3.80e-11
    2 |     13.583 |     8   -2   + |    20.220732211 |   21774   21445 |   2.02e-10
    3 |     21.147 |    47   -3   - |    25.000208129 |   53817   12937 |   8.44e-11
    4 |      21.76 |    42   -2   + |    20.319216806 |    8344   18765 |   4.49e-11
    5 |     24.287 |    43   -3   - |    25.003491381 |   10173   56336 |   2.80e-10
    6 |     25.066 |     8   -3   + |    29.285452495 |   17483     259 |   8.79e-11
    7 |     30.344 |    45   -4   - |    34.066515330 |   38602   10977 |   1.27e-11
    8 |     30.895 |    44   -3   + |    29.385692940 |    6051   12715 |   1.95e-10
    9 |     32.787 |    45   -4   - |    34.066515330 |    5841   15527 |   1.25e-10
   10 |     33.596 |    50   -3   + |    29.390313030 |   51280    5737 |   1.34e-10
  -> CHAINE COMPLETE : toutes les 10 cibles restantes atteintes.

--- depart l=118 : b1[118] = (t=30,k=-2,sg=+) = 20.305226876 | chaine atteint n_l = 10 etape(s) ---
etape |   cible x0 |     t    k  sg |               b |      N1      N2 |     erreur
    0 |   (depart) |    30   -2   + |    20.305226876 |                 |           
    1 |     13.507 |     9   -1   - |     6.963449274 |   37821   39293 |   2.81e-11
    2 |     13.583 |     4   -2   + |    20.148598496 |   18619   18772 |   1.53e-10
    3 |     21.147 |    45   -3   - |    25.001795047 |   58706   15205 |   6.79e-11
    4 |      21.76 |    49   -2   + |    20.324882069 |   10977   24796 |   7.76e-12
    5 |     24.287 |    44   -3   - |    25.002628762 |   10409   57630 |   1.14e-11
    6 |     25.066 |     4   -3   + |    29.213318780 |   59293     906 |   8.84e-11
    7 |     30.344 |    47   -4   - |    34.064928413 |   61513   18692 |   1.17e-10
    8 |     30.895 |    49   -3   + |    29.389602352 |   18324   38585 |   3.20e-11
    9 |     32.787 |    44   -4   - |    34.067349046 |   23001   61033 |   1.69e-11
   10 |     33.596 |    41   -3   + |    29.383011391 |   15463    1730 |   1.43e-10
  -> CHAINE COMPLETE : toutes les 10 cibles restantes atteintes.

--- depart l=119 : b1[119] = (t=30,k=-3,sg=-) = 25.018374543 | chaine atteint n_l = 10 etape(s) ---
etape |   cible x0 |     t    k  sg |               b |      N1      N2 |     erreur
    0 |   (depart) |    30   -3   - |    25.018374543 |                 |           
    1 |     13.507 |    46   -1   + |    11.257892479 |    9205   47113 |   1.23e-10
    2 |     13.583 |    47   -2   - |    15.935487846 |    3179    3142 |   3.28e-11
    3 |     21.147 |     2   -3   + |    29.111880423 |   60595   39648 |   2.85e-10
    4 |      21.76 |     8   -2   - |    16.038148923 |   13153   16900 |   2.92e-10
    5 |     24.287 |     1   -3   + |    28.970121569 |   31425   55352 |   3.34e-10
    6 |     25.066 |    17   -3   - |    25.048031726 |     201   43673 |   5.95e-11
    7 |     30.344 |     7   -4   + |    38.338130698 |   53689   35568 |   1.17e-10
    8 |     30.895 |    10   -3   - |    25.084444446 |   16461   21086 |   5.22e-11
    9 |     32.787 |     6   -4   + |    38.323200891 |   15852   22055 |   6.84e-11
   10 |     33.596 |     1   -3   - |    25.418200133 |   40306   23299 |   2.41e-10
  -> CHAINE COMPLETE : toutes les 10 cibles restantes atteintes.

--- depart l=120 : b1[120] = (t=30,k=-2,sg=-) = 15.953654259 | chaine atteint n_l = 10 etape(s) ---
etape |   cible x0 |     t    k  sg |               b |      N1      N2 |     erreur
    0 |   (depart) |    30   -2   - |    15.953654259 |                 |           
    1 |     13.507 |    42   -1   + |    11.254496523 |   20338   22091 |   3.67e-11
    2 |     13.583 |    49   -2   - |    15.933999066 |   61556   60967 |   1.79e-11
    3 |     21.147 |     8   -3   + |    29.285452495 |   30913   19801 |   2.82e-10
    4 |      21.76 |    10   -2   - |    16.019724162 |   10399   13633 |   3.27e-11
    5 |     24.287 |     8   -3   + |    29.285452495 |   24174   39983 |   1.35e-10
    6 |     25.066 |    19   -3   - |    25.041544537 |     373   64356 |   1.72e-10
    7 |     30.344 |     1   -4   + |    38.034841852 |   52420   36141 |   1.78e-10
    8 |     30.895 |     7   -3   - |    25.114911288 |   20319   25099 |   2.16e-10
    9 |     32.787 |     7   -4   + |    38.338130698 |   40361   55782 |   7.17e-10
   10 |     33.596 |     1   -3   - |    25.418200133 |   55165   31989 |   5.02e-11
  -> CHAINE COMPLETE : toutes les 10 cibles restantes atteintes.

--- depart l=121 : b1[121] = (t=31,k=-3,sg=+) = 29.371416134 | chaine atteint n_l = 10 etape(s) ---
etape |   cible x0 |     t    k  sg |               b |      N1      N2 |     erreur
    0 |   (depart) |    31   -3   + |    29.371416134 |                 |           
    1 |     13.507 |     5   -1   - |     7.019593802 |   23753   58086 |   2.68e-10
    2 |     13.583 |     1   -2   + |    19.905401285 |   37750   39189 |   1.07e-10
    3 |     21.147 |    46   -3   - |    25.000988656 |   47939   15444 |   7.89e-12
    4 |      21.76 |    45   -2   + |    20.321806372 |   12808   28863 |   2.15e-10
    5 |     24.287 |    48   -3   - |    24.999452113 |    5232   29119 |   1.18e-10
    6 |     25.066 |     1   -3   + |    28.970121569 |   61541    1049 |   1.66e-10
    7 |     30.344 |    48   -4   - |    34.064172396 |   54061   19965 |   1.22e-10
    8 |     30.895 |    44   -3   + |    29.385692940 |   21884   45951 |   1.04e-10
    9 |     32.787 |    45   -4   - |    34.066515330 |    5841   15527 |   1.25e-10
   10 |     33.596 |    50   -3   + |    29.390313030 |   51280    5737 |   1.34e-10
  -> CHAINE COMPLETE : toutes les 10 cibles restantes atteintes.

--- depart l=122 : b1[122] = (t=31,k=-2,sg=+) = 20.306695850 | chaine atteint n_l = 10 etape(s) ---
etape |   cible x0 |     t    k  sg |               b |      N1      N2 |     erreur
    0 |   (depart) |    31   -2   + |    20.306695850 |                 |           
    1 |     13.507 |     1   -1   - |     7.288759566 |   59150   64681 |   9.89e-11
    2 |     13.583 |     4   -2   + |    20.148598496 |   47689   45718 |   1.14e-10
    3 |     21.147 |    45   -3   - |    25.001795047 |   58706   15205 |   6.79e-11
    4 |      21.76 |    49   -2   + |    20.324882069 |   10977   24796 |   7.76e-12
    5 |     24.287 |    44   -3   - |    25.002628762 |   10409   57630 |   1.14e-11
    6 |     25.066 |     4   -3   + |    29.213318780 |   59293     906 |   8.84e-11
    7 |     30.344 |    47   -4   - |    34.064928413 |   61513   18692 |   1.17e-10
    8 |     30.895 |    49   -3   + |    29.389602352 |   18324   38585 |   3.20e-11
    9 |     32.787 |    44   -4   - |    34.067349046 |   23001   61033 |   1.69e-11
   10 |     33.596 |    41   -3   + |    29.383011391 |   15463    1730 |   1.43e-10
  -> CHAINE COMPLETE : toutes les 10 cibles restantes atteintes.

--- depart l=123 : b1[123] = (t=31,k=-3,sg=-) = 25.016905568 | chaine atteint n_l = 10 etape(s) ---
etape |   cible x0 |     t    k  sg |               b |      N1      N2 |     erreur
    0 |   (depart) |    31   -3   - |    25.016905568 |                 |           
    1 |     13.507 |    45   -1   + |    11.257086088 |    6041   30904 |   2.24e-11
    2 |     13.583 |    44   -2   - |    15.937908478 |   60833   60084 |   5.89e-11
    3 |     21.147 |     9   -3   + |    29.295431860 |   45428   29041 |   8.94e-11
    4 |      21.76 |     1   -2   - |    16.353479850 |   34721   48393 |   1.09e-10
    5 |     24.287 |    10   -3   + |    29.303877256 |   39101   61833 |   1.57e-10
    6 |     25.066 |    15   -3   - |    25.055774887 |     142   58853 |   7.98e-11
    7 |     30.344 |     3   -4   + |    38.240062994 |   62146   41621 |   9.87e-12
    8 |     30.895 |     6   -3   - |    25.129841095 |   40406   51479 |   4.38e-10
    9 |     32.787 |     1   -4   + |    38.034841852 |   38490   56161 |   3.74e-11
   10 |     33.596 |     1   -3   - |    25.418200133 |   20518   11137 |   2.80e-10
  -> CHAINE COMPLETE : toutes les 10 cibles restantes atteintes.

--- depart l=124 : b1[124] = (t=31,k=-2,sg=-) = 15.952185285 | chaine atteint n_l = 10 etape(s) ---
etape |   cible x0 |     t    k  sg |               b |      N1      N2 |     erreur
    0 |   (depart) |    31   -2   - |    15.952185285 |                 |           
    1 |     13.507 |    45   -1   + |    11.257086088 |   42712   46419 |   3.53e-11
    2 |     13.583 |    44   -2   - |    15.937908478 |   60833   60084 |   5.89e-11
    3 |     21.147 |     9   -3   + |    29.295431860 |   45428   29041 |   8.94e-11
    4 |      21.76 |     1   -2   - |    16.353479850 |   34721   48393 |   1.09e-10
    5 |     24.287 |    10   -3   + |    29.303877256 |   39101   61833 |   1.57e-10
    6 |     25.066 |    15   -3   - |    25.055774887 |     142   58853 |   7.98e-11
    7 |     30.344 |     3   -4   + |    38.240062994 |   62146   41621 |   9.87e-12
    8 |     30.895 |     6   -3   - |    25.129841095 |   40406   51479 |   4.38e-10
    9 |     32.787 |     1   -4   + |    38.034841852 |   38490   56161 |   3.74e-11
   10 |     33.596 |     1   -3   - |    25.418200133 |   20518   11137 |   2.80e-10
  -> CHAINE COMPLETE : toutes les 10 cibles restantes atteintes.

--- depart l=125 : b1[125] = (t=32,k=-3,sg=+) = 29.372815743 | chaine atteint n_l = 10 etape(s) ---
etape |   cible x0 |     t    k  sg |               b |      N1      N2 |     erreur
    0 |   (depart) |    32   -3   + |    29.372815743 |                 |           
    1 |     13.507 |     3   -1   - |     7.083538425 |   19603   48419 |   1.60e-10
    2 |     13.583 |     8   -2   + |    20.220732211 |   62647   61342 |   1.52e-11
    3 |     21.147 |    47   -3   - |    25.000208129 |   53817   12937 |   8.44e-11
    4 |      21.76 |    42   -2   + |    20.319216806 |    8344   18765 |   4.49e-11
    5 |     24.287 |    43   -3   - |    25.003491381 |   10173   56336 |   2.80e-10
    6 |     25.066 |     8   -3   + |    29.285452495 |   17483     259 |   8.79e-11
    7 |     30.344 |    45   -4   - |    34.066515330 |   38602   10977 |   1.27e-11
    8 |     30.895 |    44   -3   + |    29.385692940 |    6051   12715 |   1.95e-10
    9 |     32.787 |    45   -4   - |    34.066515330 |    5841   15527 |   1.25e-10
   10 |     33.596 |    50   -3   + |    29.390313030 |   51280    5737 |   1.34e-10
  -> CHAINE COMPLETE : toutes les 10 cibles restantes atteintes.

--- depart l=126 : b1[126] = (t=32,k=-2,sg=+) = 20.308095459 | chaine atteint n_l = 10 etape(s) ---
etape |   cible x0 |     t    k  sg |               b |      N1      N2 |     erreur
    0 |   (depart) |    32   -2   + |    20.308095459 |                 |           
    1 |     13.507 |    10   -1   - |     6.955003878 |   58471   60694 |   8.78e-11
    2 |     13.583 |    10   -2   + |    20.239156973 |   13709   13651 |   5.30e-11
    3 |     21.147 |    45   -3   - |    25.001795047 |   55297   13023 |   2.70e-11
    4 |      21.76 |    49   -2   + |    20.324882069 |   10977   24796 |   7.76e-12
    5 |     24.287 |    44   -3   - |    25.002628762 |   10409   57630 |   1.14e-11
    6 |     25.066 |     4   -3   + |    29.213318780 |   59293     906 |   8.84e-11
    7 |     30.344 |    47   -4   - |    34.064928413 |   61513   18692 |   1.17e-10
    8 |     30.895 |    49   -3   + |    29.389602352 |   18324   38585 |   3.20e-11
    9 |     32.787 |    44   -4   - |    34.067349046 |   23001   61033 |   1.69e-11
   10 |     33.596 |    41   -3   + |    29.383011391 |   15463    1730 |   1.43e-10
  -> CHAINE COMPLETE : toutes les 10 cibles restantes atteintes.

--- depart l=127 : b1[127] = (t=32,k=-3,sg=-) = 25.015505959 | chaine atteint n_l = 10 etape(s) ---
etape |   cible x0 |     t    k  sg |               b |      N1      N2 |     erreur
    0 |   (depart) |    32   -3   - |    25.015505959 |                 |           
    1 |     13.507 |    47   -1   + |    11.258673005 |   10135   51878 |   1.04e-09
    2 |     13.583 |    48   -2   - |    15.934731829 |   48571   48005 |   6.27e-11
    3 |     21.147 |     9   -3   + |    29.295431860 |   44084   28199 |   2.91e-10
    4 |      21.76 |     1   -2   - |    16.353479850 |   34721   48393 |   1.09e-10
    5 |     24.287 |    10   -3   + |    29.303877256 |   39101   61833 |   1.57e-10
    6 |     25.066 |    15   -3   - |    25.055774887 |     142   58853 |   7.98e-11
    7 |     30.344 |     3   -4   + |    38.240062994 |   62146   41621 |   9.87e-12
    8 |     30.895 |     6   -3   - |    25.129841095 |   40406   51479 |   4.38e-10
    9 |     32.787 |     1   -4   + |    38.034841852 |   38490   56161 |   3.74e-11
   10 |     33.596 |     1   -3   - |    25.418200133 |   20518   11137 |   2.80e-10
  -> CHAINE COMPLETE : toutes les 10 cibles restantes atteintes.

--- depart l=128 : b1[128] = (t=32,k=-2,sg=-) = 15.950785675 | chaine atteint n_l = 10 etape(s) ---
etape |   cible x0 |     t    k  sg |               b |      N1      N2 |     erreur
    0 |   (depart) |    32   -2   - |    15.950785675 |                 |           
    1 |     13.507 |    50   -1   + |    11.260872462 |   49648   54017 |   5.85e-11
    2 |     13.583 |    43   -2   - |    15.938771097 |   16315   16082 |   4.56e-11
    3 |     21.147 |     8   -3   + |    29.285452495 |   14537    9303 |   1.15e-10
    4 |      21.76 |    10   -2   - |    16.019724162 |   10399   13633 |   3.27e-11
    5 |     24.287 |     8   -3   + |    29.285452495 |   24174   39983 |   1.35e-10
    6 |     25.066 |    19   -3   - |    25.041544537 |     373   64356 |   1.72e-10
    7 |     30.344 |     1   -4   + |    38.034841852 |   52420   36141 |   1.78e-10
    8 |     30.895 |     7   -3   - |    25.114911288 |   20319   25099 |   2.16e-10
    9 |     32.787 |     7   -4   + |    38.338130698 |   40361   55782 |   7.17e-10
   10 |     33.596 |     1   -3   - |    25.418200133 |   55165   31989 |   5.02e-11
  -> CHAINE COMPLETE : toutes les 10 cibles restantes atteintes.

--- depart l=129 : b1[129] = (t=33,k=-3,sg=+) = 29.374151281 | chaine atteint n_l = 10 etape(s) ---
etape |   cible x0 |     t    k  sg |               b |      N1      N2 |     erreur
    0 |   (depart) |    33   -3   + |    29.374151281 |                 |           
    1 |     13.507 |    10   -1   - |     6.955003878 |   11147   26995 |   6.64e-10
    2 |     13.583 |    10   -2   + |    20.239156973 |   13709   13651 |   5.30e-11
    3 |     21.147 |    45   -3   - |    25.001795047 |   55297   13023 |   2.70e-11
    4 |      21.76 |    49   -2   + |    20.324882069 |   10977   24796 |   7.76e-12
    5 |     24.287 |    44   -3   - |    25.002628762 |   10409   57630 |   1.14e-11
    6 |     25.066 |     4   -3   + |    29.213318780 |   59293     906 |   8.84e-11
    7 |     30.344 |    47   -4   - |    34.064928413 |   61513   18692 |   1.17e-10
    8 |     30.895 |    49   -3   + |    29.389602352 |   18324   38585 |   3.20e-11
    9 |     32.787 |    44   -4   - |    34.067349046 |   23001   61033 |   1.69e-11
   10 |     33.596 |    41   -3   + |    29.383011391 |   15463    1730 |   1.43e-10
  -> CHAINE COMPLETE : toutes les 10 cibles restantes atteintes.

--- depart l=130 : b1[130] = (t=33,k=-2,sg=+) = 20.309430997 | chaine atteint n_l = 10 etape(s) ---
etape |   cible x0 |     t    k  sg |               b |      N1      N2 |     erreur
    0 |   (depart) |    33   -2   + |    20.309430997 |                 |           
    1 |     13.507 |     8   -1   - |     6.973428639 |   50935   53031 |   1.48e-10
    2 |     13.583 |     5   -2   + |    20.174567049 |   62971   63143 |   5.60e-11
    3 |     21.147 |    47   -3   - |    25.000208129 |   48635   12274 |   1.91e-10
    4 |      21.76 |    42   -2   + |    20.319216806 |    8344   18765 |   4.49e-11
    5 |     24.287 |    43   -3   - |    25.003491381 |   10173   56336 |   2.80e-10
    6 |     25.066 |     8   -3   + |    29.285452495 |   17483     259 |   8.79e-11
    7 |     30.344 |    45   -4   - |    34.066515330 |   38602   10977 |   1.27e-11
    8 |     30.895 |    44   -3   + |    29.385692940 |    6051   12715 |   1.95e-10
    9 |     32.787 |    45   -4   - |    34.066515330 |    5841   15527 |   1.25e-10
   10 |     33.596 |    50   -3   + |    29.390313030 |   51280    5737 |   1.34e-10
  -> CHAINE COMPLETE : toutes les 10 cibles restantes atteintes.

--- depart l=131 : b1[131] = (t=33,k=-3,sg=-) = 25.014170421 | chaine atteint n_l = 10 etape(s) ---
etape |   cible x0 |     t    k  sg |               b |      N1      N2 |     erreur
    0 |   (depart) |    33   -3   - |    25.014170421 |                 |           
    1 |     13.507 |    44   -1   + |    11.256252373 |    9707   49628 |   5.23e-10
    2 |     13.583 |    41   -2   - |    15.940590028 |   61687   60880 |   4.66e-11
    3 |     21.147 |     8   -3   + |    29.285452495 |   51503   32948 |   1.19e-11
    4 |      21.76 |    10   -2   - |    16.019724162 |   10399   13633 |   3.27e-11
    5 |     24.287 |     8   -3   + |    29.285452495 |   24174   39983 |   1.35e-10
    6 |     25.066 |    19   -3   - |    25.041544537 |     373   64356 |   1.72e-10
    7 |     30.344 |     1   -4   + |    38.034841852 |   52420   36141 |   1.78e-10
    8 |     30.895 |     7   -3   - |    25.114911288 |   20319   25099 |   2.16e-10
    9 |     32.787 |     7   -4   + |    38.338130698 |   40361   55782 |   7.17e-10
   10 |     33.596 |     1   -3   - |    25.418200133 |   55165   31989 |   5.02e-11
  -> CHAINE COMPLETE : toutes les 10 cibles restantes atteintes.

--- depart l=132 : b1[132] = (t=33,k=-2,sg=-) = 15.949450138 | chaine atteint n_l = 10 etape(s) ---
etape |   cible x0 |     t    k  sg |               b |      N1      N2 |     erreur
    0 |   (depart) |    33   -2   - |    15.949450138 |                 |           
    1 |     13.507 |    45   -1   + |    11.257086088 |   41005   44514 |   7.85e-11
    2 |     13.583 |    44   -2   - |    15.937908478 |   60833   60084 |   5.89e-11
    3 |     21.147 |     9   -3   + |    29.295431860 |   45428   29041 |   8.94e-11
    4 |      21.76 |     1   -2   - |    16.353479850 |   34721   48393 |   1.09e-10
    5 |     24.287 |    10   -3   + |    29.303877256 |   39101   61833 |   1.57e-10
    6 |     25.066 |    15   -3   - |    25.055774887 |     142   58853 |   7.98e-11
    7 |     30.344 |     3   -4   + |    38.240062994 |   62146   41621 |   9.87e-12
    8 |     30.895 |     6   -3   - |    25.129841095 |   40406   51479 |   4.38e-10
    9 |     32.787 |     1   -4   + |    38.034841852 |   38490   56161 |   3.74e-11
   10 |     33.596 |     1   -3   - |    25.418200133 |   20518   11137 |   2.80e-10
  -> CHAINE COMPLETE : toutes les 10 cibles restantes atteintes.

--- depart l=133 : b1[133] = (t=34,k=-3,sg=+) = 29.375427490 | chaine atteint n_l = 10 etape(s) ---
etape |   cible x0 |     t    k  sg |               b |      N1      N2 |     erreur
    0 |   (depart) |    34   -3   + |    29.375427490 |                 |           
    1 |     13.507 |     2   -1   - |     7.147000711 |   16922   42221 |   3.53e-10
    2 |     13.583 |     9   -2   + |    20.230711577 |   49015   47454 |   2.49e-10
    3 |     21.147 |    49   -3   - |    24.998719350 |   39123    9307 |   5.36e-11
    4 |      21.76 |    50   -2   + |    20.325592746 |   20971   47350 |   3.76e-11
    5 |     24.287 |    43   -3   - |    25.003491381 |    8461   46780 |   5.74e-11
    6 |     25.066 |     8   -3   + |    29.285452495 |   17483     259 |   8.79e-11
    7 |     30.344 |    45   -4   - |    34.066515330 |   38602   10977 |   1.27e-11
    8 |     30.895 |    44   -3   + |    29.385692940 |    6051   12715 |   1.95e-10
    9 |     32.787 |    45   -4   - |    34.066515330 |    5841   15527 |   1.25e-10
   10 |     33.596 |    50   -3   + |    29.390313030 |   51280    5737 |   1.34e-10
  -> CHAINE COMPLETE : toutes les 10 cibles restantes atteintes.

--- depart l=134 : b1[134] = (t=34,k=-2,sg=+) = 20.310707207 | chaine atteint n_l = 10 etape(s) ---
etape |   cible x0 |     t    k  sg |               b |      N1      N2 |     erreur
    0 |   (depart) |    34   -2   + |    20.310707207 |                 |           
    1 |     13.507 |     2   -1   - |     7.147000711 |   34229   36617 |   2.66e-10
    2 |     13.583 |     9   -2   + |    20.230711577 |   49015   47454 |   2.49e-10
    3 |     21.147 |    49   -3   - |    24.998719350 |   39123    9307 |   5.36e-11
    4 |      21.76 |    50   -2   + |    20.325592746 |   20971   47350 |   3.76e-11
    5 |     24.287 |    43   -3   - |    25.003491381 |    8461   46780 |   5.74e-11
    6 |     25.066 |     8   -3   + |    29.285452495 |   17483     259 |   8.79e-11
    7 |     30.344 |    45   -4   - |    34.066515330 |   38602   10977 |   1.27e-11
    8 |     30.895 |    44   -3   + |    29.385692940 |    6051   12715 |   1.95e-10
    9 |     32.787 |    45   -4   - |    34.066515330 |    5841   15527 |   1.25e-10
   10 |     33.596 |    50   -3   + |    29.390313030 |   51280    5737 |   1.34e-10
  -> CHAINE COMPLETE : toutes les 10 cibles restantes atteintes.

--- depart l=135 : b1[135] = (t=34,k=-3,sg=-) = 25.012894212 | chaine atteint n_l = 10 etape(s) ---
etape |   cible x0 |     t    k  sg |               b |      N1      N2 |     erreur
    0 |   (depart) |    34   -3   - |    25.012894212 |                 |           
    1 |     13.507 |    41   -1   + |    11.253570823 |    9901   50554 |   8.09e-11
    2 |     13.583 |    47   -2   - |    15.935487846 |   65396   64755 |   5.90e-11
    3 |     21.147 |     2   -3   + |    29.111880423 |   60595   39648 |   2.85e-10
    4 |      21.76 |     8   -2   - |    16.038148923 |   13153   16900 |   2.92e-10
    5 |     24.287 |     1   -3   + |    28.970121569 |   31425   55352 |   3.34e-10
    6 |     25.066 |    17   -3   - |    25.048031726 |     201   43673 |   5.95e-11
    7 |     30.344 |     7   -4   + |    38.338130698 |   53689   35568 |   1.17e-10
    8 |     30.895 |    10   -3   - |    25.084444446 |   16461   21086 |   5.22e-11
    9 |     32.787 |     6   -4   + |    38.323200891 |   15852   22055 |   6.84e-11
   10 |     33.596 |     1   -3   - |    25.418200133 |   40306   23299 |   2.41e-10
  -> CHAINE COMPLETE : toutes les 10 cibles restantes atteintes.

--- depart l=136 : b1[136] = (t=34,k=-2,sg=-) = 15.948173928 | chaine atteint n_l = 10 etape(s) ---
etape |   cible x0 |     t    k  sg |               b |      N1      N2 |     erreur
    0 |   (depart) |    34   -2   - |    15.948173928 |                 |           
    1 |     13.507 |    46   -1   + |    11.257892479 |    9087    9863 |   8.41e-12
    2 |     13.583 |    47   -2   - |    15.935487846 |    3179    3142 |   3.28e-11
    3 |     21.147 |     2   -3   + |    29.111880423 |   60595   39648 |   2.85e-10
    4 |      21.76 |     8   -2   - |    16.038148923 |   13153   16900 |   2.92e-10
    5 |     24.287 |     1   -3   + |    28.970121569 |   31425   55352 |   3.34e-10
    6 |     25.066 |    17   -3   - |    25.048031726 |     201   43673 |   5.95e-11
    7 |     30.344 |     7   -4   + |    38.338130698 |   53689   35568 |   1.17e-10
    8 |     30.895 |    10   -3   - |    25.084444446 |   16461   21086 |   5.22e-11
    9 |     32.787 |     6   -4   + |    38.323200891 |   15852   22055 |   6.84e-11
   10 |     33.596 |     1   -3   - |    25.418200133 |   40306   23299 |   2.41e-10
  -> CHAINE COMPLETE : toutes les 10 cibles restantes atteintes.

--- depart l=137 : b1[137] = (t=35,k=-3,sg=+) = 29.376648638 | chaine atteint n_l = 10 etape(s) ---
etape |   cible x0 |     t    k  sg |               b |      N1      N2 |     erreur
    0 |   (depart) |    35   -3   + |    29.376648638 |                 |           
    1 |     13.507 |     7   -1   - |     6.985470721 |   21224   51647 |   2.82e-11
    2 |     13.583 |     1   -2   + |    19.905401285 |   41065   42852 |   1.31e-11
    3 |     21.147 |    46   -3   - |    25.000988656 |   47939   15444 |   7.89e-12
    4 |      21.76 |    45   -2   + |    20.321806372 |   12808   28863 |   2.15e-10
    5 |     24.287 |    48   -3   - |    24.999452113 |    5232   29119 |   1.18e-10
    6 |     25.066 |     1   -3   + |    28.970121569 |   61541    1049 |   1.66e-10
    7 |     30.344 |    48   -4   - |    34.064172396 |   54061   19965 |   1.22e-10
    8 |     30.895 |    44   -3   + |    29.385692940 |   21884   45951 |   1.04e-10
    9 |     32.787 |    45   -4   - |    34.066515330 |    5841   15527 |   1.25e-10
   10 |     33.596 |    50   -3   + |    29.390313030 |   51280    5737 |   1.34e-10
  -> CHAINE COMPLETE : toutes les 10 cibles restantes atteintes.

--- depart l=138 : b1[138] = (t=35,k=-2,sg=+) = 20.311928354 | chaine atteint n_l = 10 etape(s) ---
etape |   cible x0 |     t    k  sg |               b |      N1      N2 |     erreur
    0 |   (depart) |    35   -2   + |    20.311928354 |                 |           
    1 |     13.507 |     8   -1   - |     6.973428639 |   61903   64474 |   1.27e-10
    2 |     13.583 |     5   -2   + |    20.174567049 |   62971   63143 |   5.60e-11
    3 |     21.147 |    47   -3   - |    25.000208129 |   48635   12274 |   1.91e-10
    4 |      21.76 |    42   -2   + |    20.319216806 |    8344   18765 |   4.49e-11
    5 |     24.287 |    43   -3   - |    25.003491381 |   10173   56336 |   2.80e-10
    6 |     25.066 |     8   -3   + |    29.285452495 |   17483     259 |   8.79e-11
    7 |     30.344 |    45   -4   - |    34.066515330 |   38602   10977 |   1.27e-11
    8 |     30.895 |    44   -3   + |    29.385692940 |    6051   12715 |   1.95e-10
    9 |     32.787 |    45   -4   - |    34.066515330 |    5841   15527 |   1.25e-10
   10 |     33.596 |    50   -3   + |    29.390313030 |   51280    5737 |   1.34e-10
  -> CHAINE COMPLETE : toutes les 10 cibles restantes atteintes.

--- depart l=139 : b1[139] = (t=35,k=-3,sg=-) = 25.011673064 | chaine atteint n_l = 10 etape(s) ---
etape |   cible x0 |     t    k  sg |               b |      N1      N2 |     erreur
    0 |   (depart) |    35   -3   - |    25.011673064 |                 |           
    1 |     13.507 |    41   -1   + |    11.253570823 |    5123   26155 |   2.47e-10
    2 |     13.583 |    47   -2   - |    15.935487846 |   65396   64755 |   5.90e-11
    3 |     21.147 |     2   -3   + |    29.111880423 |   60595   39648 |   2.85e-10
    4 |      21.76 |     8   -2   - |    16.038148923 |   13153   16900 |   2.92e-10
    5 |     24.287 |     1   -3   + |    28.970121569 |   31425   55352 |   3.34e-10
    6 |     25.066 |    17   -3   - |    25.048031726 |     201   43673 |   5.95e-11
    7 |     30.344 |     7   -4   + |    38.338130698 |   53689   35568 |   1.17e-10
    8 |     30.895 |    10   -3   - |    25.084444446 |   16461   21086 |   5.22e-11
    9 |     32.787 |     6   -4   + |    38.323200891 |   15852   22055 |   6.84e-11
   10 |     33.596 |     1   -3   - |    25.418200133 |   40306   23299 |   2.41e-10
  -> CHAINE COMPLETE : toutes les 10 cibles restantes atteintes.

--- depart l=140 : b1[140] = (t=35,k=-2,sg=-) = 15.946952780 | chaine atteint n_l = 10 etape(s) ---
etape |   cible x0 |     t    k  sg |               b |      N1      N2 |     erreur
    0 |   (depart) |    35   -2   - |    15.946952780 |                 |           
    1 |     13.507 |    50   -1   + |    11.260872462 |   26410   28689 |   2.18e-11
    2 |     13.583 |    43   -2   - |    15.938771097 |   16315   16082 |   4.56e-11
    3 |     21.147 |     8   -3   + |    29.285452495 |   14537    9303 |   1.15e-10
    4 |      21.76 |    10   -2   - |    16.019724162 |   10399   13633 |   3.27e-11
    5 |     24.287 |     8   -3   + |    29.285452495 |   24174   39983 |   1.35e-10
    6 |     25.066 |    19   -3   - |    25.041544537 |     373   64356 |   1.72e-10
    7 |     30.344 |     1   -4   + |    38.034841852 |   52420   36141 |   1.78e-10
    8 |     30.895 |     7   -3   - |    25.114911288 |   20319   25099 |   2.16e-10
    9 |     32.787 |     7   -4   + |    38.338130698 |   40361   55782 |   7.17e-10
   10 |     33.596 |     1   -3   - |    25.418200133 |   55165   31989 |   5.02e-11
  -> CHAINE COMPLETE : toutes les 10 cibles restantes atteintes.

--- depart l=141 : b1[141] = (t=36,k=-3,sg=+) = 29.377818573 | chaine atteint n_l = 10 etape(s) ---
etape |   cible x0 |     t    k  sg |               b |      N1      N2 |     erreur
    0 |   (depart) |    36   -3   + |    29.377818573 |                 |           
    1 |     13.507 |     8   -1   - |     6.973428639 |   10969   26645 |   5.90e-10
    2 |     13.583 |     5   -2   + |    20.174567049 |   62971   63143 |   5.60e-11
    3 |     21.147 |    47   -3   - |    25.000208129 |   48635   12274 |   1.91e-10
    4 |      21.76 |    42   -2   + |    20.319216806 |    8344   18765 |   4.49e-11
    5 |     24.287 |    43   -3   - |    25.003491381 |   10173   56336 |   2.80e-10
    6 |     25.066 |     8   -3   + |    29.285452495 |   17483     259 |   8.79e-11
    7 |     30.344 |    45   -4   - |    34.066515330 |   38602   10977 |   1.27e-11
    8 |     30.895 |    44   -3   + |    29.385692940 |    6051   12715 |   1.95e-10
    9 |     32.787 |    45   -4   - |    34.066515330 |    5841   15527 |   1.25e-10
   10 |     33.596 |    50   -3   + |    29.390313030 |   51280    5737 |   1.34e-10
  -> CHAINE COMPLETE : toutes les 10 cibles restantes atteintes.

--- depart l=142 : b1[142] = (t=36,k=-2,sg=+) = 20.313098289 | chaine atteint n_l = 10 etape(s) ---
etape |   cible x0 |     t    k  sg |               b |      N1      N2 |     erreur
    0 |   (depart) |    36   -2   + |    20.313098289 |                 |           
    1 |     13.507 |     1   -1   - |     7.288759566 |   51736   56627 |   2.65e-10
    2 |     13.583 |     4   -2   + |    20.148598496 |   47689   45718 |   1.14e-10
    3 |     21.147 |    45   -3   - |    25.001795047 |   58706   15205 |   6.79e-11
    4 |      21.76 |    49   -2   + |    20.324882069 |   10977   24796 |   7.76e-12
    5 |     24.287 |    44   -3   - |    25.002628762 |   10409   57630 |   1.14e-11
    6 |     25.066 |     4   -3   + |    29.213318780 |   59293     906 |   8.84e-11
    7 |     30.344 |    47   -4   - |    34.064928413 |   61513   18692 |   1.17e-10
    8 |     30.895 |    49   -3   + |    29.389602352 |   18324   38585 |   3.20e-11
    9 |     32.787 |    44   -4   - |    34.067349046 |   23001   61033 |   1.69e-11
   10 |     33.596 |    41   -3   + |    29.383011391 |   15463    1730 |   1.43e-10
  -> CHAINE COMPLETE : toutes les 10 cibles restantes atteintes.

--- depart l=143 : b1[143] = (t=36,k=-3,sg=-) = 25.010503129 | chaine atteint n_l = 10 etape(s) ---
etape |   cible x0 |     t    k  sg |               b |      N1      N2 |     erreur
    0 |   (depart) |    36   -3   - |    25.010503129 |                 |           
    1 |     13.507 |    41   -1   + |    11.253570823 |    5749   29348 |   4.15e-10
    2 |     13.583 |    47   -2   - |    15.935487846 |   65396   64755 |   5.90e-11
    3 |     21.147 |     2   -3   + |    29.111880423 |   60595   39648 |   2.85e-10
    4 |      21.76 |     8   -2   - |    16.038148923 |   13153   16900 |   2.92e-10
    5 |     24.287 |     1   -3   + |    28.970121569 |   31425   55352 |   3.34e-10
    6 |     25.066 |    17   -3   - |    25.048031726 |     201   43673 |   5.95e-11
    7 |     30.344 |     7   -4   + |    38.338130698 |   53689   35568 |   1.17e-10
    8 |     30.895 |    10   -3   - |    25.084444446 |   16461   21086 |   5.22e-11
    9 |     32.787 |     6   -4   + |    38.323200891 |   15852   22055 |   6.84e-11
   10 |     33.596 |     1   -3   - |    25.418200133 |   40306   23299 |   2.41e-10
  -> CHAINE COMPLETE : toutes les 10 cibles restantes atteintes.

--- depart l=144 : b1[144] = (t=36,k=-2,sg=-) = 15.945782846 | chaine atteint n_l = 10 etape(s) ---
etape |   cible x0 |     t    k  sg |               b |      N1      N2 |     erreur
    0 |   (depart) |    36   -2   - |    15.945782846 |                 |           
    1 |     13.507 |    48   -1   + |    11.259429022 |   27705   30062 |   7.06e-11
    2 |     13.583 |    43   -2   - |    15.938771097 |   63430   62563 |   3.29e-11
    3 |     21.147 |     8   -3   + |    29.285452495 |   14537    9303 |   1.15e-10
    4 |      21.76 |    10   -2   - |    16.019724162 |   10399   13633 |   3.27e-11
    5 |     24.287 |     8   -3   + |    29.285452495 |   24174   39983 |   1.35e-10
    6 |     25.066 |    19   -3   - |    25.041544537 |     373   64356 |   1.72e-10
    7 |     30.344 |     1   -4   + |    38.034841852 |   52420   36141 |   1.78e-10
    8 |     30.895 |     7   -3   - |    25.114911288 |   20319   25099 |   2.16e-10
    9 |     32.787 |     7   -4   + |    38.338130698 |   40361   55782 |   7.17e-10
   10 |     33.596 |     1   -3   - |    25.418200133 |   55165   31989 |   5.02e-11
  -> CHAINE COMPLETE : toutes les 10 cibles restantes atteintes.

--- depart l=145 : b1[145] = (t=37,k=-3,sg=+) = 29.378940777 | chaine atteint n_l = 10 etape(s) ---
etape |   cible x0 |     t    k  sg |               b |      N1      N2 |     erreur
    0 |   (depart) |    37   -3   + |    29.378940777 |                 |           
    1 |     13.507 |     1   -1   - |     7.288759566 |   16082   41049 |   1.20e-11
    2 |     13.583 |     4   -2   + |    20.148598496 |   47689   45718 |   1.14e-10
    3 |     21.147 |    45   -3   - |    25.001795047 |   58706   15205 |   6.79e-11
    4 |      21.76 |    49   -2   + |    20.324882069 |   10977   24796 |   7.76e-12
    5 |     24.287 |    44   -3   - |    25.002628762 |   10409   57630 |   1.14e-11
    6 |     25.066 |     4   -3   + |    29.213318780 |   59293     906 |   8.84e-11
    7 |     30.344 |    47   -4   - |    34.064928413 |   61513   18692 |   1.17e-10
    8 |     30.895 |    49   -3   + |    29.389602352 |   18324   38585 |   3.20e-11
    9 |     32.787 |    44   -4   - |    34.067349046 |   23001   61033 |   1.69e-11
   10 |     33.596 |    41   -3   + |    29.383011391 |   15463    1730 |   1.43e-10
  -> CHAINE COMPLETE : toutes les 10 cibles restantes atteintes.

--- depart l=146 : b1[146] = (t=37,k=-2,sg=+) = 20.314220493 | chaine atteint n_l = 10 etape(s) ---
etape |   cible x0 |     t    k  sg |               b |      N1      N2 |     erreur
    0 |   (depart) |    37   -2   + |    20.314220493 |                 |           
    1 |     13.507 |     5   -1   - |     7.019593802 |    3631    3810 |   3.22e-10
    2 |     13.583 |     1   -2   + |    19.905401285 |   37750   39189 |   1.07e-10
    3 |     21.147 |    46   -3   - |    25.000988656 |   47939   15444 |   7.89e-12
    4 |      21.76 |    45   -2   + |    20.321806372 |   12808   28863 |   2.15e-10
    5 |     24.287 |    48   -3   - |    24.999452113 |    5232   29119 |   1.18e-10
    6 |     25.066 |     1   -3   + |    28.970121569 |   61541    1049 |   1.66e-10
    7 |     30.344 |    48   -4   - |    34.064172396 |   54061   19965 |   1.22e-10
    8 |     30.895 |    44   -3   + |    29.385692940 |   21884   45951 |   1.04e-10
    9 |     32.787 |    45   -4   - |    34.066515330 |    5841   15527 |   1.25e-10
   10 |     33.596 |    50   -3   + |    29.390313030 |   51280    5737 |   1.34e-10
  -> CHAINE COMPLETE : toutes les 10 cibles restantes atteintes.

--- depart l=147 : b1[147] = (t=37,k=-3,sg=-) = 25.009380925 | chaine atteint n_l = 10 etape(s) ---
etape |   cible x0 |     t    k  sg |               b |      N1      N2 |     erreur
    0 |   (depart) |    37   -3   - |    25.009380925 |                 |           
    1 |     13.507 |    46   -1   + |    11.257892479 |    8783   44918 |   3.13e-10
    2 |     13.583 |    47   -2   - |    15.935487846 |    3179    3142 |   3.28e-11
    3 |     21.147 |     2   -3   + |    29.111880423 |   60595   39648 |   2.85e-10
    4 |      21.76 |     8   -2   - |    16.038148923 |   13153   16900 |   2.92e-10
    5 |     24.287 |     1   -3   + |    28.970121569 |   31425   55352 |   3.34e-10
    6 |     25.066 |    17   -3   - |    25.048031726 |     201   43673 |   5.95e-11
    7 |     30.344 |     7   -4   + |    38.338130698 |   53689   35568 |   1.17e-10
    8 |     30.895 |    10   -3   - |    25.084444446 |   16461   21086 |   5.22e-11
    9 |     32.787 |     6   -4   + |    38.323200891 |   15852   22055 |   6.84e-11
   10 |     33.596 |     1   -3   - |    25.418200133 |   40306   23299 |   2.41e-10
  -> CHAINE COMPLETE : toutes les 10 cibles restantes atteintes.

--- depart l=148 : b1[148] = (t=37,k=-2,sg=-) = 15.944660641 | chaine atteint n_l = 10 etape(s) ---
etape |   cible x0 |     t    k  sg |               b |      N1      N2 |     erreur
    0 |   (depart) |    37   -2   - |    15.944660641 |                 |           
    1 |     13.507 |    50   -1   + |    11.260872462 |   24451   26536 |   5.77e-11
    2 |     13.583 |    43   -2   - |    15.938771097 |   16315   16082 |   4.56e-11
    3 |     21.147 |     8   -3   + |    29.285452495 |   14537    9303 |   1.15e-10
    4 |      21.76 |    10   -2   - |    16.019724162 |   10399   13633 |   3.27e-11
    5 |     24.287 |     8   -3   + |    29.285452495 |   24174   39983 |   1.35e-10
    6 |     25.066 |    19   -3   - |    25.041544537 |     373   64356 |   1.72e-10
    7 |     30.344 |     1   -4   + |    38.034841852 |   52420   36141 |   1.78e-10
    8 |     30.895 |     7   -3   - |    25.114911288 |   20319   25099 |   2.16e-10
    9 |     32.787 |     7   -4   + |    38.338130698 |   40361   55782 |   7.17e-10
   10 |     33.596 |     1   -3   - |    25.418200133 |   55165   31989 |   5.02e-11
  -> CHAINE COMPLETE : toutes les 10 cibles restantes atteintes.

--- depart l=149 : b1[149] = (t=38,k=-3,sg=+) = 29.380018410 | chaine atteint n_l = 10 etape(s) ---
etape |   cible x0 |     t    k  sg |               b |      N1      N2 |     erreur
    0 |   (depart) |    38   -3   + |    29.380018410 |                 |           
    1 |     13.507 |     4   -1   - |     7.045562355 |   10248   25175 |   1.39e-09
    2 |     13.583 |     8   -2   + |    20.220732211 |   21774   21445 |   2.02e-10
    3 |     21.147 |    47   -3   - |    25.000208129 |   53817   12937 |   8.44e-11
    4 |      21.76 |    42   -2   + |    20.319216806 |    8344   18765 |   4.49e-11
    5 |     24.287 |    43   -3   - |    25.003491381 |   10173   56336 |   2.80e-10
    6 |     25.066 |     8   -3   + |    29.285452495 |   17483     259 |   8.79e-11
    7 |     30.344 |    45   -4   - |    34.066515330 |   38602   10977 |   1.27e-11
    8 |     30.895 |    44   -3   + |    29.385692940 |    6051   12715 |   1.95e-10
    9 |     32.787 |    45   -4   - |    34.066515330 |    5841   15527 |   1.25e-10
   10 |     33.596 |    50   -3   + |    29.390313030 |   51280    5737 |   1.34e-10
  -> CHAINE COMPLETE : toutes les 10 cibles restantes atteintes.

--- depart l=150 : b1[150] = (t=38,k=-2,sg=+) = 20.315298126 | chaine atteint n_l = 10 etape(s) ---
etape |   cible x0 |     t    k  sg |               b |      N1      N2 |     erreur
    0 |   (depart) |    38   -2   + |    20.315298126 |                 |           
    1 |     13.507 |     6   -1   - |     7.000400527 |   43586   45607 |   1.18e-10
    2 |     13.583 |     5   -2   + |    20.174567049 |   33077   33032 |   7.76e-11
    3 |     21.147 |    47   -3   - |    25.000208129 |   48635   12274 |   1.91e-10
    4 |      21.76 |    42   -2   + |    20.319216806 |    8344   18765 |   4.49e-11
    5 |     24.287 |    43   -3   - |    25.003491381 |   10173   56336 |   2.80e-10
    6 |     25.066 |     8   -3   + |    29.285452495 |   17483     259 |   8.79e-11
    7 |     30.344 |    45   -4   - |    34.066515330 |   38602   10977 |   1.27e-11
    8 |     30.895 |    44   -3   + |    29.385692940 |    6051   12715 |   1.95e-10
    9 |     32.787 |    45   -4   - |    34.066515330 |    5841   15527 |   1.25e-10
   10 |     33.596 |    50   -3   + |    29.390313030 |   51280    5737 |   1.34e-10
  -> CHAINE COMPLETE : toutes les 10 cibles restantes atteintes.

--- depart l=151 : b1[151] = (t=38,k=-3,sg=-) = 25.008303292 | chaine atteint n_l = 10 etape(s) ---
etape |   cible x0 |     t    k  sg |               b |      N1      N2 |     erreur
    0 |   (depart) |    38   -3   - |    25.008303292 |                 |           
    1 |     13.507 |    42   -1   + |    11.254496523 |   12065   61604 |   1.19e-10
    2 |     13.583 |    49   -2   - |    15.933999066 |   61556   60967 |   1.79e-11
    3 |     21.147 |     8   -3   + |    29.285452495 |   30913   19801 |   2.82e-10
    4 |      21.76 |    10   -2   - |    16.019724162 |   10399   13633 |   3.27e-11
    5 |     24.287 |     8   -3   + |    29.285452495 |   24174   39983 |   1.35e-10
    6 |     25.066 |    19   -3   - |    25.041544537 |     373   64356 |   1.72e-10
    7 |     30.344 |     1   -4   + |    38.034841852 |   52420   36141 |   1.78e-10
    8 |     30.895 |     7   -3   - |    25.114911288 |   20319   25099 |   2.16e-10
    9 |     32.787 |     7   -4   + |    38.338130698 |   40361   55782 |   7.17e-10
   10 |     33.596 |     1   -3   - |    25.418200133 |   55165   31989 |   5.02e-11
  -> CHAINE COMPLETE : toutes les 10 cibles restantes atteintes.

--- depart l=152 : b1[152] = (t=38,k=-2,sg=-) = 15.943583008 | chaine atteint n_l = 10 etape(s) ---
etape |   cible x0 |     t    k  sg |               b |      N1      N2 |     erreur
    0 |   (depart) |    38   -2   - |    15.943583008 |                 |           
    1 |     13.507 |    44   -1   + |    11.256252373 |   20093   21752 |   1.07e-10
    2 |     13.583 |    41   -2   - |    15.940590028 |   61687   60880 |   4.66e-11
    3 |     21.147 |     8   -3   + |    29.285452495 |   51503   32948 |   1.19e-11
    4 |      21.76 |    10   -2   - |    16.019724162 |   10399   13633 |   3.27e-11
    5 |     24.287 |     8   -3   + |    29.285452495 |   24174   39983 |   1.35e-10
    6 |     25.066 |    19   -3   - |    25.041544537 |     373   64356 |   1.72e-10
    7 |     30.344 |     1   -4   + |    38.034841852 |   52420   36141 |   1.78e-10
    8 |     30.895 |     7   -3   - |    25.114911288 |   20319   25099 |   2.16e-10
    9 |     32.787 |     7   -4   + |    38.338130698 |   40361   55782 |   7.17e-10
   10 |     33.596 |     1   -3   - |    25.418200133 |   55165   31989 |   5.02e-11
  -> CHAINE COMPLETE : toutes les 10 cibles restantes atteintes.

--- depart l=153 : b1[153] = (t=39,k=-3,sg=+) = 29.381054347 | chaine atteint n_l = 10 etape(s) ---
etape |   cible x0 |     t    k  sg |               b |      N1      N2 |     erreur
    0 |   (depart) |    39   -3   + |    29.381054347 |                 |           
    1 |     13.507 |     5   -1   - |     7.019593802 |    9897   24217 |   5.76e-10
    2 |     13.583 |     1   -2   + |    19.905401285 |   37750   39189 |   1.07e-10
    3 |     21.147 |    46   -3   - |    25.000988656 |   47939   15444 |   7.89e-12
    4 |      21.76 |    45   -2   + |    20.321806372 |   12808   28863 |   2.15e-10
    5 |     24.287 |    48   -3   - |    24.999452113 |    5232   29119 |   1.18e-10
    6 |     25.066 |     1   -3   + |    28.970121569 |   61541    1049 |   1.66e-10
    7 |     30.344 |    48   -4   - |    34.064172396 |   54061   19965 |   1.22e-10
    8 |     30.895 |    44   -3   + |    29.385692940 |   21884   45951 |   1.04e-10
    9 |     32.787 |    45   -4   - |    34.066515330 |    5841   15527 |   1.25e-10
   10 |     33.596 |    50   -3   + |    29.390313030 |   51280    5737 |   1.34e-10
  -> CHAINE COMPLETE : toutes les 10 cibles restantes atteintes.

--- depart l=154 : b1[154] = (t=39,k=-2,sg=+) = 20.316334063 | chaine atteint n_l = 10 etape(s) ---
etape |   cible x0 |     t    k  sg |               b |      N1      N2 |     erreur
    0 |   (depart) |    39   -2   + |    20.316334063 |                 |           
    1 |     13.507 |     3   -1   - |     7.083538425 |   54451   57722 |   4.89e-11
    2 |     13.583 |     8   -2   + |    20.220732211 |   62647   61342 |   1.52e-11
    3 |     21.147 |    47   -3   - |    25.000208129 |   53817   12937 |   8.44e-11
    4 |      21.76 |    42   -2   + |    20.319216806 |    8344   18765 |   4.49e-11
    5 |     24.287 |    43   -3   - |    25.003491381 |   10173   56336 |   2.80e-10
    6 |     25.066 |     8   -3   + |    29.285452495 |   17483     259 |   8.79e-11
    7 |     30.344 |    45   -4   - |    34.066515330 |   38602   10977 |   1.27e-11
    8 |     30.895 |    44   -3   + |    29.385692940 |    6051   12715 |   1.95e-10
    9 |     32.787 |    45   -4   - |    34.066515330 |    5841   15527 |   1.25e-10
   10 |     33.596 |    50   -3   + |    29.390313030 |   51280    5737 |   1.34e-10
  -> CHAINE COMPLETE : toutes les 10 cibles restantes atteintes.

--- depart l=155 : b1[155] = (t=39,k=-3,sg=-) = 25.007267355 | chaine atteint n_l = 10 etape(s) ---
etape |   cible x0 |     t    k  sg |               b |      N1      N2 |     erreur
    0 |   (depart) |    39   -3   - |    25.007267355 |                 |           
    1 |     13.507 |    47   -1   + |    11.258673005 |   11275   57672 |   6.54e-11
    2 |     13.583 |    48   -2   - |    15.934731829 |   48571   48005 |   6.27e-11
    3 |     21.147 |     9   -3   + |    29.295431860 |   44084   28199 |   2.91e-10
    4 |      21.76 |     1   -2   - |    16.353479850 |   34721   48393 |   1.09e-10
    5 |     24.287 |    10   -3   + |    29.303877256 |   39101   61833 |   1.57e-10
    6 |     25.066 |    15   -3   - |    25.055774887 |     142   58853 |   7.98e-11
    7 |     30.344 |     3   -4   + |    38.240062994 |   62146   41621 |   9.87e-12
    8 |     30.895 |     6   -3   - |    25.129841095 |   40406   51479 |   4.38e-10
    9 |     32.787 |     1   -4   + |    38.034841852 |   38490   56161 |   3.74e-11
   10 |     33.596 |     1   -3   - |    25.418200133 |   20518   11137 |   2.80e-10
  -> CHAINE COMPLETE : toutes les 10 cibles restantes atteintes.

--- depart l=156 : b1[156] = (t=39,k=-2,sg=-) = 15.942547072 | chaine atteint n_l = 10 etape(s) ---
etape |   cible x0 |     t    k  sg |               b |      N1      N2 |     erreur
    0 |   (depart) |    39   -2   - |    15.942547072 |                 |           
    1 |     13.507 |    49   -1   + |    11.260161785 |   45018   48799 |   1.10e-10
    2 |     13.583 |    41   -2   - |    15.940590028 |   59225   58352 |   3.16e-12
    3 |     21.147 |     8   -3   + |    29.285452495 |   51503   32948 |   1.19e-11
    4 |      21.76 |    10   -2   - |    16.019724162 |   10399   13633 |   3.27e-11
    5 |     24.287 |     8   -3   + |    29.285452495 |   24174   39983 |   1.35e-10
    6 |     25.066 |    19   -3   - |    25.041544537 |     373   64356 |   1.72e-10
    7 |     30.344 |     1   -4   + |    38.034841852 |   52420   36141 |   1.78e-10
    8 |     30.895 |     7   -3   - |    25.114911288 |   20319   25099 |   2.16e-10
    9 |     32.787 |     7   -4   + |    38.338130698 |   40361   55782 |   7.17e-10
   10 |     33.596 |     1   -3   - |    25.418200133 |   55165   31989 |   5.02e-11
  -> CHAINE COMPLETE : toutes les 10 cibles restantes atteintes.

--- depart l=157 : b1[157] = (t=40,k=-3,sg=+) = 29.382051208 | chaine atteint n_l = 10 etape(s) ---
etape |   cible x0 |     t    k  sg |               b |      N1      N2 |     erreur
    0 |   (depart) |    40   -3   + |    29.382051208 |                 |           
    1 |     13.507 |     3   -1   - |     7.083538425 |   20729   51230 |   2.63e-10
    2 |     13.583 |     8   -2   + |    20.220732211 |   62647   61342 |   1.52e-11
    3 |     21.147 |    47   -3   - |    25.000208129 |   53817   12937 |   8.44e-11
    4 |      21.76 |    42   -2   + |    20.319216806 |    8344   18765 |   4.49e-11
    5 |     24.287 |    43   -3   - |    25.003491381 |   10173   56336 |   2.80e-10
    6 |     25.066 |     8   -3   + |    29.285452495 |   17483     259 |   8.79e-11
    7 |     30.344 |    45   -4   - |    34.066515330 |   38602   10977 |   1.27e-11
    8 |     30.895 |    44   -3   + |    29.385692940 |    6051   12715 |   1.95e-10
    9 |     32.787 |    45   -4   - |    34.066515330 |    5841   15527 |   1.25e-10
   10 |     33.596 |    50   -3   + |    29.390313030 |   51280    5737 |   1.34e-10
  -> CHAINE COMPLETE : toutes les 10 cibles restantes atteintes.

--- depart l=158 : b1[158] = (t=40,k=-2,sg=+) = 20.317330924 | chaine atteint n_l = 10 etape(s) ---
etape |   cible x0 |     t    k  sg |               b |      N1      N2 |     erreur
    0 |   (depart) |    40   -2   + |    20.317330924 |                 |           
    1 |     13.507 |     7   -1   - |     6.985470721 |   51079   53341 |   1.73e-11
    2 |     13.583 |     1   -2   + |    19.905401285 |   41065   42852 |   1.31e-11
    3 |     21.147 |    46   -3   - |    25.000988656 |   47939   15444 |   7.89e-12
    4 |      21.76 |    45   -2   + |    20.321806372 |   12808   28863 |   2.15e-10
    5 |     24.287 |    48   -3   - |    24.999452113 |    5232   29119 |   1.18e-10
    6 |     25.066 |     1   -3   + |    28.970121569 |   61541    1049 |   1.66e-10
    7 |     30.344 |    48   -4   - |    34.064172396 |   54061   19965 |   1.22e-10
    8 |     30.895 |    44   -3   + |    29.385692940 |   21884   45951 |   1.04e-10
    9 |     32.787 |    45   -4   - |    34.066515330 |    5841   15527 |   1.25e-10
   10 |     33.596 |    50   -3   + |    29.390313030 |   51280    5737 |   1.34e-10
  -> CHAINE COMPLETE : toutes les 10 cibles restantes atteintes.

--- depart l=159 : b1[159] = (t=40,k=-3,sg=-) = 25.006270494 | chaine atteint n_l = 10 etape(s) ---
etape |   cible x0 |     t    k  sg |               b |      N1      N2 |     erreur
    0 |   (depart) |    40   -3   - |    25.006270494 |                 |           
    1 |     13.507 |    44   -1   + |    11.256252373 |   10936   55873 |   8.96e-10
    2 |     13.583 |    41   -2   - |    15.940590028 |   61687   60880 |   4.66e-11
    3 |     21.147 |     8   -3   + |    29.285452495 |   51503   32948 |   1.19e-11
    4 |      21.76 |    10   -2   - |    16.019724162 |   10399   13633 |   3.27e-11
    5 |     24.287 |     8   -3   + |    29.285452495 |   24174   39983 |   1.35e-10
    6 |     25.066 |    19   -3   - |    25.041544537 |     373   64356 |   1.72e-10
    7 |     30.344 |     1   -4   + |    38.034841852 |   52420   36141 |   1.78e-10
    8 |     30.895 |     7   -3   - |    25.114911288 |   20319   25099 |   2.16e-10
    9 |     32.787 |     7   -4   + |    38.338130698 |   40361   55782 |   7.17e-10
   10 |     33.596 |     1   -3   - |    25.418200133 |   55165   31989 |   5.02e-11
  -> CHAINE COMPLETE : toutes les 10 cibles restantes atteintes.

--- depart l=160 : b1[160] = (t=40,k=-2,sg=-) = 15.941550210 | chaine atteint n_l = 10 etape(s) ---
etape |   cible x0 |     t    k  sg |               b |      N1      N2 |     erreur
    0 |   (depart) |    40   -2   - |    15.941550210 |                 |           
    1 |     13.507 |    49   -1   + |    11.260161785 |   35047   37975 |   4.76e-11
    2 |     13.583 |    41   -2   - |    15.940590028 |   59225   58352 |   3.16e-12
    3 |     21.147 |     8   -3   + |    29.285452495 |   51503   32948 |   1.19e-11
    4 |      21.76 |    10   -2   - |    16.019724162 |   10399   13633 |   3.27e-11
    5 |     24.287 |     8   -3   + |    29.285452495 |   24174   39983 |   1.35e-10
    6 |     25.066 |    19   -3   - |    25.041544537 |     373   64356 |   1.72e-10
    7 |     30.344 |     1   -4   + |    38.034841852 |   52420   36141 |   1.78e-10
    8 |     30.895 |     7   -3   - |    25.114911288 |   20319   25099 |   2.16e-10
    9 |     32.787 |     7   -4   + |    38.338130698 |   40361   55782 |   7.17e-10
   10 |     33.596 |     1   -3   - |    25.418200133 |   55165   31989 |   5.02e-11
  -> CHAINE COMPLETE : toutes les 10 cibles restantes atteintes.

--- depart l=161 : b1[161] = (t=41,k=-3,sg=+) = 29.383011391 | chaine atteint n_l = 10 etape(s) ---
etape |   cible x0 |     t    k  sg |               b |      N1      N2 |     erreur
    0 |   (depart) |    41   -3   + |    29.383011391 |                 |           
    1 |     13.507 |    10   -1   - |     6.955003878 |   12123   29375 |   4.60e-10
    2 |     13.583 |    10   -2   + |    20.239156973 |   13709   13651 |   5.30e-11
    3 |     21.147 |    45   -3   - |    25.001795047 |   55297   13023 |   2.70e-11
    4 |      21.76 |    49   -2   + |    20.324882069 |   10977   24796 |   7.76e-12
    5 |     24.287 |    44   -3   - |    25.002628762 |   10409   57630 |   1.14e-11
    6 |     25.066 |     4   -3   + |    29.213318780 |   59293     906 |   8.84e-11
    7 |     30.344 |    47   -4   - |    34.064928413 |   61513   18692 |   1.17e-10
    8 |     30.895 |    49   -3   + |    29.389602352 |   18324   38585 |   3.20e-11
    9 |     32.787 |    44   -4   - |    34.067349046 |   23001   61033 |   1.69e-11
   10 |     33.596 |    41   -3   + |    29.383011391 |   15463    1730 |   1.43e-10
  -> CHAINE COMPLETE : toutes les 10 cibles restantes atteintes.

--- depart l=162 : b1[162] = (t=41,k=-2,sg=+) = 20.318291107 | chaine atteint n_l = 10 etape(s) ---
etape |   cible x0 |     t    k  sg |               b |      N1      N2 |     erreur
    0 |   (depart) |    41   -2   + |    20.318291107 |                 |           
    1 |     13.507 |     5   -1   - |     7.019593802 |   60811   63847 |   6.15e-11
    2 |     13.583 |     1   -2   + |    19.905401285 |   37750   39189 |   1.07e-10
    3 |     21.147 |    46   -3   - |    25.000988656 |   47939   15444 |   7.89e-12
    4 |      21.76 |    45   -2   + |    20.321806372 |   12808   28863 |   2.15e-10
    5 |     24.287 |    48   -3   - |    24.999452113 |    5232   29119 |   1.18e-10
    6 |     25.066 |     1   -3   + |    28.970121569 |   61541    1049 |   1.66e-10
    7 |     30.344 |    48   -4   - |    34.064172396 |   54061   19965 |   1.22e-10
    8 |     30.895 |    44   -3   + |    29.385692940 |   21884   45951 |   1.04e-10
    9 |     32.787 |    45   -4   - |    34.066515330 |    5841   15527 |   1.25e-10
   10 |     33.596 |    50   -3   + |    29.390313030 |   51280    5737 |   1.34e-10
  -> CHAINE COMPLETE : toutes les 10 cibles restantes atteintes.

--- depart l=163 : b1[163] = (t=41,k=-3,sg=-) = 25.005310311 | chaine atteint n_l = 10 etape(s) ---
etape |   cible x0 |     t    k  sg |               b |      N1      N2 |     erreur
    0 |   (depart) |    41   -3   - |    25.005310311 |                 |           
    1 |     13.507 |    43   -1   + |    11.255389754 |    6532   33357 |   4.75e-10
    2 |     13.583 |    46   -2   - |    15.936268372 |   45583   45086 |   3.71e-12
    3 |     21.147 |     1   -3   + |    28.970121569 |   13365    8902 |   1.91e-11
    4 |      21.76 |     6   -2   - |    16.065120811 |   26974   34151 |   1.32e-10
    5 |     24.287 |     2   -3   + |    29.111880423 |   29739   50677 |   1.61e-10
    6 |     25.066 |    18   -3   - |    25.044653087 |     100   18953 |   9.94e-11
    7 |     30.344 |     3   -4   + |    38.240062994 |   63443   42579 |   2.51e-11
    8 |     30.895 |     6   -3   - |    25.129841095 |   40406   51479 |   4.38e-10
    9 |     32.787 |     1   -4   + |    38.034841852 |   38490   56161 |   3.74e-11
   10 |     33.596 |     1   -3   - |    25.418200133 |   20518   11137 |   2.80e-10
  -> CHAINE COMPLETE : toutes les 10 cibles restantes atteintes.

--- depart l=164 : b1[164] = (t=41,k=-2,sg=-) = 15.940590028 | chaine atteint n_l = 10 etape(s) ---
etape |   cible x0 |     t    k  sg |               b |      N1      N2 |     erreur
    0 |   (depart) |    41   -2   - |    15.940590028 |                 |           
    1 |     13.507 |    49   -1   + |    11.260161785 |   46741   50626 |   1.77e-11
    2 |     13.583 |    41   -2   - |    15.940590028 |   59225   58352 |   3.16e-12
    3 |     21.147 |     8   -3   + |    29.285452495 |   51503   32948 |   1.19e-11
    4 |      21.76 |    10   -2   - |    16.019724162 |   10399   13633 |   3.27e-11
    5 |     24.287 |     8   -3   + |    29.285452495 |   24174   39983 |   1.35e-10
    6 |     25.066 |    19   -3   - |    25.041544537 |     373   64356 |   1.72e-10
    7 |     30.344 |     1   -4   + |    38.034841852 |   52420   36141 |   1.78e-10
    8 |     30.895 |     7   -3   - |    25.114911288 |   20319   25099 |   2.16e-10
    9 |     32.787 |     7   -4   + |    38.338130698 |   40361   55782 |   7.17e-10
   10 |     33.596 |     1   -3   - |    25.418200133 |   55165   31989 |   5.02e-11
  -> CHAINE COMPLETE : toutes les 10 cibles restantes atteintes.

--- depart l=165 : b1[165] = (t=42,k=-3,sg=+) = 29.383937090 | chaine atteint n_l = 10 etape(s) ---
etape |   cible x0 |     t    k  sg |               b |      N1      N2 |     erreur
    0 |   (depart) |    42   -3   + |    29.383937090 |                 |           
    1 |     13.507 |     3   -1   - |     7.083538425 |   16826   41589 |   1.86e-10
    2 |     13.583 |     8   -2   + |    20.220732211 |   62647   61342 |   1.52e-11
    3 |     21.147 |    47   -3   - |    25.000208129 |   53817   12937 |   8.44e-11
    4 |      21.76 |    42   -2   + |    20.319216806 |    8344   18765 |   4.49e-11
    5 |     24.287 |    43   -3   - |    25.003491381 |   10173   56336 |   2.80e-10
    6 |     25.066 |     8   -3   + |    29.285452495 |   17483     259 |   8.79e-11
    7 |     30.344 |    45   -4   - |    34.066515330 |   38602   10977 |   1.27e-11
    8 |     30.895 |    44   -3   + |    29.385692940 |    6051   12715 |   1.95e-10
    9 |     32.787 |    45   -4   - |    34.066515330 |    5841   15527 |   1.25e-10
   10 |     33.596 |    50   -3   + |    29.390313030 |   51280    5737 |   1.34e-10
  -> CHAINE COMPLETE : toutes les 10 cibles restantes atteintes.

--- depart l=166 : b1[166] = (t=42,k=-2,sg=+) = 20.319216806 | chaine atteint n_l = 10 etape(s) ---
etape |   cible x0 |     t    k  sg |               b |      N1      N2 |     erreur
    0 |   (depart) |    42   -2   + |    20.319216806 |                 |           
    1 |     13.507 |     5   -1   - |     7.019593802 |   44939   47189 |   8.48e-11
    2 |     13.583 |     1   -2   + |    19.905401285 |   37750   39189 |   1.07e-10
    3 |     21.147 |    46   -3   - |    25.000988656 |   47939   15444 |   7.89e-12
    4 |      21.76 |    45   -2   + |    20.321806372 |   12808   28863 |   2.15e-10
    5 |     24.287 |    48   -3   - |    24.999452113 |    5232   29119 |   1.18e-10
    6 |     25.066 |     1   -3   + |    28.970121569 |   61541    1049 |   1.66e-10
    7 |     30.344 |    48   -4   - |    34.064172396 |   54061   19965 |   1.22e-10
    8 |     30.895 |    44   -3   + |    29.385692940 |   21884   45951 |   1.04e-10
    9 |     32.787 |    45   -4   - |    34.066515330 |    5841   15527 |   1.25e-10
   10 |     33.596 |    50   -3   + |    29.390313030 |   51280    5737 |   1.34e-10
  -> CHAINE COMPLETE : toutes les 10 cibles restantes atteintes.

--- depart l=167 : b1[167] = (t=42,k=-3,sg=-) = 25.004384612 | chaine atteint n_l = 10 etape(s) ---
etape |   cible x0 |     t    k  sg |               b |      N1      N2 |     erreur
    0 |   (depart) |    42   -3   - |    25.004384612 |                 |           
    1 |     13.507 |    49   -1   + |    11.260161785 |    6838   34991 |   1.72e-10
    2 |     13.583 |    41   -2   - |    15.940590028 |   59225   58352 |   3.16e-12
    3 |     21.147 |     8   -3   + |    29.285452495 |   51503   32948 |   1.19e-11
    4 |      21.76 |    10   -2   - |    16.019724162 |   10399   13633 |   3.27e-11
    5 |     24.287 |     8   -3   + |    29.285452495 |   24174   39983 |   1.35e-10
    6 |     25.066 |    19   -3   - |    25.041544537 |     373   64356 |   1.72e-10
    7 |     30.344 |     1   -4   + |    38.034841852 |   52420   36141 |   1.78e-10
    8 |     30.895 |     7   -3   - |    25.114911288 |   20319   25099 |   2.16e-10
    9 |     32.787 |     7   -4   + |    38.338130698 |   40361   55782 |   7.17e-10
   10 |     33.596 |     1   -3   - |    25.418200133 |   55165   31989 |   5.02e-11
  -> CHAINE COMPLETE : toutes les 10 cibles restantes atteintes.

--- depart l=168 : b1[168] = (t=42,k=-2,sg=-) = 15.939664328 | chaine atteint n_l = 10 etape(s) ---
etape |   cible x0 |     t    k  sg |               b |      N1      N2 |     erreur
    0 |   (depart) |    42   -2   - |    15.939664328 |                 |           
    1 |     13.507 |    42   -1   + |    11.254496523 |   20567   22212 |   3.13e-11
    2 |     13.583 |    49   -2   - |    15.933999066 |   61556   60967 |   1.79e-11
    3 |     21.147 |     8   -3   + |    29.285452495 |   30913   19801 |   2.82e-10
    4 |      21.76 |    10   -2   - |    16.019724162 |   10399   13633 |   3.27e-11
    5 |     24.287 |     8   -3   + |    29.285452495 |   24174   39983 |   1.35e-10
    6 |     25.066 |    19   -3   - |    25.041544537 |     373   64356 |   1.72e-10
    7 |     30.344 |     1   -4   + |    38.034841852 |   52420   36141 |   1.78e-10
    8 |     30.895 |     7   -3   - |    25.114911288 |   20319   25099 |   2.16e-10
    9 |     32.787 |     7   -4   + |    38.338130698 |   40361   55782 |   7.17e-10
   10 |     33.596 |     1   -3   - |    25.418200133 |   55165   31989 |   5.02e-11
  -> CHAINE COMPLETE : toutes les 10 cibles restantes atteintes.

--- depart l=169 : b1[169] = (t=43,k=-3,sg=+) = 29.384830321 | chaine atteint n_l = 10 etape(s) ---
etape |   cible x0 |     t    k  sg |               b |      N1      N2 |     erreur
    0 |   (depart) |    43   -3   + |    29.384830321 |                 |           
    1 |     13.507 |     5   -1   - |     7.019593802 |   25250   61799 |   7.73e-11
    2 |     13.583 |     1   -2   + |    19.905401285 |   37750   39189 |   1.07e-10
    3 |     21.147 |    46   -3   - |    25.000988656 |   47939   15444 |   7.89e-12
    4 |      21.76 |    45   -2   + |    20.321806372 |   12808   28863 |   2.15e-10
    5 |     24.287 |    48   -3   - |    24.999452113 |    5232   29119 |   1.18e-10
    6 |     25.066 |     1   -3   + |    28.970121569 |   61541    1049 |   1.66e-10
    7 |     30.344 |    48   -4   - |    34.064172396 |   54061   19965 |   1.22e-10
    8 |     30.895 |    44   -3   + |    29.385692940 |   21884   45951 |   1.04e-10
    9 |     32.787 |    45   -4   - |    34.066515330 |    5841   15527 |   1.25e-10
   10 |     33.596 |    50   -3   + |    29.390313030 |   51280    5737 |   1.34e-10
  -> CHAINE COMPLETE : toutes les 10 cibles restantes atteintes.

--- depart l=170 : b1[170] = (t=43,k=-2,sg=+) = 20.320110038 | chaine atteint n_l = 10 etape(s) ---
etape |   cible x0 |     t    k  sg |               b |      N1      N2 |     erreur
    0 |   (depart) |    43   -2   + |    20.320110038 |                 |           
    1 |     13.507 |     7   -1   - |     6.985470721 |   35249   36825 |   9.90e-11
    2 |     13.583 |     1   -2   + |    19.905401285 |   41065   42852 |   1.31e-11
    3 |     21.147 |    46   -3   - |    25.000988656 |   47939   15444 |   7.89e-12
    4 |      21.76 |    45   -2   + |    20.321806372 |   12808   28863 |   2.15e-10
    5 |     24.287 |    48   -3   - |    24.999452113 |    5232   29119 |   1.18e-10
    6 |     25.066 |     1   -3   + |    28.970121569 |   61541    1049 |   1.66e-10
    7 |     30.344 |    48   -4   - |    34.064172396 |   54061   19965 |   1.22e-10
    8 |     30.895 |    44   -3   + |    29.385692940 |   21884   45951 |   1.04e-10
    9 |     32.787 |    45   -4   - |    34.066515330 |    5841   15527 |   1.25e-10
   10 |     33.596 |    50   -3   + |    29.390313030 |   51280    5737 |   1.34e-10
  -> CHAINE COMPLETE : toutes les 10 cibles restantes atteintes.

--- depart l=171 : b1[171] = (t=43,k=-3,sg=-) = 25.003491381 | chaine atteint n_l = 10 etape(s) ---
etape |   cible x0 |     t    k  sg |               b |      N1      N2 |     erreur
    0 |   (depart) |    43   -3   - |    25.003491381 |                 |           
    1 |     13.507 |    44   -1   + |    11.256252373 |    8632   44091 |   7.34e-10
    2 |     13.583 |    41   -2   - |    15.940590028 |   61687   60880 |   4.66e-11
    3 |     21.147 |     8   -3   + |    29.285452495 |   51503   32948 |   1.19e-11
    4 |      21.76 |    10   -2   - |    16.019724162 |   10399   13633 |   3.27e-11
    5 |     24.287 |     8   -3   + |    29.285452495 |   24174   39983 |   1.35e-10
    6 |     25.066 |    19   -3   - |    25.041544537 |     373   64356 |   1.72e-10
    7 |     30.344 |     1   -4   + |    38.034841852 |   52420   36141 |   1.78e-10
    8 |     30.895 |     7   -3   - |    25.114911288 |   20319   25099 |   2.16e-10
    9 |     32.787 |     7   -4   + |    38.338130698 |   40361   55782 |   7.17e-10
   10 |     33.596 |     1   -3   - |    25.418200133 |   55165   31989 |   5.02e-11
  -> CHAINE COMPLETE : toutes les 10 cibles restantes atteintes.

--- depart l=172 : b1[172] = (t=43,k=-2,sg=-) = 15.938771097 | chaine atteint n_l = 10 etape(s) ---
etape |   cible x0 |     t    k  sg |               b |      N1      N2 |     erreur
    0 |   (depart) |    43   -2   - |    15.938771097 |                 |           
    1 |     13.507 |    47   -1   + |    11.258673005 |   60325   65247 |   1.59e-11
    2 |     13.583 |    48   -2   - |    15.934731829 |   48571   48005 |   6.27e-11
    3 |     21.147 |     9   -3   + |    29.295431860 |   44084   28199 |   2.91e-10
    4 |      21.76 |     1   -2   - |    16.353479850 |   34721   48393 |   1.09e-10
    5 |     24.287 |    10   -3   + |    29.303877256 |   39101   61833 |   1.57e-10
    6 |     25.066 |    15   -3   - |    25.055774887 |     142   58853 |   7.98e-11
    7 |     30.344 |     3   -4   + |    38.240062994 |   62146   41621 |   9.87e-12
    8 |     30.895 |     6   -3   - |    25.129841095 |   40406   51479 |   4.38e-10
    9 |     32.787 |     1   -4   + |    38.034841852 |   38490   56161 |   3.74e-11
   10 |     33.596 |     1   -3   - |    25.418200133 |   20518   11137 |   2.80e-10
  -> CHAINE COMPLETE : toutes les 10 cibles restantes atteintes.

--- depart l=173 : b1[173] = (t=44,k=-3,sg=+) = 29.385692940 | chaine atteint n_l = 10 etape(s) ---
etape |   cible x0 |     t    k  sg |               b |      N1      N2 |     erreur
    0 |   (depart) |    44   -3   + |    29.385692940 |                 |           
    1 |     13.507 |     3   -1   - |     7.083538425 |   10369   25632 |   2.20e-10
    2 |     13.583 |     8   -2   + |    20.220732211 |   62647   61342 |   1.52e-11
    3 |     21.147 |    47   -3   - |    25.000208129 |   53817   12937 |   8.44e-11
    4 |      21.76 |    42   -2   + |    20.319216806 |    8344   18765 |   4.49e-11
    5 |     24.287 |    43   -3   - |    25.003491381 |   10173   56336 |   2.80e-10
    6 |     25.066 |     8   -3   + |    29.285452495 |   17483     259 |   8.79e-11
    7 |     30.344 |    45   -4   - |    34.066515330 |   38602   10977 |   1.27e-11
    8 |     30.895 |    44   -3   + |    29.385692940 |    6051   12715 |   1.95e-10
    9 |     32.787 |    45   -4   - |    34.066515330 |    5841   15527 |   1.25e-10
   10 |     33.596 |    50   -3   + |    29.390313030 |   51280    5737 |   1.34e-10
  -> CHAINE COMPLETE : toutes les 10 cibles restantes atteintes.

--- depart l=174 : b1[174] = (t=44,k=-2,sg=+) = 20.320972656 | chaine atteint n_l = 10 etape(s) ---
etape |   cible x0 |     t    k  sg |               b |      N1      N2 |     erreur
    0 |   (depart) |    44   -2   + |    20.320972656 |                 |           
    1 |     13.507 |     2   -1   - |     7.147000711 |    8728    9351 |   2.25e-10
    2 |     13.583 |     9   -2   + |    20.230711577 |   49015   47454 |   2.49e-10
    3 |     21.147 |    49   -3   - |    24.998719350 |   39123    9307 |   5.36e-11
    4 |      21.76 |    50   -2   + |    20.325592746 |   20971   47350 |   3.76e-11
    5 |     24.287 |    43   -3   - |    25.003491381 |    8461   46780 |   5.74e-11
    6 |     25.066 |     8   -3   + |    29.285452495 |   17483     259 |   8.79e-11
    7 |     30.344 |    45   -4   - |    34.066515330 |   38602   10977 |   1.27e-11
    8 |     30.895 |    44   -3   + |    29.385692940 |    6051   12715 |   1.95e-10
    9 |     32.787 |    45   -4   - |    34.066515330 |    5841   15527 |   1.25e-10
   10 |     33.596 |    50   -3   + |    29.390313030 |   51280    5737 |   1.34e-10
  -> CHAINE COMPLETE : toutes les 10 cibles restantes atteintes.

--- depart l=175 : b1[175] = (t=44,k=-3,sg=-) = 25.002628762 | chaine atteint n_l = 10 etape(s) ---
etape |   cible x0 |     t    k  sg |               b |      N1      N2 |     erreur
    0 |   (depart) |    44   -3   - |    25.002628762 |                 |           
    1 |     13.507 |    48   -1   + |    11.259429022 |    8693   44462 |   4.37e-11
    2 |     13.583 |    43   -2   - |    15.938771097 |   63430   62563 |   3.29e-11
    3 |     21.147 |     8   -3   + |    29.285452495 |   14537    9303 |   1.15e-10
    4 |      21.76 |    10   -2   - |    16.019724162 |   10399   13633 |   3.27e-11
    5 |     24.287 |     8   -3   + |    29.285452495 |   24174   39983 |   1.35e-10
    6 |     25.066 |    19   -3   - |    25.041544537 |     373   64356 |   1.72e-10
    7 |     30.344 |     1   -4   + |    38.034841852 |   52420   36141 |   1.78e-10
    8 |     30.895 |     7   -3   - |    25.114911288 |   20319   25099 |   2.16e-10
    9 |     32.787 |     7   -4   + |    38.338130698 |   40361   55782 |   7.17e-10
   10 |     33.596 |     1   -3   - |    25.418200133 |   55165   31989 |   5.02e-11
  -> CHAINE COMPLETE : toutes les 10 cibles restantes atteintes.

--- depart l=176 : b1[176] = (t=44,k=-2,sg=-) = 15.937908478 | chaine atteint n_l = 10 etape(s) ---
etape |   cible x0 |     t    k  sg |               b |      N1      N2 |     erreur
    0 |   (depart) |    44   -2   - |    15.937908478 |                 |           
    1 |     13.507 |    45   -1   + |    11.257086088 |   50954   55053 |   1.59e-11
    2 |     13.583 |    44   -2   - |    15.937908478 |   60833   60084 |   5.89e-11
    3 |     21.147 |     9   -3   + |    29.295431860 |   45428   29041 |   8.94e-11
    4 |      21.76 |     1   -2   - |    16.353479850 |   34721   48393 |   1.09e-10
    5 |     24.287 |    10   -3   + |    29.303877256 |   39101   61833 |   1.57e-10
    6 |     25.066 |    15   -3   - |    25.055774887 |     142   58853 |   7.98e-11
    7 |     30.344 |     3   -4   + |    38.240062994 |   62146   41621 |   9.87e-12
    8 |     30.895 |     6   -3   - |    25.129841095 |   40406   51479 |   4.38e-10
    9 |     32.787 |     1   -4   + |    38.034841852 |   38490   56161 |   3.74e-11
   10 |     33.596 |     1   -3   - |    25.418200133 |   20518   11137 |   2.80e-10
  -> CHAINE COMPLETE : toutes les 10 cibles restantes atteintes.

--- depart l=177 : b1[177] = (t=45,k=-3,sg=+) = 29.386526655 | chaine atteint n_l = 10 etape(s) ---
etape |   cible x0 |     t    k  sg |               b |      N1      N2 |     erreur
    0 |   (depart) |    45   -3   + |    29.386526655 |                 |           
    1 |     13.507 |     7   -1   - |     6.985470721 |   23893   58178 |   5.43e-10
    2 |     13.583 |     1   -2   + |    19.905401285 |   41065   42852 |   1.31e-11
    3 |     21.147 |    46   -3   - |    25.000988656 |   47939   15444 |   7.89e-12
    4 |      21.76 |    45   -2   + |    20.321806372 |   12808   28863 |   2.15e-10
    5 |     24.287 |    48   -3   - |    24.999452113 |    5232   29119 |   1.18e-10
    6 |     25.066 |     1   -3   + |    28.970121569 |   61541    1049 |   1.66e-10
    7 |     30.344 |    48   -4   - |    34.064172396 |   54061   19965 |   1.22e-10
    8 |     30.895 |    44   -3   + |    29.385692940 |   21884   45951 |   1.04e-10
    9 |     32.787 |    45   -4   - |    34.066515330 |    5841   15527 |   1.25e-10
   10 |     33.596 |    50   -3   + |    29.390313030 |   51280    5737 |   1.34e-10
  -> CHAINE COMPLETE : toutes les 10 cibles restantes atteintes.

--- depart l=178 : b1[178] = (t=45,k=-2,sg=+) = 20.321806372 | chaine atteint n_l = 10 etape(s) ---
etape |   cible x0 |     t    k  sg |               b |      N1      N2 |     erreur
    0 |   (depart) |    45   -2   + |    20.321806372 |                 |           
    1 |     13.507 |     3   -1   - |     7.083538425 |   24473   25964 |   2.97e-10
    2 |     13.583 |     8   -2   + |    20.220732211 |   62647   61342 |   1.52e-11
    3 |     21.147 |    47   -3   - |    25.000208129 |   53817   12937 |   8.44e-11
    4 |      21.76 |    42   -2   + |    20.319216806 |    8344   18765 |   4.49e-11
    5 |     24.287 |    43   -3   - |    25.003491381 |   10173   56336 |   2.80e-10
    6 |     25.066 |     8   -3   + |    29.285452495 |   17483     259 |   8.79e-11
    7 |     30.344 |    45   -4   - |    34.066515330 |   38602   10977 |   1.27e-11
    8 |     30.895 |    44   -3   + |    29.385692940 |    6051   12715 |   1.95e-10
    9 |     32.787 |    45   -4   - |    34.066515330 |    5841   15527 |   1.25e-10
   10 |     33.596 |    50   -3   + |    29.390313030 |   51280    5737 |   1.34e-10
  -> CHAINE COMPLETE : toutes les 10 cibles restantes atteintes.

--- depart l=179 : b1[179] = (t=45,k=-3,sg=-) = 25.001795047 | chaine atteint n_l = 10 etape(s) ---
etape |   cible x0 |     t    k  sg |               b |      N1      N2 |     erreur
    0 |   (depart) |    45   -3   - |    25.001795047 |                 |           
    1 |     13.507 |    46   -1   + |    11.257892479 |    8545   43672 |   4.61e-11
    2 |     13.583 |    47   -2   - |    15.935487846 |    3179    3142 |   3.28e-11
    3 |     21.147 |     2   -3   + |    29.111880423 |   60595   39648 |   2.85e-10
    4 |      21.76 |     8   -2   - |    16.038148923 |   13153   16900 |   2.92e-10
    5 |     24.287 |     1   -3   + |    28.970121569 |   31425   55352 |   3.34e-10
    6 |     25.066 |    17   -3   - |    25.048031726 |     201   43673 |   5.95e-11
    7 |     30.344 |     7   -4   + |    38.338130698 |   53689   35568 |   1.17e-10
    8 |     30.895 |    10   -3   - |    25.084444446 |   16461   21086 |   5.22e-11
    9 |     32.787 |     6   -4   + |    38.323200891 |   15852   22055 |   6.84e-11
   10 |     33.596 |     1   -3   - |    25.418200133 |   40306   23299 |   2.41e-10
  -> CHAINE COMPLETE : toutes les 10 cibles restantes atteintes.

--- depart l=180 : b1[180] = (t=45,k=-2,sg=-) = 15.937074763 | chaine atteint n_l = 10 etape(s) ---
etape |   cible x0 |     t    k  sg |               b |      N1      N2 |     erreur
    0 |   (depart) |    45   -2   - |    15.937074763 |                 |           
    1 |     13.507 |    44   -1   + |    11.256252373 |   40427   43648 |   1.21e-10
    2 |     13.583 |    41   -2   - |    15.940590028 |   61687   60880 |   4.66e-11
    3 |     21.147 |     8   -3   + |    29.285452495 |   51503   32948 |   1.19e-11
    4 |      21.76 |    10   -2   - |    16.019724162 |   10399   13633 |   3.27e-11
    5 |     24.287 |     8   -3   + |    29.285452495 |   24174   39983 |   1.35e-10
    6 |     25.066 |    19   -3   - |    25.041544537 |     373   64356 |   1.72e-10
    7 |     30.344 |     1   -4   + |    38.034841852 |   52420   36141 |   1.78e-10
    8 |     30.895 |     7   -3   - |    25.114911288 |   20319   25099 |   2.16e-10
    9 |     32.787 |     7   -4   + |    38.338130698 |   40361   55782 |   7.17e-10
   10 |     33.596 |     1   -3   - |    25.418200133 |   55165   31989 |   5.02e-11
  -> CHAINE COMPLETE : toutes les 10 cibles restantes atteintes.

--- depart l=181 : b1[181] = (t=46,k=-3,sg=+) = 29.387333046 | chaine atteint n_l = 10 etape(s) ---
etape |   cible x0 |     t    k  sg |               b |      N1      N2 |     erreur
    0 |   (depart) |    46   -3   + |    29.387333046 |                 |           
    1 |     13.507 |     4   -1   - |     7.045562355 |   23823   58550 |   3.79e-10
    2 |     13.583 |     8   -2   + |    20.220732211 |   21774   21445 |   2.02e-10
    3 |     21.147 |    47   -3   - |    25.000208129 |   53817   12937 |   8.44e-11
    4 |      21.76 |    42   -2   + |    20.319216806 |    8344   18765 |   4.49e-11
    5 |     24.287 |    43   -3   - |    25.003491381 |   10173   56336 |   2.80e-10
    6 |     25.066 |     8   -3   + |    29.285452495 |   17483     259 |   8.79e-11
    7 |     30.344 |    45   -4   - |    34.066515330 |   38602   10977 |   1.27e-11
    8 |     30.895 |    44   -3   + |    29.385692940 |    6051   12715 |   1.95e-10
    9 |     32.787 |    45   -4   - |    34.066515330 |    5841   15527 |   1.25e-10
   10 |     33.596 |    50   -3   + |    29.390313030 |   51280    5737 |   1.34e-10
  -> CHAINE COMPLETE : toutes les 10 cibles restantes atteintes.

--- depart l=182 : b1[182] = (t=46,k=-2,sg=+) = 20.322612762 | chaine atteint n_l = 10 etape(s) ---
etape |   cible x0 |     t    k  sg |               b |      N1      N2 |     erreur
    0 |   (depart) |    46   -2   + |    20.322612762 |                 |           
    1 |     13.507 |     7   -1   - |     6.985470721 |   15013   15690 |   1.66e-10
    2 |     13.583 |     1   -2   + |    19.905401285 |   41065   42852 |   1.31e-11
    3 |     21.147 |    46   -3   - |    25.000988656 |   47939   15444 |   7.89e-12
    4 |      21.76 |    45   -2   + |    20.321806372 |   12808   28863 |   2.15e-10
    5 |     24.287 |    48   -3   - |    24.999452113 |    5232   29119 |   1.18e-10
    6 |     25.066 |     1   -3   + |    28.970121569 |   61541    1049 |   1.66e-10
    7 |     30.344 |    48   -4   - |    34.064172396 |   54061   19965 |   1.22e-10
    8 |     30.895 |    44   -3   + |    29.385692940 |   21884   45951 |   1.04e-10
    9 |     32.787 |    45   -4   - |    34.066515330 |    5841   15527 |   1.25e-10
   10 |     33.596 |    50   -3   + |    29.390313030 |   51280    5737 |   1.34e-10
  -> CHAINE COMPLETE : toutes les 10 cibles restantes atteintes.

--- depart l=183 : b1[183] = (t=46,k=-3,sg=-) = 25.000988656 | chaine atteint n_l = 10 etape(s) ---
etape |   cible x0 |     t    k  sg |               b |      N1      N2 |     erreur
    0 |   (depart) |    46   -3   - |    25.000988656 |                 |           
    1 |     13.507 |    49   -1   + |    11.260161785 |    7109   36367 |   2.89e-10
    2 |     13.583 |    41   -2   - |    15.940590028 |   59225   58352 |   3.16e-12
    3 |     21.147 |     8   -3   + |    29.285452495 |   51503   32948 |   1.19e-11
    4 |      21.76 |    10   -2   - |    16.019724162 |   10399   13633 |   3.27e-11
    5 |     24.287 |     8   -3   + |    29.285452495 |   24174   39983 |   1.35e-10
    6 |     25.066 |    19   -3   - |    25.041544537 |     373   64356 |   1.72e-10
    7 |     30.344 |     1   -4   + |    38.034841852 |   52420   36141 |   1.78e-10
    8 |     30.895 |     7   -3   - |    25.114911288 |   20319   25099 |   2.16e-10
    9 |     32.787 |     7   -4   + |    38.338130698 |   40361   55782 |   7.17e-10
   10 |     33.596 |     1   -3   - |    25.418200133 |   55165   31989 |   5.02e-11
  -> CHAINE COMPLETE : toutes les 10 cibles restantes atteintes.

--- depart l=184 : b1[184] = (t=46,k=-2,sg=-) = 15.936268372 | chaine atteint n_l = 10 etape(s) ---
etape |   cible x0 |     t    k  sg |               b |      N1      N2 |     erreur
    0 |   (depart) |    46   -2   - |    15.936268372 |                 |           
    1 |     13.507 |    43   -1   + |    11.255389754 |   18263   19704 |   1.11e-11
    2 |     13.583 |    46   -2   - |    15.936268372 |   45583   45086 |   3.71e-12
    3 |     21.147 |     1   -3   + |    28.970121569 |   13365    8902 |   1.91e-11
    4 |      21.76 |     6   -2   - |    16.065120811 |   26974   34151 |   1.32e-10
    5 |     24.287 |     2   -3   + |    29.111880423 |   29739   50677 |   1.61e-10
    6 |     25.066 |    18   -3   - |    25.044653087 |     100   18953 |   9.94e-11
    7 |     30.344 |     3   -4   + |    38.240062994 |   63443   42579 |   2.51e-11
    8 |     30.895 |     6   -3   - |    25.129841095 |   40406   51479 |   4.38e-10
    9 |     32.787 |     1   -4   + |    38.034841852 |   38490   56161 |   3.74e-11
   10 |     33.596 |     1   -3   - |    25.418200133 |   20518   11137 |   2.80e-10
  -> CHAINE COMPLETE : toutes les 10 cibles restantes atteintes.

--- depart l=185 : b1[185] = (t=47,k=-3,sg=+) = 29.388113573 | chaine atteint n_l = 10 etape(s) ---
etape |   cible x0 |     t    k  sg |               b |      N1      N2 |     erreur
    0 |   (depart) |    47   -3   + |    29.388113573 |                 |           
    1 |     13.507 |    10   -1   - |     6.955003878 |   16036   38869 |   5.90e-11
    2 |     13.583 |    10   -2   + |    20.239156973 |   13709   13651 |   5.30e-11
    3 |     21.147 |    45   -3   - |    25.001795047 |   55297   13023 |   2.70e-11
    4 |      21.76 |    49   -2   + |    20.324882069 |   10977   24796 |   7.76e-12
    5 |     24.287 |    44   -3   - |    25.002628762 |   10409   57630 |   1.14e-11
    6 |     25.066 |     4   -3   + |    29.213318780 |   59293     906 |   8.84e-11
    7 |     30.344 |    47   -4   - |    34.064928413 |   61513   18692 |   1.17e-10
    8 |     30.895 |    49   -3   + |    29.389602352 |   18324   38585 |   3.20e-11
    9 |     32.787 |    44   -4   - |    34.067349046 |   23001   61033 |   1.69e-11
   10 |     33.596 |    41   -3   + |    29.383011391 |   15463    1730 |   1.43e-10
  -> CHAINE COMPLETE : toutes les 10 cibles restantes atteintes.

--- depart l=186 : b1[186] = (t=47,k=-2,sg=+) = 20.323393289 | chaine atteint n_l = 10 etape(s) ---
etape |   cible x0 |     t    k  sg |               b |      N1      N2 |     erreur
    0 |   (depart) |    47   -2   + |    20.323393289 |                 |           
    1 |     13.507 |     2   -1   - |     7.147000711 |   48481   51960 |   3.21e-11
    2 |     13.583 |     9   -2   + |    20.230711577 |   49015   47454 |   2.49e-10
    3 |     21.147 |    49   -3   - |    24.998719350 |   39123    9307 |   5.36e-11
    4 |      21.76 |    50   -2   + |    20.325592746 |   20971   47350 |   3.76e-11
    5 |     24.287 |    43   -3   - |    25.003491381 |    8461   46780 |   5.74e-11
    6 |     25.066 |     8   -3   + |    29.285452495 |   17483     259 |   8.79e-11
    7 |     30.344 |    45   -4   - |    34.066515330 |   38602   10977 |   1.27e-11
    8 |     30.895 |    44   -3   + |    29.385692940 |    6051   12715 |   1.95e-10
    9 |     32.787 |    45   -4   - |    34.066515330 |    5841   15527 |   1.25e-10
   10 |     33.596 |    50   -3   + |    29.390313030 |   51280    5737 |   1.34e-10
  -> CHAINE COMPLETE : toutes les 10 cibles restantes atteintes.

--- depart l=187 : b1[187] = (t=47,k=-3,sg=-) = 25.000208129 | chaine atteint n_l = 10 etape(s) ---
etape |   cible x0 |     t    k  sg |               b |      N1      N2 |     erreur
    0 |   (depart) |    47   -3   - |    25.000208129 |                 |           
    1 |     13.507 |    44   -1   + |    11.256252373 |    9991   51018 |   4.93e-10
    2 |     13.583 |    41   -2   - |    15.940590028 |   61687   60880 |   4.66e-11
    3 |     21.147 |     8   -3   + |    29.285452495 |   51503   32948 |   1.19e-11
    4 |      21.76 |    10   -2   - |    16.019724162 |   10399   13633 |   3.27e-11
    5 |     24.287 |     8   -3   + |    29.285452495 |   24174   39983 |   1.35e-10
    6 |     25.066 |    19   -3   - |    25.041544537 |     373   64356 |   1.72e-10
    7 |     30.344 |     1   -4   + |    38.034841852 |   52420   36141 |   1.78e-10
    8 |     30.895 |     7   -3   - |    25.114911288 |   20319   25099 |   2.16e-10
    9 |     32.787 |     7   -4   + |    38.338130698 |   40361   55782 |   7.17e-10
   10 |     33.596 |     1   -3   - |    25.418200133 |   55165   31989 |   5.02e-11
  -> CHAINE COMPLETE : toutes les 10 cibles restantes atteintes.

--- depart l=188 : b1[188] = (t=47,k=-2,sg=-) = 15.935487846 | chaine atteint n_l = 10 etape(s) ---
etape |   cible x0 |     t    k  sg |               b |      N1      N2 |     erreur
    0 |   (depart) |    47   -2   - |    15.935487846 |                 |           
    1 |     13.507 |    49   -1   + |    11.260161785 |   50639   54733 |   1.28e-10
    2 |     13.583 |    41   -2   - |    15.940590028 |   59225   58352 |   3.16e-12
    3 |     21.147 |     8   -3   + |    29.285452495 |   51503   32948 |   1.19e-11
    4 |      21.76 |    10   -2   - |    16.019724162 |   10399   13633 |   3.27e-11
    5 |     24.287 |     8   -3   + |    29.285452495 |   24174   39983 |   1.35e-10
    6 |     25.066 |    19   -3   - |    25.041544537 |     373   64356 |   1.72e-10
    7 |     30.344 |     1   -4   + |    38.034841852 |   52420   36141 |   1.78e-10
    8 |     30.895 |     7   -3   - |    25.114911288 |   20319   25099 |   2.16e-10
    9 |     32.787 |     7   -4   + |    38.338130698 |   40361   55782 |   7.17e-10
   10 |     33.596 |     1   -3   - |    25.418200133 |   55165   31989 |   5.02e-11
  -> CHAINE COMPLETE : toutes les 10 cibles restantes atteintes.

--- depart l=189 : b1[189] = (t=48,k=-3,sg=+) = 29.388869589 | chaine atteint n_l = 10 etape(s) ---
etape |   cible x0 |     t    k  sg |               b |      N1      N2 |     erreur
    0 |   (depart) |    48   -3   + |    29.388869589 |                 |           
    1 |     13.507 |    10   -1   - |     6.955003878 |   15817   38340 |   1.12e-10
    2 |     13.583 |    10   -2   + |    20.239156973 |   13709   13651 |   5.30e-11
    3 |     21.147 |    45   -3   - |    25.001795047 |   55297   13023 |   2.70e-11
    4 |      21.76 |    49   -2   + |    20.324882069 |   10977   24796 |   7.76e-12
    5 |     24.287 |    44   -3   - |    25.002628762 |   10409   57630 |   1.14e-11
    6 |     25.066 |     4   -3   + |    29.213318780 |   59293     906 |   8.84e-11
    7 |     30.344 |    47   -4   - |    34.064928413 |   61513   18692 |   1.17e-10
    8 |     30.895 |    49   -3   + |    29.389602352 |   18324   38585 |   3.20e-11
    9 |     32.787 |    44   -4   - |    34.067349046 |   23001   61033 |   1.69e-11
   10 |     33.596 |    41   -3   + |    29.383011391 |   15463    1730 |   1.43e-10
  -> CHAINE COMPLETE : toutes les 10 cibles restantes atteintes.

--- depart l=190 : b1[190] = (t=48,k=-2,sg=+) = 20.324149306 | chaine atteint n_l = 10 etape(s) ---
etape |   cible x0 |     t    k  sg |               b |      N1      N2 |     erreur
    0 |   (depart) |    48   -2   + |    20.324149306 |                 |           
    1 |     13.507 |    10   -1   - |     6.955003878 |   54832   57051 |   3.28e-11
    2 |     13.583 |    10   -2   + |    20.239156973 |   13709   13651 |   5.30e-11
    3 |     21.147 |    45   -3   - |    25.001795047 |   55297   13023 |   2.70e-11
    4 |      21.76 |    49   -2   + |    20.324882069 |   10977   24796 |   7.76e-12
    5 |     24.287 |    44   -3   - |    25.002628762 |   10409   57630 |   1.14e-11
    6 |     25.066 |     4   -3   + |    29.213318780 |   59293     906 |   8.84e-11
    7 |     30.344 |    47   -4   - |    34.064928413 |   61513   18692 |   1.17e-10
    8 |     30.895 |    49   -3   + |    29.389602352 |   18324   38585 |   3.20e-11
    9 |     32.787 |    44   -4   - |    34.067349046 |   23001   61033 |   1.69e-11
   10 |     33.596 |    41   -3   + |    29.383011391 |   15463    1730 |   1.43e-10
  -> CHAINE COMPLETE : toutes les 10 cibles restantes atteintes.

--- depart l=191 : b1[191] = (t=48,k=-3,sg=-) = 24.999452113 | chaine atteint n_l = 10 etape(s) ---
etape |   cible x0 |     t    k  sg |               b |      N1      N2 |     erreur
    0 |   (depart) |    48   -3   - |    24.999452113 |                 |           
    1 |     13.507 |    47   -1   + |    11.258673005 |   12702   64927 |   5.96e-10
    2 |     13.583 |    48   -2   - |    15.934731829 |   48571   48005 |   6.27e-11
    3 |     21.147 |     9   -3   + |    29.295431860 |   44084   28199 |   2.91e-10
    4 |      21.76 |     1   -2   - |    16.353479850 |   34721   48393 |   1.09e-10
    5 |     24.287 |    10   -3   + |    29.303877256 |   39101   61833 |   1.57e-10
    6 |     25.066 |    15   -3   - |    25.055774887 |     142   58853 |   7.98e-11
    7 |     30.344 |     3   -4   + |    38.240062994 |   62146   41621 |   9.87e-12
    8 |     30.895 |     6   -3   - |    25.129841095 |   40406   51479 |   4.38e-10
    9 |     32.787 |     1   -4   + |    38.034841852 |   38490   56161 |   3.74e-11
   10 |     33.596 |     1   -3   - |    25.418200133 |   20518   11137 |   2.80e-10
  -> CHAINE COMPLETE : toutes les 10 cibles restantes atteintes.

--- depart l=192 : b1[192] = (t=48,k=-2,sg=-) = 15.934731829 | chaine atteint n_l = 10 etape(s) ---
etape |   cible x0 |     t    k  sg |               b |      N1      N2 |     erreur
    0 |   (depart) |    48   -2   - |    15.934731829 |                 |           
    1 |     13.507 |    48   -1   + |    11.259429022 |   42778   46207 |   1.29e-11
    2 |     13.583 |    43   -2   - |    15.938771097 |   63430   62563 |   3.29e-11
    3 |     21.147 |     8   -3   + |    29.285452495 |   14537    9303 |   1.15e-10
    4 |      21.76 |    10   -2   - |    16.019724162 |   10399   13633 |   3.27e-11
    5 |     24.287 |     8   -3   + |    29.285452495 |   24174   39983 |   1.35e-10
    6 |     25.066 |    19   -3   - |    25.041544537 |     373   64356 |   1.72e-10
    7 |     30.344 |     1   -4   + |    38.034841852 |   52420   36141 |   1.78e-10
    8 |     30.895 |     7   -3   - |    25.114911288 |   20319   25099 |   2.16e-10
    9 |     32.787 |     7   -4   + |    38.338130698 |   40361   55782 |   7.17e-10
   10 |     33.596 |     1   -3   - |    25.418200133 |   55165   31989 |   5.02e-11
  -> CHAINE COMPLETE : toutes les 10 cibles restantes atteintes.

--- depart l=193 : b1[193] = (t=49,k=-3,sg=+) = 29.389602352 | chaine atteint n_l = 10 etape(s) ---
etape |   cible x0 |     t    k  sg |               b |      N1      N2 |     erreur
    0 |   (depart) |    49   -3   + |    29.389602352 |                 |           
    1 |     13.507 |     5   -1   - |     7.019593802 |   19390   47471 |   2.58e-12
    2 |     13.583 |     1   -2   + |    19.905401285 |   37750   39189 |   1.07e-10
    3 |     21.147 |    46   -3   - |    25.000988656 |   47939   15444 |   7.89e-12
    4 |      21.76 |    45   -2   + |    20.321806372 |   12808   28863 |   2.15e-10
    5 |     24.287 |    48   -3   - |    24.999452113 |    5232   29119 |   1.18e-10
    6 |     25.066 |     1   -3   + |    28.970121569 |   61541    1049 |   1.66e-10
    7 |     30.344 |    48   -4   - |    34.064172396 |   54061   19965 |   1.22e-10
    8 |     30.895 |    44   -3   + |    29.385692940 |   21884   45951 |   1.04e-10
    9 |     32.787 |    45   -4   - |    34.066515330 |    5841   15527 |   1.25e-10
   10 |     33.596 |    50   -3   + |    29.390313030 |   51280    5737 |   1.34e-10
  -> CHAINE COMPLETE : toutes les 10 cibles restantes atteintes.

--- depart l=194 : b1[194] = (t=49,k=-2,sg=+) = 20.324882069 | chaine atteint n_l = 10 etape(s) ---
etape |   cible x0 |     t    k  sg |               b |      N1      N2 |     erreur
    0 |   (depart) |    49   -2   + |    20.324882069 |                 |           
    1 |     13.507 |     6   -1   - |     7.000400527 |   60701   63605 |   9.31e-11
    2 |     13.583 |     5   -2   + |    20.174567049 |   33077   33032 |   7.76e-11
    3 |     21.147 |    47   -3   - |    25.000208129 |   48635   12274 |   1.91e-10
    4 |      21.76 |    42   -2   + |    20.319216806 |    8344   18765 |   4.49e-11
    5 |     24.287 |    43   -3   - |    25.003491381 |   10173   56336 |   2.80e-10
    6 |     25.066 |     8   -3   + |    29.285452495 |   17483     259 |   8.79e-11
    7 |     30.344 |    45   -4   - |    34.066515330 |   38602   10977 |   1.27e-11
    8 |     30.895 |    44   -3   + |    29.385692940 |    6051   12715 |   1.95e-10
    9 |     32.787 |    45   -4   - |    34.066515330 |    5841   15527 |   1.25e-10
   10 |     33.596 |    50   -3   + |    29.390313030 |   51280    5737 |   1.34e-10
  -> CHAINE COMPLETE : toutes les 10 cibles restantes atteintes.

--- depart l=195 : b1[195] = (t=49,k=-3,sg=-) = 24.998719350 | chaine atteint n_l = 10 etape(s) ---
etape |   cible x0 |     t    k  sg |               b |      N1      N2 |     erreur
    0 |   (depart) |    49   -3   - |    24.998719350 |                 |           
    1 |     13.507 |    49   -1   + |    11.260161785 |   12293   62874 |   3.97e-10
    2 |     13.583 |    41   -2   - |    15.940590028 |   59225   58352 |   3.16e-12
    3 |     21.147 |     8   -3   + |    29.285452495 |   51503   32948 |   1.19e-11
    4 |      21.76 |    10   -2   - |    16.019724162 |   10399   13633 |   3.27e-11
    5 |     24.287 |     8   -3   + |    29.285452495 |   24174   39983 |   1.35e-10
    6 |     25.066 |    19   -3   - |    25.041544537 |     373   64356 |   1.72e-10
    7 |     30.344 |     1   -4   + |    38.034841852 |   52420   36141 |   1.78e-10
    8 |     30.895 |     7   -3   - |    25.114911288 |   20319   25099 |   2.16e-10
    9 |     32.787 |     7   -4   + |    38.338130698 |   40361   55782 |   7.17e-10
   10 |     33.596 |     1   -3   - |    25.418200133 |   55165   31989 |   5.02e-11
  -> CHAINE COMPLETE : toutes les 10 cibles restantes atteintes.

--- depart l=196 : b1[196] = (t=49,k=-2,sg=-) = 15.933999066 | chaine atteint n_l = 10 etape(s) ---
etape |   cible x0 |     t    k  sg |               b |      N1      N2 |     erreur
    0 |   (depart) |    49   -2   - |    15.933999066 |                 |           
    1 |     13.507 |    46   -1   + |    11.257892479 |   28839   31120 |   2.05e-11
    2 |     13.583 |    47   -2   - |    15.935487846 |    3179    3142 |   3.28e-11
    3 |     21.147 |     2   -3   + |    29.111880423 |   60595   39648 |   2.85e-10
    4 |      21.76 |     8   -2   - |    16.038148923 |   13153   16900 |   2.92e-10
    5 |     24.287 |     1   -3   + |    28.970121569 |   31425   55352 |   3.34e-10
    6 |     25.066 |    17   -3   - |    25.048031726 |     201   43673 |   5.95e-11
    7 |     30.344 |     7   -4   + |    38.338130698 |   53689   35568 |   1.17e-10
    8 |     30.895 |    10   -3   - |    25.084444446 |   16461   21086 |   5.22e-11
    9 |     32.787 |     6   -4   + |    38.323200891 |   15852   22055 |   6.84e-11
   10 |     33.596 |     1   -3   - |    25.418200133 |   40306   23299 |   2.41e-10
  -> CHAINE COMPLETE : toutes les 10 cibles restantes atteintes.

--- depart l=197 : b1[197] = (t=50,k=-3,sg=+) = 29.390313030 | chaine atteint n_l = 10 etape(s) ---
etape |   cible x0 |     t    k  sg |               b |      N1      N2 |     erreur
    0 |   (depart) |    50   -3   + |    29.390313030 |                 |           
    1 |     13.507 |     8   -1   - |     6.973428639 |    4647   11297 |   7.21e-10
    2 |     13.583 |     5   -2   + |    20.174567049 |   62971   63143 |   5.60e-11
    3 |     21.147 |    47   -3   - |    25.000208129 |   48635   12274 |   1.91e-10
    4 |      21.76 |    42   -2   + |    20.319216806 |    8344   18765 |   4.49e-11
    5 |     24.287 |    43   -3   - |    25.003491381 |   10173   56336 |   2.80e-10
    6 |     25.066 |     8   -3   + |    29.285452495 |   17483     259 |   8.79e-11
    7 |     30.344 |    45   -4   - |    34.066515330 |   38602   10977 |   1.27e-11
    8 |     30.895 |    44   -3   + |    29.385692940 |    6051   12715 |   1.95e-10
    9 |     32.787 |    45   -4   - |    34.066515330 |    5841   15527 |   1.25e-10
   10 |     33.596 |    50   -3   + |    29.390313030 |   51280    5737 |   1.34e-10
  -> CHAINE COMPLETE : toutes les 10 cibles restantes atteintes.

--- depart l=198 : b1[198] = (t=50,k=-2,sg=+) = 20.325592746 | chaine atteint n_l = 10 etape(s) ---
etape |   cible x0 |     t    k  sg |               b |      N1      N2 |     erreur
    0 |   (depart) |    50   -2   + |    20.325592746 |                 |           
    1 |     13.507 |     4   -1   - |     7.045562355 |   13261   13994 |   6.33e-11
    2 |     13.583 |     8   -2   + |    20.220732211 |   21774   21445 |   2.02e-10
    3 |     21.147 |    47   -3   - |    25.000208129 |   53817   12937 |   8.44e-11
    4 |      21.76 |    42   -2   + |    20.319216806 |    8344   18765 |   4.49e-11
    5 |     24.287 |    43   -3   - |    25.003491381 |   10173   56336 |   2.80e-10
    6 |     25.066 |     8   -3   + |    29.285452495 |   17483     259 |   8.79e-11
    7 |     30.344 |    45   -4   - |    34.066515330 |   38602   10977 |   1.27e-11
    8 |     30.895 |    44   -3   + |    29.385692940 |    6051   12715 |   1.95e-10
    9 |     32.787 |    45   -4   - |    34.066515330 |    5841   15527 |   1.25e-10
   10 |     33.596 |    50   -3   + |    29.390313030 |   51280    5737 |   1.34e-10
  -> CHAINE COMPLETE : toutes les 10 cibles restantes atteintes.

--- depart l=199 : b1[199] = (t=50,k=-3,sg=-) = 24.998008672 | chaine atteint n_l = 10 etape(s) ---
etape |   cible x0 |     t    k  sg |               b |      N1      N2 |     erreur
    0 |   (depart) |    50   -3   - |    24.998008672 |                 |           
    1 |     13.507 |    45   -1   + |    11.257086088 |    8741   44643 |   5.05e-10
    2 |     13.583 |    44   -2   - |    15.937908478 |   60833   60084 |   5.89e-11
    3 |     21.147 |     9   -3   + |    29.295431860 |   45428   29041 |   8.94e-11
    4 |      21.76 |     1   -2   - |    16.353479850 |   34721   48393 |   1.09e-10
    5 |     24.287 |    10   -3   + |    29.303877256 |   39101   61833 |   1.57e-10
    6 |     25.066 |    15   -3   - |    25.055774887 |     142   58853 |   7.98e-11
    7 |     30.344 |     3   -4   + |    38.240062994 |   62146   41621 |   9.87e-12
    8 |     30.895 |     6   -3   - |    25.129841095 |   40406   51479 |   4.38e-10
    9 |     32.787 |     1   -4   + |    38.034841852 |   38490   56161 |   3.74e-11
   10 |     33.596 |     1   -3   - |    25.418200133 |   20518   11137 |   2.80e-10
  -> CHAINE COMPLETE : toutes les 10 cibles restantes atteintes.

--- depart l=200 : b1[200] = (t=50,k=-2,sg=-) = 15.933288389 | chaine atteint n_l = 10 etape(s) ---
etape |   cible x0 |     t    k  sg |               b |      N1      N2 |     erreur
    0 |   (depart) |    50   -2   - |    15.933288389 |                 |           
    1 |     13.507 |    42   -1   + |    11.254496523 |   47737   51420 |   3.25e-13
    2 |     13.583 |    49   -2   - |    15.933999066 |   61556   60967 |   1.79e-11
    3 |     21.147 |     8   -3   + |    29.285452495 |   30913   19801 |   2.82e-10
    4 |      21.76 |    10   -2   - |    16.019724162 |   10399   13633 |   3.27e-11
    5 |     24.287 |     8   -3   + |    29.285452495 |   24174   39983 |   1.35e-10
    6 |     25.066 |    19   -3   - |    25.041544537 |     373   64356 |   1.72e-10
    7 |     30.344 |     1   -4   + |    38.034841852 |   52420   36141 |   1.78e-10
    8 |     30.895 |     7   -3   - |    25.114911288 |   20319   25099 |   2.16e-10
    9 |     32.787 |     7   -4   + |    38.338130698 |   40361   55782 |   7.17e-10
   10 |     33.596 |     1   -3   - |    25.418200133 |   55165   31989 |   5.02e-11
  -> CHAINE COMPLETE : toutes les 10 cibles restantes atteintes.

====================================================================================================
Intervalle [8] ]13.507,13.583[ -> 0 ancrage de depart (VIDE, structurel)


====================================================================================================
Intervalle [9] : intervalle de depart ]x0_1=13.583, x0_2=21.147[  -> 100 ancrages de depart trouves
cibles enchainees (dans l'ordre) : [21.147, 21.76, 24.287, 25.066, 30.344, 30.895, 32.787, 33.596]
====================================================================================================

--- depart l=1 : b1[1] = (t=1,k=-2,sg=+) = 19.905401285 | chaine atteint n_l = 8 etape(s) ---
etape |   cible x0 |     t    k  sg |               b |      N1      N2 |     erreur
    0 |   (depart) |     1   -2   + |    19.905401285 |                 |           
    1 |     21.147 |    46   -3   - |    25.000988656 |   47939   15444 |   7.89e-12
    2 |      21.76 |    45   -2   + |    20.321806372 |   12808   28863 |   2.15e-10
    3 |     24.287 |    48   -3   - |    24.999452113 |    5232   29119 |   1.18e-10
    4 |     25.066 |     1   -3   + |    28.970121569 |   61541    1049 |   1.66e-10
    5 |     30.344 |    48   -4   - |    34.064172396 |   54061   19965 |   1.22e-10
    6 |     30.895 |    44   -3   + |    29.385692940 |   21884   45951 |   1.04e-10
    7 |     32.787 |    45   -4   - |    34.066515330 |    5841   15527 |   1.25e-10
    8 |     33.596 |    50   -3   + |    29.390313030 |   51280    5737 |   1.34e-10
  -> CHAINE COMPLETE : toutes les 8 cibles restantes atteintes.

--- depart l=2 : b1[2] = (t=1,k=-2,sg=-) = 16.353479850 | chaine atteint n_l = 8 etape(s) ---
etape |   cible x0 |     t    k  sg |               b |      N1      N2 |     erreur
    0 |   (depart) |     1   -2   - |    16.353479850 |                 |           
    1 |     21.147 |     8   -3   + |    29.285452495 |   64834   38187 |   9.45e-11
    2 |      21.76 |    10   -2   - |    16.019724162 |   10399   13633 |   3.27e-11
    3 |     24.287 |     8   -3   + |    29.285452495 |   24174   39983 |   1.35e-10
    4 |     25.066 |    19   -3   - |    25.041544537 |     373   64356 |   1.72e-10
    5 |     30.344 |     1   -4   + |    38.034841852 |   52420   36141 |   1.78e-10
    6 |     30.895 |     7   -3   - |    25.114911288 |   20319   25099 |   2.16e-10
    7 |     32.787 |     7   -4   + |    38.338130698 |   40361   55782 |   7.17e-10
    8 |     33.596 |     1   -3   - |    25.418200133 |   55165   31989 |   5.02e-11
  -> CHAINE COMPLETE : toutes les 8 cibles restantes atteintes.

--- depart l=3 : b1[3] = (t=2,k=-2,sg=+) = 20.047160140 | chaine atteint n_l = 8 etape(s) ---
etape |   cible x0 |     t    k  sg |               b |      N1      N2 |     erreur
    0 |   (depart) |     2   -2   + |    20.047160140 |                 |           
    1 |     21.147 |    43   -3   - |    25.003491381 |   30625    8734 |   1.31e-10
    2 |      21.76 |    45   -2   + |    20.321806372 |   25649   57845 |   2.29e-10
    3 |     24.287 |    48   -3   - |    24.999452113 |    5232   29119 |   1.18e-10
    4 |     25.066 |     1   -3   + |    28.970121569 |   61541    1049 |   1.66e-10
    5 |     30.344 |    48   -4   - |    34.064172396 |   54061   19965 |   1.22e-10
    6 |     30.895 |    44   -3   + |    29.385692940 |   21884   45951 |   1.04e-10
    7 |     32.787 |    45   -4   - |    34.066515330 |    5841   15527 |   1.25e-10
    8 |     33.596 |    50   -3   + |    29.390313030 |   51280    5737 |   1.34e-10
  -> CHAINE COMPLETE : toutes les 8 cibles restantes atteintes.

--- depart l=4 : b1[4] = (t=2,k=-2,sg=-) = 16.211720995 | chaine atteint n_l = 8 etape(s) ---
etape |   cible x0 |     t    k  sg |               b |      N1      N2 |     erreur
    0 |   (depart) |     2   -2   - |    16.211720995 |                 |           
    1 |     21.147 |     2   -3   + |    29.111880423 |   61895   38352 |   2.24e-10
    2 |      21.76 |     8   -2   - |    16.038148923 |   13153   16900 |   2.92e-10
    3 |     24.287 |     1   -3   + |    28.970121569 |   31425   55352 |   3.34e-10
    4 |     25.066 |    17   -3   - |    25.048031726 |     201   43673 |   5.95e-11
    5 |     30.344 |     7   -4   + |    38.338130698 |   53689   35568 |   1.17e-10
    6 |     30.895 |    10   -3   - |    25.084444446 |   16461   21086 |   5.22e-11
    7 |     32.787 |     6   -4   + |    38.323200891 |   15852   22055 |   6.84e-11
    8 |     33.596 |     1   -3   - |    25.418200133 |   40306   23299 |   2.41e-10
  -> CHAINE COMPLETE : toutes les 8 cibles restantes atteintes.

--- depart l=5 : b1[5] = (t=3,k=-2,sg=+) = 20.110622426 | chaine atteint n_l = 8 etape(s) ---
etape |   cible x0 |     t    k  sg |               b |      N1      N2 |     erreur
    0 |   (depart) |     3   -2   + |    20.110622426 |                 |           
    1 |     21.147 |    45   -3   - |    25.001795047 |   29410    7907 |   9.84e-11
    2 |      21.76 |    49   -2   + |    20.324882069 |   10977   24796 |   7.76e-12
    3 |     24.287 |    44   -3   - |    25.002628762 |   10409   57630 |   1.14e-11
    4 |     25.066 |     4   -3   + |    29.213318780 |   59293     906 |   8.84e-11
    5 |     30.344 |    47   -4   - |    34.064928413 |   61513   18692 |   1.17e-10
    6 |     30.895 |    49   -3   + |    29.389602352 |   18324   38585 |   3.20e-11
    7 |     32.787 |    44   -4   - |    34.067349046 |   23001   61033 |   1.69e-11
    8 |     33.596 |    41   -3   + |    29.383011391 |   15463    1730 |   1.43e-10
  -> CHAINE COMPLETE : toutes les 8 cibles restantes atteintes.

--- depart l=6 : b1[6] = (t=3,k=-2,sg=-) = 16.148258708 | chaine atteint n_l = 8 etape(s) ---
etape |   cible x0 |     t    k  sg |               b |      N1      N2 |     erreur
    0 |   (depart) |     3   -2   - |    16.148258708 |                 |           
    1 |     21.147 |     4   -3   + |    29.213318780 |   47997   29744 |   4.28e-12
    2 |      21.76 |     2   -2   - |    16.211720995 |   26471   35560 |   3.31e-11
    3 |     24.287 |     1   -3   + |    28.970121569 |   30686   52913 |   8.49e-11
    4 |     25.066 |    17   -3   - |    25.048031726 |     201   43673 |   5.95e-11
    5 |     30.344 |     7   -4   + |    38.338130698 |   53689   35568 |   1.17e-10
    6 |     30.895 |    10   -3   - |    25.084444446 |   16461   21086 |   5.22e-11
    7 |     32.787 |     6   -4   + |    38.323200891 |   15852   22055 |   6.84e-11
    8 |     33.596 |     1   -3   - |    25.418200133 |   40306   23299 |   2.41e-10
  -> CHAINE COMPLETE : toutes les 8 cibles restantes atteintes.

--- depart l=7 : b1[7] = (t=4,k=-2,sg=+) = 20.148598496 | chaine atteint n_l = 8 etape(s) ---
etape |   cible x0 |     t    k  sg |               b |      N1      N2 |     erreur
    0 |   (depart) |     4   -2   + |    20.148598496 |                 |           
    1 |     21.147 |    45   -3   - |    25.001795047 |   58706   15205 |   6.79e-11
    2 |      21.76 |    49   -2   + |    20.324882069 |   10977   24796 |   7.76e-12
    3 |     24.287 |    44   -3   - |    25.002628762 |   10409   57630 |   1.14e-11
    4 |     25.066 |     4   -3   + |    29.213318780 |   59293     906 |   8.84e-11
    5 |     30.344 |    47   -4   - |    34.064928413 |   61513   18692 |   1.17e-10
    6 |     30.895 |    49   -3   + |    29.389602352 |   18324   38585 |   3.20e-11
    7 |     32.787 |    44   -4   - |    34.067349046 |   23001   61033 |   1.69e-11
    8 |     33.596 |    41   -3   + |    29.383011391 |   15463    1730 |   1.43e-10
  -> CHAINE COMPLETE : toutes les 8 cibles restantes atteintes.

--- depart l=8 : b1[8] = (t=4,k=-2,sg=-) = 16.110282639 | chaine atteint n_l = 8 etape(s) ---
etape |   cible x0 |     t    k  sg |               b |      N1      N2 |     erreur
    0 |   (depart) |     4   -2   - |    16.110282639 |                 |           
    1 |     21.147 |     7   -3   + |    29.273410414 |   64831   40182 |   3.01e-11
    2 |      21.76 |     5   -2   - |    16.084314086 |   25949   34351 |   2.54e-11
    3 |     24.287 |     7   -3   + |    29.273410414 |   37291   61344 |   1.91e-10
    4 |     25.066 |    18   -3   - |    25.044653087 |     258   50851 |   1.59e-10
    5 |     30.344 |     3   -4   + |    38.240062994 |   63443   42579 |   2.51e-11
    6 |     30.895 |     6   -3   - |    25.129841095 |   40406   51479 |   4.38e-10
    7 |     32.787 |     1   -4   + |    38.034841852 |   38490   56161 |   3.74e-11
    8 |     33.596 |     1   -3   - |    25.418200133 |   20518   11137 |   2.80e-10
  -> CHAINE COMPLETE : toutes les 8 cibles restantes atteintes.

--- depart l=9 : b1[9] = (t=5,k=-2,sg=+) = 20.174567049 | chaine atteint n_l = 8 etape(s) ---
etape |   cible x0 |     t    k  sg |               b |      N1      N2 |     erreur
    0 |   (depart) |     5   -2   + |    20.174567049 |                 |           
    1 |     21.147 |    47   -3   - |    25.000208129 |   48635   12274 |   1.91e-10
    2 |      21.76 |    42   -2   + |    20.319216806 |    8344   18765 |   4.49e-11
    3 |     24.287 |    43   -3   - |    25.003491381 |   10173   56336 |   2.80e-10
    4 |     25.066 |     8   -3   + |    29.285452495 |   17483     259 |   8.79e-11
    5 |     30.344 |    45   -4   - |    34.066515330 |   38602   10977 |   1.27e-11
    6 |     30.895 |    44   -3   + |    29.385692940 |    6051   12715 |   1.95e-10
    7 |     32.787 |    45   -4   - |    34.066515330 |    5841   15527 |   1.25e-10
    8 |     33.596 |    50   -3   + |    29.390313030 |   51280    5737 |   1.34e-10
  -> CHAINE COMPLETE : toutes les 8 cibles restantes atteintes.

--- depart l=10 : b1[10] = (t=5,k=-2,sg=-) = 16.084314086 | chaine atteint n_l = 8 etape(s) ---
etape |   cible x0 |     t    k  sg |               b |      N1      N2 |     erreur
    0 |   (depart) |     5   -2   - |    16.084314086 |                 |           
    1 |     21.147 |     4   -3   + |    29.213318780 |   23407   14691 |   9.48e-11
    2 |      21.76 |     2   -2   - |    16.211720995 |   26471   35560 |   3.31e-11
    3 |     24.287 |     1   -3   + |    28.970121569 |   30686   52913 |   8.49e-11
    4 |     25.066 |    17   -3   - |    25.048031726 |     201   43673 |   5.95e-11
    5 |     30.344 |     7   -4   + |    38.338130698 |   53689   35568 |   1.17e-10
    6 |     30.895 |    10   -3   - |    25.084444446 |   16461   21086 |   5.22e-11
    7 |     32.787 |     6   -4   + |    38.323200891 |   15852   22055 |   6.84e-11
    8 |     33.596 |     1   -3   - |    25.418200133 |   40306   23299 |   2.41e-10
  -> CHAINE COMPLETE : toutes les 8 cibles restantes atteintes.

--- depart l=11 : b1[11] = (t=6,k=-2,sg=+) = 20.193760324 | chaine atteint n_l = 8 etape(s) ---
etape |   cible x0 |     t    k  sg |               b |      N1      N2 |     erreur
    0 |   (depart) |     6   -2   + |    20.193760324 |                 |           
    1 |     21.147 |    42   -3   - |    25.004384612 |   41243   10192 |   1.73e-10
    2 |      21.76 |    43   -2   + |    20.320110038 |   23391   52705 |   2.31e-11
    3 |     24.287 |    48   -3   - |    24.999452113 |   10112   56303 |   1.87e-12
    4 |     25.066 |     1   -3   + |    28.970121569 |   61541    1049 |   1.66e-10
    5 |     30.344 |    48   -4   - |    34.064172396 |   54061   19965 |   1.22e-10
    6 |     30.895 |    44   -3   + |    29.385692940 |   21884   45951 |   1.04e-10
    7 |     32.787 |    45   -4   - |    34.066515330 |    5841   15527 |   1.25e-10
    8 |     33.596 |    50   -3   + |    29.390313030 |   51280    5737 |   1.34e-10
  -> CHAINE COMPLETE : toutes les 8 cibles restantes atteintes.

--- depart l=12 : b1[12] = (t=6,k=-2,sg=-) = 16.065120811 | chaine atteint n_l = 8 etape(s) ---
etape |   cible x0 |     t    k  sg |               b |      N1      N2 |     erreur
    0 |   (depart) |     6   -2   - |    16.065120811 |                 |           
    1 |     21.147 |     5   -3   + |    29.239287332 |   53211   33416 |   3.20e-10
    2 |      21.76 |     7   -2   - |    16.050191004 |   21623   28324 |   1.98e-10
    3 |     24.287 |     9   -3   + |    29.295431860 |   22073   36301 |   1.69e-11
    4 |     25.066 |    14   -3   - |    25.060254034 |      43   31651 |   2.48e-11
    5 |     30.344 |     5   -4   + |    38.304007616 |   32869   21818 |   1.28e-10
    6 |     30.895 |     1   -3   - |    25.418200133 |   35088   47467 |   4.94e-10
    7 |     32.787 |     5   -4   + |    38.304007616 |   37241   49741 |   9.81e-11
    8 |     33.596 |     7   -3   - |    25.114911288 |   59717   33150 |   5.88e-11
  -> CHAINE COMPLETE : toutes les 8 cibles restantes atteintes.

--- depart l=13 : b1[13] = (t=7,k=-2,sg=+) = 20.208690130 | chaine atteint n_l = 8 etape(s) ---
etape |   cible x0 |     t    k  sg |               b |      N1      N2 |     erreur
    0 |   (depart) |     7   -2   + |    20.208690130 |                 |           
    1 |     21.147 |    42   -3   - |    25.004384612 |   65336   15893 |   2.82e-11
    2 |      21.76 |    43   -2   + |    20.320110038 |   23391   52705 |   2.31e-11
    3 |     24.287 |    48   -3   - |    24.999452113 |   10112   56303 |   1.87e-12
    4 |     25.066 |     1   -3   + |    28.970121569 |   61541    1049 |   1.66e-10
    5 |     30.344 |    48   -4   - |    34.064172396 |   54061   19965 |   1.22e-10
    6 |     30.895 |    44   -3   + |    29.385692940 |   21884   45951 |   1.04e-10
    7 |     32.787 |    45   -4   - |    34.066515330 |    5841   15527 |   1.25e-10
    8 |     33.596 |    50   -3   + |    29.390313030 |   51280    5737 |   1.34e-10
  -> CHAINE COMPLETE : toutes les 8 cibles restantes atteintes.

--- depart l=14 : b1[14] = (t=7,k=-2,sg=-) = 16.050191004 | chaine atteint n_l = 8 etape(s) ---
etape |   cible x0 |     t    k  sg |               b |      N1      N2 |     erreur
    0 |   (depart) |     7   -2   - |    16.050191004 |                 |           
    1 |     21.147 |     4   -3   + |    29.213318780 |   16301   10300 |   3.29e-10
    2 |      21.76 |     2   -2   - |    16.211720995 |   26471   35560 |   3.31e-11
    3 |     24.287 |     1   -3   + |    28.970121569 |   30686   52913 |   8.49e-11
    4 |     25.066 |    17   -3   - |    25.048031726 |     201   43673 |   5.95e-11
    5 |     30.344 |     7   -4   + |    38.338130698 |   53689   35568 |   1.17e-10
    6 |     30.895 |    10   -3   - |    25.084444446 |   16461   21086 |   5.22e-11
    7 |     32.787 |     6   -4   + |    38.323200891 |   15852   22055 |   6.84e-11
    8 |     33.596 |     1   -3   - |    25.418200133 |   40306   23299 |   2.41e-10
  -> CHAINE COMPLETE : toutes les 8 cibles restantes atteintes.

--- depart l=15 : b1[15] = (t=8,k=-2,sg=+) = 20.220732211 | chaine atteint n_l = 8 etape(s) ---
etape |   cible x0 |     t    k  sg |               b |      N1      N2 |     erreur
    0 |   (depart) |     8   -2   + |    20.220732211 |                 |           
    1 |     21.147 |    47   -3   - |    25.000208129 |   53817   12937 |   8.44e-11
    2 |      21.76 |    42   -2   + |    20.319216806 |    8344   18765 |   4.49e-11
    3 |     24.287 |    43   -3   - |    25.003491381 |   10173   56336 |   2.80e-10
    4 |     25.066 |     8   -3   + |    29.285452495 |   17483     259 |   8.79e-11
    5 |     30.344 |    45   -4   - |    34.066515330 |   38602   10977 |   1.27e-11
    6 |     30.895 |    44   -3   + |    29.385692940 |    6051   12715 |   1.95e-10
    7 |     32.787 |    45   -4   - |    34.066515330 |    5841   15527 |   1.25e-10
    8 |     33.596 |    50   -3   + |    29.390313030 |   51280    5737 |   1.34e-10
  -> CHAINE COMPLETE : toutes les 8 cibles restantes atteintes.

--- depart l=16 : b1[16] = (t=8,k=-2,sg=-) = 16.038148923 | chaine atteint n_l = 8 etape(s) ---
etape |   cible x0 |     t    k  sg |               b |      N1      N2 |     erreur
    0 |   (depart) |     8   -2   - |    16.038148923 |                 |           
    1 |     21.147 |     3   -3   + |    29.175342710 |    7741    4926 |   3.04e-10
    2 |      21.76 |     3   -2   - |    16.148258708 |   47617   62921 |   3.30e-11
    3 |     24.287 |     4   -3   + |    29.213318780 |   36415   60161 |   3.71e-10
    4 |     25.066 |    13   -3   - |    25.065239780 |      12   65465 |   1.24e-10
    5 |     30.344 |     8   -4   + |    38.350172779 |   20099   13252 |   4.90e-11
    6 |     30.895 |     8   -3   - |    25.102869207 |   45803   58954 |   3.67e-11
    7 |     32.787 |     3   -4   + |    38.240062994 |   43259   60958 |   1.01e-10
    8 |     33.596 |     4   -3   - |    25.175002922 |   45925   25327 |   9.81e-12
  -> CHAINE COMPLETE : toutes les 8 cibles restantes atteintes.

--- depart l=17 : b1[17] = (t=9,k=-2,sg=+) = 20.230711577 | chaine atteint n_l = 8 etape(s) ---
etape |   cible x0 |     t    k  sg |               b |      N1      N2 |     erreur
    0 |   (depart) |     9   -2   + |    20.230711577 |                 |           
    1 |     21.147 |    49   -3   - |    24.998719350 |   39123    9307 |   5.36e-11
    2 |      21.76 |    50   -2   + |    20.325592746 |   20971   47350 |   3.76e-11
    3 |     24.287 |    43   -3   - |    25.003491381 |    8461   46780 |   5.74e-11
    4 |     25.066 |     8   -3   + |    29.285452495 |   17483     259 |   8.79e-11
    5 |     30.344 |    45   -4   - |    34.066515330 |   38602   10977 |   1.27e-11
    6 |     30.895 |    44   -3   + |    29.385692940 |    6051   12715 |   1.95e-10
    7 |     32.787 |    45   -4   - |    34.066515330 |    5841   15527 |   1.25e-10
    8 |     33.596 |    50   -3   + |    29.390313030 |   51280    5737 |   1.34e-10
  -> CHAINE COMPLETE : toutes les 8 cibles restantes atteintes.

--- depart l=18 : b1[18] = (t=9,k=-2,sg=-) = 16.028169558 | chaine atteint n_l = 8 etape(s) ---
etape |   cible x0 |     t    k  sg |               b |      N1      N2 |     erreur
    0 |   (depart) |     9   -2   - |    16.028169558 |                 |           
    1 |     21.147 |     9   -3   + |    29.295431860 |   35293   22171 |   2.84e-10
    2 |      21.76 |     1   -2   - |    16.353479850 |   34721   48393 |   1.09e-10
    3 |     24.287 |    10   -3   + |    29.303877256 |   39101   61833 |   1.57e-10
    4 |     25.066 |    15   -3   - |    25.055774887 |     142   58853 |   7.98e-11
    5 |     30.344 |     3   -4   + |    38.240062994 |   62146   41621 |   9.87e-12
    6 |     30.895 |     6   -3   - |    25.129841095 |   40406   51479 |   4.38e-10
    7 |     32.787 |     1   -4   + |    38.034841852 |   38490   56161 |   3.74e-11
    8 |     33.596 |     1   -3   - |    25.418200133 |   20518   11137 |   2.80e-10
  -> CHAINE COMPLETE : toutes les 8 cibles restantes atteintes.

--- depart l=19 : b1[19] = (t=10,k=-2,sg=+) = 20.239156973 | chaine atteint n_l = 8 etape(s) ---
etape |   cible x0 |     t    k  sg |               b |      N1      N2 |     erreur
    0 |   (depart) |    10   -2   + |    20.239156973 |                 |           
    1 |     21.147 |    45   -3   - |    25.001795047 |   55297   13023 |   2.70e-11
    2 |      21.76 |    49   -2   + |    20.324882069 |   10977   24796 |   7.76e-12
    3 |     24.287 |    44   -3   - |    25.002628762 |   10409   57630 |   1.14e-11
    4 |     25.066 |     4   -3   + |    29.213318780 |   59293     906 |   8.84e-11
    5 |     30.344 |    47   -4   - |    34.064928413 |   61513   18692 |   1.17e-10
    6 |     30.895 |    49   -3   + |    29.389602352 |   18324   38585 |   3.20e-11
    7 |     32.787 |    44   -4   - |    34.067349046 |   23001   61033 |   1.69e-11
    8 |     33.596 |    41   -3   + |    29.383011391 |   15463    1730 |   1.43e-10
  -> CHAINE COMPLETE : toutes les 8 cibles restantes atteintes.

--- depart l=20 : b1[20] = (t=10,k=-2,sg=-) = 16.019724162 | chaine atteint n_l = 8 etape(s) ---
etape |   cible x0 |     t    k  sg |               b |      N1      N2 |     erreur
    0 |   (depart) |    10   -2   - |    16.019724162 |                 |           
    1 |     21.147 |     9   -3   + |    29.295431860 |   15379    9677 |   6.88e-11
    2 |      21.76 |     1   -2   - |    16.353479850 |   34721   48393 |   1.09e-10
    3 |     24.287 |    10   -3   + |    29.303877256 |   39101   61833 |   1.57e-10
    4 |     25.066 |    15   -3   - |    25.055774887 |     142   58853 |   7.98e-11
    5 |     30.344 |     3   -4   + |    38.240062994 |   62146   41621 |   9.87e-12
    6 |     30.895 |     6   -3   - |    25.129841095 |   40406   51479 |   4.38e-10
    7 |     32.787 |     1   -4   + |    38.034841852 |   38490   56161 |   3.74e-11
    8 |     33.596 |     1   -3   - |    25.418200133 |   20518   11137 |   2.80e-10
  -> CHAINE COMPLETE : toutes les 8 cibles restantes atteintes.

--- depart l=21 : b1[21] = (t=11,k=-2,sg=+) = 20.246424982 | chaine atteint n_l = 8 etape(s) ---
etape |   cible x0 |     t    k  sg |               b |      N1      N2 |     erreur
    0 |   (depart) |    11   -2   + |    20.246424982 |                 |           
    1 |     21.147 |    48   -3   - |    24.999452113 |   27844    6509 |   5.83e-11
    2 |      21.76 |    42   -2   + |    20.319216806 |   26663   59949 |   6.91e-11
    3 |     24.287 |    43   -3   - |    25.003491381 |   10173   56336 |   2.80e-10
    4 |     25.066 |     8   -3   + |    29.285452495 |   17483     259 |   8.79e-11
    5 |     30.344 |    45   -4   - |    34.066515330 |   38602   10977 |   1.27e-11
    6 |     30.895 |    44   -3   + |    29.385692940 |    6051   12715 |   1.95e-10
    7 |     32.787 |    45   -4   - |    34.066515330 |    5841   15527 |   1.25e-10
    8 |     33.596 |    50   -3   + |    29.390313030 |   51280    5737 |   1.34e-10
  -> CHAINE COMPLETE : toutes les 8 cibles restantes atteintes.

--- depart l=22 : b1[22] = (t=11,k=-2,sg=-) = 16.012456153 | chaine atteint n_l = 8 etape(s) ---
etape |   cible x0 |     t    k  sg |               b |      N1      N2 |     erreur
    0 |   (depart) |    11   -2   - |    16.012456153 |                 |           
    1 |     21.147 |     9   -3   + |    29.295431860 |   25114   15825 |   2.09e-10
    2 |      21.76 |     1   -2   - |    16.353479850 |   34721   48393 |   1.09e-10
    3 |     24.287 |    10   -3   + |    29.303877256 |   39101   61833 |   1.57e-10
    4 |     25.066 |    15   -3   - |    25.055774887 |     142   58853 |   7.98e-11
    5 |     30.344 |     3   -4   + |    38.240062994 |   62146   41621 |   9.87e-12
    6 |     30.895 |     6   -3   - |    25.129841095 |   40406   51479 |   4.38e-10
    7 |     32.787 |     1   -4   + |    38.034841852 |   38490   56161 |   3.74e-11
    8 |     33.596 |     1   -3   - |    25.418200133 |   20518   11137 |   2.80e-10
  -> CHAINE COMPLETE : toutes les 8 cibles restantes atteintes.

--- depart l=23 : b1[23] = (t=12,k=-2,sg=+) = 20.252765983 | chaine atteint n_l = 8 etape(s) ---
etape |   cible x0 |     t    k  sg |               b |      N1      N2 |     erreur
    0 |   (depart) |    12   -2   + |    20.252765983 |                 |           
    1 |     21.147 |    47   -3   - |    25.000208129 |   47239   10963 |   1.18e-10
    2 |      21.76 |    42   -2   + |    20.319216806 |    8344   18765 |   4.49e-11
    3 |     24.287 |    43   -3   - |    25.003491381 |   10173   56336 |   2.80e-10
    4 |     25.066 |     8   -3   + |    29.285452495 |   17483     259 |   8.79e-11
    5 |     30.344 |    45   -4   - |    34.066515330 |   38602   10977 |   1.27e-11
    6 |     30.895 |    44   -3   + |    29.385692940 |    6051   12715 |   1.95e-10
    7 |     32.787 |    45   -4   - |    34.066515330 |    5841   15527 |   1.25e-10
    8 |     33.596 |    50   -3   + |    29.390313030 |   51280    5737 |   1.34e-10
  -> CHAINE COMPLETE : toutes les 8 cibles restantes atteintes.

--- depart l=24 : b1[24] = (t=12,k=-2,sg=-) = 16.006115152 | chaine atteint n_l = 8 etape(s) ---
etape |   cible x0 |     t    k  sg |               b |      N1      N2 |     erreur
    0 |   (depart) |    12   -2   - |    16.006115152 |                 |           
    1 |     21.147 |     6   -3   + |    29.258480607 |   60529   38362 |   6.57e-10
    2 |      21.76 |     2   -2   - |    16.211720995 |   42962   58063 |   2.30e-10
    3 |     24.287 |     1   -3   + |    28.970121569 |   30686   52913 |   8.49e-11
    4 |     25.066 |    17   -3   - |    25.048031726 |     201   43673 |   5.95e-11
    5 |     30.344 |     7   -4   + |    38.338130698 |   53689   35568 |   1.17e-10
    6 |     30.895 |    10   -3   - |    25.084444446 |   16461   21086 |   5.22e-11
    7 |     32.787 |     6   -4   + |    38.323200891 |   15852   22055 |   6.84e-11
    8 |     33.596 |     1   -3   - |    25.418200133 |   40306   23299 |   2.41e-10
  -> CHAINE COMPLETE : toutes les 8 cibles restantes atteintes.

--- depart l=25 : b1[25] = (t=13,k=-2,sg=+) = 20.258361639 | chaine atteint n_l = 8 etape(s) ---
etape |   cible x0 |     t    k  sg |               b |      N1      N2 |     erreur
    0 |   (depart) |    13   -2   + |    20.258361639 |                 |           
    1 |     21.147 |    50   -3   - |    24.998008672 |   26474    6109 |   9.16e-11
    2 |      21.76 |    46   -2   + |    20.322612762 |   17471   39357 |   5.74e-11
    3 |     24.287 |    49   -3   - |    24.998719350 |    9536   53117 |   1.01e-11
    4 |     25.066 |     6   -3   + |    29.258480607 |   57079     916 |   2.15e-11
    5 |     30.344 |    49   -4   - |    34.063439633 |   35179   10267 |   6.10e-11
    6 |     30.895 |    45   -3   + |    29.386526655 |   10047   21103 |   4.16e-11
    7 |     32.787 |    41   -4   - |    34.070030595 |    5657   14993 |   1.09e-10
    8 |     33.596 |    43   -3   + |    29.384830321 |   13832    1557 |   6.25e-11
  -> CHAINE COMPLETE : toutes les 8 cibles restantes atteintes.

--- depart l=26 : b1[26] = (t=13,k=-2,sg=-) = 16.000519496 | chaine atteint n_l = 8 etape(s) ---
etape |   cible x0 |     t    k  sg |               b |      N1      N2 |     erreur
    0 |   (depart) |    13   -2   - |    16.000519496 |                 |           
    1 |     21.147 |     4   -3   + |    29.213318780 |   39110   24953 |   5.17e-11
    2 |      21.76 |     2   -2   - |    16.211720995 |   26471   35560 |   3.31e-11
    3 |     24.287 |     1   -3   + |    28.970121569 |   30686   52913 |   8.49e-11
    4 |     25.066 |    17   -3   - |    25.048031726 |     201   43673 |   5.95e-11
    5 |     30.344 |     7   -4   + |    38.338130698 |   53689   35568 |   1.17e-10
    6 |     30.895 |    10   -3   - |    25.084444446 |   16461   21086 |   5.22e-11
    7 |     32.787 |     6   -4   + |    38.323200891 |   15852   22055 |   6.84e-11
    8 |     33.596 |     1   -3   - |    25.418200133 |   40306   23299 |   2.41e-10
  -> CHAINE COMPLETE : toutes les 8 cibles restantes atteintes.

--- depart l=27 : b1[27] = (t=14,k=-2,sg=+) = 20.263347384 | chaine atteint n_l = 8 etape(s) ---
etape |   cible x0 |     t    k  sg |               b |      N1      N2 |     erreur
    0 |   (depart) |    14   -2   + |    20.263347384 |                 |           
    1 |     21.147 |    47   -3   - |    25.000208129 |   14368    3295 |   2.00e-10
    2 |      21.76 |    42   -2   + |    20.319216806 |    8344   18765 |   4.49e-11
    3 |     24.287 |    43   -3   - |    25.003491381 |   10173   56336 |   2.80e-10
    4 |     25.066 |     8   -3   + |    29.285452495 |   17483     259 |   8.79e-11
    5 |     30.344 |    45   -4   - |    34.066515330 |   38602   10977 |   1.27e-11
    6 |     30.895 |    44   -3   + |    29.385692940 |    6051   12715 |   1.95e-10
    7 |     32.787 |    45   -4   - |    34.066515330 |    5841   15527 |   1.25e-10
    8 |     33.596 |    50   -3   + |    29.390313030 |   51280    5737 |   1.34e-10
  -> CHAINE COMPLETE : toutes les 8 cibles restantes atteintes.

--- depart l=28 : b1[28] = (t=14,k=-2,sg=-) = 15.995533750 | chaine atteint n_l = 8 etape(s) ---
etape |   cible x0 |     t    k  sg |               b |      N1      N2 |     erreur
    0 |   (depart) |    14   -2   - |    15.995533750 |                 |           
    1 |     21.147 |     8   -3   + |    29.285452495 |   42379   26825 |   1.86e-10
    2 |      21.76 |    10   -2   - |    16.019724162 |   10399   13633 |   3.27e-11
    3 |     24.287 |     8   -3   + |    29.285452495 |   24174   39983 |   1.35e-10
    4 |     25.066 |    19   -3   - |    25.041544537 |     373   64356 |   1.72e-10
    5 |     30.344 |     1   -4   + |    38.034841852 |   52420   36141 |   1.78e-10
    6 |     30.895 |     7   -3   - |    25.114911288 |   20319   25099 |   2.16e-10
    7 |     32.787 |     7   -4   + |    38.338130698 |   40361   55782 |   7.17e-10
    8 |     33.596 |     1   -3   - |    25.418200133 |   55165   31989 |   5.02e-11
  -> CHAINE COMPLETE : toutes les 8 cibles restantes atteintes.

--- depart l=29 : b1[29] = (t=15,k=-2,sg=+) = 20.267826531 | chaine atteint n_l = 8 etape(s) ---
etape |   cible x0 |     t    k  sg |               b |      N1      N2 |     erreur
    0 |   (depart) |    15   -2   + |    20.267826531 |                 |           
    1 |     21.147 |    45   -3   - |    25.001795047 |   55855   12739 |   7.09e-11
    2 |      21.76 |    49   -2   + |    20.324882069 |   10977   24796 |   7.76e-12
    3 |     24.287 |    44   -3   - |    25.002628762 |   10409   57630 |   1.14e-11
    4 |     25.066 |     4   -3   + |    29.213318780 |   59293     906 |   8.84e-11
    5 |     30.344 |    47   -4   - |    34.064928413 |   61513   18692 |   1.17e-10
    6 |     30.895 |    49   -3   + |    29.389602352 |   18324   38585 |   3.20e-11
    7 |     32.787 |    44   -4   - |    34.067349046 |   23001   61033 |   1.69e-11
    8 |     33.596 |    41   -3   + |    29.383011391 |   15463    1730 |   1.43e-10
  -> CHAINE COMPLETE : toutes les 8 cibles restantes atteintes.

--- depart l=30 : b1[30] = (t=15,k=-2,sg=-) = 15.991054604 | chaine atteint n_l = 8 etape(s) ---
etape |   cible x0 |     t    k  sg |               b |      N1      N2 |     erreur
    0 |   (depart) |    15   -2   - |    15.991054604 |                 |           
    1 |     21.147 |     1   -3   + |    28.970121569 |   50822   33495 |   2.43e-11
    2 |      21.76 |     6   -2   - |    16.065120811 |   26974   34151 |   1.32e-10
    3 |     24.287 |     2   -3   + |    29.111880423 |   29739   50677 |   1.61e-10
    4 |     25.066 |    18   -3   - |    25.044653087 |     100   18953 |   9.94e-11
    5 |     30.344 |     3   -4   + |    38.240062994 |   63443   42579 |   2.51e-11
    6 |     30.895 |     6   -3   - |    25.129841095 |   40406   51479 |   4.38e-10
    7 |     32.787 |     1   -4   + |    38.034841852 |   38490   56161 |   3.74e-11
    8 |     33.596 |     1   -3   - |    25.418200133 |   20518   11137 |   2.80e-10
  -> CHAINE COMPLETE : toutes les 8 cibles restantes atteintes.

--- depart l=31 : b1[31] = (t=16,k=-2,sg=+) = 20.271879441 | chaine atteint n_l = 8 etape(s) ---
etape |   cible x0 |     t    k  sg |               b |      N1      N2 |     erreur
    0 |   (depart) |    16   -2   + |    20.271879441 |                 |           
    1 |     21.147 |    48   -3   - |    24.999452113 |   50119   11385 |   2.86e-10
    2 |      21.76 |    42   -2   + |    20.319216806 |   26663   59949 |   6.91e-11
    3 |     24.287 |    43   -3   - |    25.003491381 |   10173   56336 |   2.80e-10
    4 |     25.066 |     8   -3   + |    29.285452495 |   17483     259 |   8.79e-11
    5 |     30.344 |    45   -4   - |    34.066515330 |   38602   10977 |   1.27e-11
    6 |     30.895 |    44   -3   + |    29.385692940 |    6051   12715 |   1.95e-10
    7 |     32.787 |    45   -4   - |    34.066515330 |    5841   15527 |   1.25e-10
    8 |     33.596 |    50   -3   + |    29.390313030 |   51280    5737 |   1.34e-10
  -> CHAINE COMPLETE : toutes les 8 cibles restantes atteintes.

--- depart l=32 : b1[32] = (t=16,k=-2,sg=-) = 15.987001693 | chaine atteint n_l = 8 etape(s) ---
etape |   cible x0 |     t    k  sg |               b |      N1      N2 |     erreur
    0 |   (depart) |    16   -2   - |    15.987001693 |                 |           
    1 |     21.147 |     3   -3   + |    29.175342710 |   62173   39960 |   2.09e-10
    2 |      21.76 |     3   -2   - |    16.148258708 |   47617   62921 |   3.30e-11
    3 |     24.287 |     4   -3   + |    29.213318780 |   36415   60161 |   3.71e-10
    4 |     25.066 |    13   -3   - |    25.065239780 |      12   65465 |   1.24e-10
    5 |     30.344 |     8   -4   + |    38.350172779 |   20099   13252 |   4.90e-11
    6 |     30.895 |     8   -3   - |    25.102869207 |   45803   58954 |   3.67e-11
    7 |     32.787 |     3   -4   + |    38.240062994 |   43259   60958 |   1.01e-10
    8 |     33.596 |     4   -3   - |    25.175002922 |   45925   25327 |   9.81e-12
  -> CHAINE COMPLETE : toutes les 8 cibles restantes atteintes.

--- depart l=33 : b1[33] = (t=17,k=-2,sg=+) = 20.275569692 | chaine atteint n_l = 8 etape(s) ---
etape |   cible x0 |     t    k  sg |               b |      N1      N2 |     erreur
    0 |   (depart) |    17   -2   + |    20.275569692 |                 |           
    1 |     21.147 |    45   -3   - |    25.001795047 |   17787    4021 |   1.04e-11
    2 |      21.76 |    49   -2   + |    20.324882069 |   10977   24796 |   7.76e-12
    3 |     24.287 |    44   -3   - |    25.002628762 |   10409   57630 |   1.14e-11
    4 |     25.066 |     4   -3   + |    29.213318780 |   59293     906 |   8.84e-11
    5 |     30.344 |    47   -4   - |    34.064928413 |   61513   18692 |   1.17e-10
    6 |     30.895 |    49   -3   + |    29.389602352 |   18324   38585 |   3.20e-11
    7 |     32.787 |    44   -4   - |    34.067349046 |   23001   61033 |   1.69e-11
    8 |     33.596 |    41   -3   + |    29.383011391 |   15463    1730 |   1.43e-10
  -> CHAINE COMPLETE : toutes les 8 cibles restantes atteintes.

--- depart l=34 : b1[34] = (t=17,k=-2,sg=-) = 15.983311442 | chaine atteint n_l = 8 etape(s) ---
etape |   cible x0 |     t    k  sg |               b |      N1      N2 |     erreur
    0 |   (depart) |    17   -2   - |    15.983311442 |                 |           
    1 |     21.147 |     6   -3   + |    29.258480607 |   65422   41647 |   2.49e-10
    2 |      21.76 |     2   -2   - |    16.211720995 |   42962   58063 |   2.30e-10
    3 |     24.287 |     1   -3   + |    28.970121569 |   30686   52913 |   8.49e-11
    4 |     25.066 |    17   -3   - |    25.048031726 |     201   43673 |   5.95e-11
    5 |     30.344 |     7   -4   + |    38.338130698 |   53689   35568 |   1.17e-10
    6 |     30.895 |    10   -3   - |    25.084444446 |   16461   21086 |   5.22e-11
    7 |     32.787 |     6   -4   + |    38.323200891 |   15852   22055 |   6.84e-11
    8 |     33.596 |     1   -3   - |    25.418200133 |   40306   23299 |   2.41e-10
  -> CHAINE COMPLETE : toutes les 8 cibles restantes atteintes.

--- depart l=35 : b1[35] = (t=18,k=-2,sg=+) = 20.278948331 | chaine atteint n_l = 8 etape(s) ---
etape |   cible x0 |     t    k  sg |               b |      N1      N2 |     erreur
    0 |   (depart) |    18   -2   + |    20.278948331 |                 |           
    1 |     21.147 |    47   -3   - |    25.000208129 |   24889    5607 |   1.92e-11
    2 |      21.76 |    42   -2   + |    20.319216806 |    8344   18765 |   4.49e-11
    3 |     24.287 |    43   -3   - |    25.003491381 |   10173   56336 |   2.80e-10
    4 |     25.066 |     8   -3   + |    29.285452495 |   17483     259 |   8.79e-11
    5 |     30.344 |    45   -4   - |    34.066515330 |   38602   10977 |   1.27e-11
    6 |     30.895 |    44   -3   + |    29.385692940 |    6051   12715 |   1.95e-10
    7 |     32.787 |    45   -4   - |    34.066515330 |    5841   15527 |   1.25e-10
    8 |     33.596 |    50   -3   + |    29.390313030 |   51280    5737 |   1.34e-10
  -> CHAINE COMPLETE : toutes les 8 cibles restantes atteintes.

--- depart l=36 : b1[36] = (t=18,k=-2,sg=-) = 15.979932803 | chaine atteint n_l = 8 etape(s) ---
etape |   cible x0 |     t    k  sg |               b |      N1      N2 |     erreur
    0 |   (depart) |    18   -2   - |    15.979932803 |                 |           
    1 |     21.147 |     3   -3   + |    29.175342710 |   46625   30008 |   5.80e-11
    2 |      21.76 |     3   -2   - |    16.148258708 |   47617   62921 |   3.30e-11
    3 |     24.287 |     4   -3   + |    29.213318780 |   36415   60161 |   3.71e-10
    4 |     25.066 |    13   -3   - |    25.065239780 |      12   65465 |   1.24e-10
    5 |     30.344 |     8   -4   + |    38.350172779 |   20099   13252 |   4.90e-11
    6 |     30.895 |     8   -3   - |    25.102869207 |   45803   58954 |   3.67e-11
    7 |     32.787 |     3   -4   + |    38.240062994 |   43259   60958 |   1.01e-10
    8 |     33.596 |     4   -3   - |    25.175002922 |   45925   25327 |   9.81e-12
  -> CHAINE COMPLETE : toutes les 8 cibles restantes atteintes.

--- depart l=37 : b1[37] = (t=19,k=-2,sg=+) = 20.282056881 | chaine atteint n_l = 8 etape(s) ---
etape |   cible x0 |     t    k  sg |               b |      N1      N2 |     erreur
    0 |   (depart) |    19   -2   + |    20.282056881 |                 |           
    1 |     21.147 |    49   -3   - |    24.998719350 |   43151    9690 |   4.23e-10
    2 |      21.76 |    50   -2   + |    20.325592746 |   20971   47350 |   3.76e-11
    3 |     24.287 |    43   -3   - |    25.003491381 |    8461   46780 |   5.74e-11
    4 |     25.066 |     8   -3   + |    29.285452495 |   17483     259 |   8.79e-11
    5 |     30.344 |    45   -4   - |    34.066515330 |   38602   10977 |   1.27e-11
    6 |     30.895 |    44   -3   + |    29.385692940 |    6051   12715 |   1.95e-10
    7 |     32.787 |    45   -4   - |    34.066515330 |    5841   15527 |   1.25e-10
    8 |     33.596 |    50   -3   + |    29.390313030 |   51280    5737 |   1.34e-10
  -> CHAINE COMPLETE : toutes les 8 cibles restantes atteintes.

--- depart l=38 : b1[38] = (t=19,k=-2,sg=-) = 15.976824253 | chaine atteint n_l = 8 etape(s) ---
etape |   cible x0 |     t    k  sg |               b |      N1      N2 |     erreur
    0 |   (depart) |    19   -2   - |    15.976824253 |                 |           
    1 |     21.147 |     3   -3   + |    29.175342710 |   57167   36815 |   3.19e-10
    2 |      21.76 |     3   -2   - |    16.148258708 |   47617   62921 |   3.30e-11
    3 |     24.287 |     4   -3   + |    29.213318780 |   36415   60161 |   3.71e-10
    4 |     25.066 |    13   -3   - |    25.065239780 |      12   65465 |   1.24e-10
    5 |     30.344 |     8   -4   + |    38.350172779 |   20099   13252 |   4.90e-11
    6 |     30.895 |     8   -3   - |    25.102869207 |   45803   58954 |   3.67e-11
    7 |     32.787 |     3   -4   + |    38.240062994 |   43259   60958 |   1.01e-10
    8 |     33.596 |     4   -3   - |    25.175002922 |   45925   25327 |   9.81e-12
  -> CHAINE COMPLETE : toutes les 8 cibles restantes atteintes.

--- depart l=39 : b1[39] = (t=20,k=-2,sg=+) = 20.284929509 | chaine atteint n_l = 8 etape(s) ---
etape |   cible x0 |     t    k  sg |               b |      N1      N2 |     erreur
    0 |   (depart) |    20   -2   + |    20.284929509 |                 |           
    1 |     21.147 |    41   -3   - |    25.005310311 |   29387    6566 |   5.26e-11
    2 |      21.76 |    49   -2   + |    20.324882069 |   17306   39135 |   1.44e-11
    3 |     24.287 |    44   -3   - |    25.002628762 |   10409   57630 |   1.14e-11
    4 |     25.066 |     4   -3   + |    29.213318780 |   59293     906 |   8.84e-11
    5 |     30.344 |    47   -4   - |    34.064928413 |   61513   18692 |   1.17e-10
    6 |     30.895 |    49   -3   + |    29.389602352 |   18324   38585 |   3.20e-11
    7 |     32.787 |    44   -4   - |    34.067349046 |   23001   61033 |   1.69e-11
    8 |     33.596 |    41   -3   + |    29.383011391 |   15463    1730 |   1.43e-10
  -> CHAINE COMPLETE : toutes les 8 cibles restantes atteintes.

--- depart l=40 : b1[40] = (t=20,k=-2,sg=-) = 15.973951625 | chaine atteint n_l = 8 etape(s) ---
etape |   cible x0 |     t    k  sg |               b |      N1      N2 |     erreur
    0 |   (depart) |    20   -2   - |    15.973951625 |                 |           
    1 |     21.147 |     7   -3   + |    29.273410414 |   64021   40754 |   7.08e-11
    2 |      21.76 |     5   -2   - |    16.084314086 |   25949   34351 |   2.54e-11
    3 |     24.287 |     7   -3   + |    29.273410414 |   37291   61344 |   1.91e-10
    4 |     25.066 |    18   -3   - |    25.044653087 |     258   50851 |   1.59e-10
    5 |     30.344 |     3   -4   + |    38.240062994 |   63443   42579 |   2.51e-11
    6 |     30.895 |     6   -3   - |    25.129841095 |   40406   51479 |   4.38e-10
    7 |     32.787 |     1   -4   + |    38.034841852 |   38490   56161 |   3.74e-11
    8 |     33.596 |     1   -3   - |    25.418200133 |   20518   11137 |   2.80e-10
  -> CHAINE COMPLETE : toutes les 8 cibles restantes atteintes.

--- depart l=41 : b1[41] = (t=21,k=-2,sg=+) = 20.287594624 | chaine atteint n_l = 8 etape(s) ---
etape |   cible x0 |     t    k  sg |               b |      N1      N2 |     erreur
    0 |   (depart) |    21   -2   + |    20.287594624 |                 |           
    1 |     21.147 |    44   -3   - |    25.002628762 |   36923    8230 |   1.61e-11
    2 |      21.76 |    46   -2   + |    20.322612762 |    9546   21535 |   1.49e-10
    3 |     24.287 |    49   -3   - |    24.998719350 |    9536   53117 |   1.01e-11
    4 |     25.066 |     6   -3   + |    29.258480607 |   57079     916 |   2.15e-11
    5 |     30.344 |    49   -4   - |    34.063439633 |   35179   10267 |   6.10e-11
    6 |     30.895 |    45   -3   + |    29.386526655 |   10047   21103 |   4.16e-11
    7 |     32.787 |    41   -4   - |    34.070030595 |    5657   14993 |   1.09e-10
    8 |     33.596 |    43   -3   + |    29.384830321 |   13832    1557 |   6.25e-11
  -> CHAINE COMPLETE : toutes les 8 cibles restantes atteintes.

--- depart l=42 : b1[42] = (t=21,k=-2,sg=-) = 15.971286511 | chaine atteint n_l = 8 etape(s) ---
etape |   cible x0 |     t    k  sg |               b |      N1      N2 |     erreur
    0 |   (depart) |    21   -2   - |    15.971286511 |                 |           
    1 |     21.147 |     5   -3   + |    29.239287332 |   44152   28239 |   1.22e-10
    2 |      21.76 |     7   -2   - |    16.050191004 |   21623   28324 |   1.98e-10
    3 |     24.287 |     9   -3   + |    29.295431860 |   22073   36301 |   1.69e-11
    4 |     25.066 |    14   -3   - |    25.060254034 |      43   31651 |   2.48e-11
    5 |     30.344 |     5   -4   + |    38.304007616 |   32869   21818 |   1.28e-10
    6 |     30.895 |     1   -3   - |    25.418200133 |   35088   47467 |   4.94e-10
    7 |     32.787 |     5   -4   + |    38.304007616 |   37241   49741 |   9.81e-11
    8 |     33.596 |     7   -3   - |    25.114911288 |   59717   33150 |   5.88e-11
  -> CHAINE COMPLETE : toutes les 8 cibles restantes atteintes.

--- depart l=43 : b1[43] = (t=22,k=-2,sg=+) = 20.290076062 | chaine atteint n_l = 8 etape(s) ---
etape |   cible x0 |     t    k  sg |               b |      N1      N2 |     erreur
    0 |   (depart) |    22   -2   + |    20.290076062 |                 |           
    1 |     21.147 |    50   -3   - |    24.998008672 |   56467   12565 |   5.96e-10
    2 |      21.76 |    46   -2   + |    20.322612762 |   17471   39357 |   5.74e-11
    3 |     24.287 |    49   -3   - |    24.998719350 |    9536   53117 |   1.01e-11
    4 |     25.066 |     6   -3   + |    29.258480607 |   57079     916 |   2.15e-11
    5 |     30.344 |    49   -4   - |    34.063439633 |   35179   10267 |   6.10e-11
    6 |     30.895 |    45   -3   + |    29.386526655 |   10047   21103 |   4.16e-11
    7 |     32.787 |    41   -4   - |    34.070030595 |    5657   14993 |   1.09e-10
    8 |     33.596 |    43   -3   + |    29.384830321 |   13832    1557 |   6.25e-11
  -> CHAINE COMPLETE : toutes les 8 cibles restantes atteintes.

--- depart l=44 : b1[44] = (t=22,k=-2,sg=-) = 15.968805073 | chaine atteint n_l = 8 etape(s) ---
etape |   cible x0 |     t    k  sg |               b |      N1      N2 |     erreur
    0 |   (depart) |    22   -2   - |    15.968805073 |                 |           
    1 |     21.147 |     4   -3   + |    29.213318780 |   52912   33967 |   5.95e-11
    2 |      21.76 |     2   -2   - |    16.211720995 |   26471   35560 |   3.31e-11
    3 |     24.287 |     1   -3   + |    28.970121569 |   30686   52913 |   8.49e-11
    4 |     25.066 |    17   -3   - |    25.048031726 |     201   43673 |   5.95e-11
    5 |     30.344 |     7   -4   + |    38.338130698 |   53689   35568 |   1.17e-10
    6 |     30.895 |    10   -3   - |    25.084444446 |   16461   21086 |   5.22e-11
    7 |     32.787 |     6   -4   + |    38.323200891 |   15852   22055 |   6.84e-11
    8 |     33.596 |     1   -3   - |    25.418200133 |   40306   23299 |   2.41e-10
  -> CHAINE COMPLETE : toutes les 8 cibles restantes atteintes.

--- depart l=45 : b1[45] = (t=23,k=-2,sg=+) = 20.292393997 | chaine atteint n_l = 8 etape(s) ---
etape |   cible x0 |     t    k  sg |               b |      N1      N2 |     erreur
    0 |   (depart) |    23   -2   + |    20.292393997 |                 |           
    1 |     21.147 |    46   -3   - |    25.000988656 |   14228    3155 |   2.78e-11
    2 |      21.76 |    45   -2   + |    20.321806372 |   12808   28863 |   2.15e-10
    3 |     24.287 |    48   -3   - |    24.999452113 |    5232   29119 |   1.18e-10
    4 |     25.066 |     1   -3   + |    28.970121569 |   61541    1049 |   1.66e-10
    5 |     30.344 |    48   -4   - |    34.064172396 |   54061   19965 |   1.22e-10
    6 |     30.895 |    44   -3   + |    29.385692940 |   21884   45951 |   1.04e-10
    7 |     32.787 |    45   -4   - |    34.066515330 |    5841   15527 |   1.25e-10
    8 |     33.596 |    50   -3   + |    29.390313030 |   51280    5737 |   1.34e-10
  -> CHAINE COMPLETE : toutes les 8 cibles restantes atteintes.

--- depart l=46 : b1[46] = (t=23,k=-2,sg=-) = 15.966487138 | chaine atteint n_l = 8 etape(s) ---
etape |   cible x0 |     t    k  sg |               b |      N1      N2 |     erreur
    0 |   (depart) |    23   -2   - |    15.966487138 |                 |           
    1 |     21.147 |     1   -3   + |    28.970121569 |   51330   33991 |   1.06e-10
    2 |      21.76 |     6   -2   - |    16.065120811 |   26974   34151 |   1.32e-10
    3 |     24.287 |     2   -3   + |    29.111880423 |   29739   50677 |   1.61e-10
    4 |     25.066 |    18   -3   - |    25.044653087 |     100   18953 |   9.94e-11
    5 |     30.344 |     3   -4   + |    38.240062994 |   63443   42579 |   2.51e-11
    6 |     30.895 |     6   -3   - |    25.129841095 |   40406   51479 |   4.38e-10
    7 |     32.787 |     1   -4   + |    38.034841852 |   38490   56161 |   3.74e-11
    8 |     33.596 |     1   -3   - |    25.418200133 |   20518   11137 |   2.80e-10
  -> CHAINE COMPLETE : toutes les 8 cibles restantes atteintes.

--- depart l=47 : b1[47] = (t=24,k=-2,sg=+) = 20.294565630 | chaine atteint n_l = 8 etape(s) ---
etape |   cible x0 |     t    k  sg |               b |      N1      N2 |     erreur
    0 |   (depart) |    24   -2   + |    20.294565630 |                 |           
    1 |     21.147 |    48   -3   - |    24.999452113 |   29073    6433 |   7.41e-11
    2 |      21.76 |    42   -2   + |    20.319216806 |   26663   59949 |   6.91e-11
    3 |     24.287 |    43   -3   - |    25.003491381 |   10173   56336 |   2.80e-10
    4 |     25.066 |     8   -3   + |    29.285452495 |   17483     259 |   8.79e-11
    5 |     30.344 |    45   -4   - |    34.066515330 |   38602   10977 |   1.27e-11
    6 |     30.895 |    44   -3   + |    29.385692940 |    6051   12715 |   1.95e-10
    7 |     32.787 |    45   -4   - |    34.066515330 |    5841   15527 |   1.25e-10
    8 |     33.596 |    50   -3   + |    29.390313030 |   51280    5737 |   1.34e-10
  -> CHAINE COMPLETE : toutes les 8 cibles restantes atteintes.

--- depart l=48 : b1[48] = (t=24,k=-2,sg=-) = 15.964315505 | chaine atteint n_l = 8 etape(s) ---
etape |   cible x0 |     t    k  sg |               b |      N1      N2 |     erreur
    0 |   (depart) |    24   -2   - |    15.964315505 |                 |           
    1 |     21.147 |     4   -3   + |    29.213318780 |   44555   28627 |   1.85e-10
    2 |      21.76 |     2   -2   - |    16.211720995 |   26471   35560 |   3.31e-11
    3 |     24.287 |     1   -3   + |    28.970121569 |   30686   52913 |   8.49e-11
    4 |     25.066 |    17   -3   - |    25.048031726 |     201   43673 |   5.95e-11
    5 |     30.344 |     7   -4   + |    38.338130698 |   53689   35568 |   1.17e-10
    6 |     30.895 |    10   -3   - |    25.084444446 |   16461   21086 |   5.22e-11
    7 |     32.787 |     6   -4   + |    38.323200891 |   15852   22055 |   6.84e-11
    8 |     33.596 |     1   -3   - |    25.418200133 |   40306   23299 |   2.41e-10
  -> CHAINE COMPLETE : toutes les 8 cibles restantes atteintes.

--- depart l=49 : b1[49] = (t=25,k=-2,sg=+) = 20.296605731 | chaine atteint n_l = 8 etape(s) ---
etape |   cible x0 |     t    k  sg |               b |      N1      N2 |     erreur
    0 |   (depart) |    25   -2   + |    20.296605731 |                 |           
    1 |     21.147 |    50   -3   - |    24.998008672 |   46639   10299 |   2.84e-11
    2 |      21.76 |    46   -2   + |    20.322612762 |   17471   39357 |   5.74e-11
    3 |     24.287 |    49   -3   - |    24.998719350 |    9536   53117 |   1.01e-11
    4 |     25.066 |     6   -3   + |    29.258480607 |   57079     916 |   2.15e-11
    5 |     30.344 |    49   -4   - |    34.063439633 |   35179   10267 |   6.10e-11
    6 |     30.895 |    45   -3   + |    29.386526655 |   10047   21103 |   4.16e-11
    7 |     32.787 |    41   -4   - |    34.070030595 |    5657   14993 |   1.09e-10
    8 |     33.596 |    43   -3   + |    29.384830321 |   13832    1557 |   6.25e-11
  -> CHAINE COMPLETE : toutes les 8 cibles restantes atteintes.

--- depart l=50 : b1[50] = (t=25,k=-2,sg=-) = 15.962275404 | chaine atteint n_l = 8 etape(s) ---
etape |   cible x0 |     t    k  sg |               b |      N1      N2 |     erreur
    0 |   (depart) |    25   -2   - |    15.962275404 |                 |           
    1 |     21.147 |     2   -3   + |    29.111880423 |   17665   11499 |   1.67e-10
    2 |      21.76 |     8   -2   - |    16.038148923 |   13153   16900 |   2.92e-10
    3 |     24.287 |     1   -3   + |    28.970121569 |   31425   55352 |   3.34e-10
    4 |     25.066 |    17   -3   - |    25.048031726 |     201   43673 |   5.95e-11
    5 |     30.344 |     7   -4   + |    38.338130698 |   53689   35568 |   1.17e-10
    6 |     30.895 |    10   -3   - |    25.084444446 |   16461   21086 |   5.22e-11
    7 |     32.787 |     6   -4   + |    38.323200891 |   15852   22055 |   6.84e-11
    8 |     33.596 |     1   -3   - |    25.418200133 |   40306   23299 |   2.41e-10
  -> CHAINE COMPLETE : toutes les 8 cibles restantes atteintes.

--- depart l=51 : b1[51] = (t=26,k=-2,sg=+) = 20.298527063 | chaine atteint n_l = 8 etape(s) ---
etape |   cible x0 |     t    k  sg |               b |      N1      N2 |     erreur
    0 |   (depart) |    26   -2   + |    20.298527063 |                 |           
    1 |     21.147 |    50   -3   - |    24.998008672 |   58795   12954 |   3.99e-11
    2 |      21.76 |    46   -2   + |    20.322612762 |   17471   39357 |   5.74e-11
    3 |     24.287 |    49   -3   - |    24.998719350 |    9536   53117 |   1.01e-11
    4 |     25.066 |     6   -3   + |    29.258480607 |   57079     916 |   2.15e-11
    5 |     30.344 |    49   -4   - |    34.063439633 |   35179   10267 |   6.10e-11
    6 |     30.895 |    45   -3   + |    29.386526655 |   10047   21103 |   4.16e-11
    7 |     32.787 |    41   -4   - |    34.070030595 |    5657   14993 |   1.09e-10
    8 |     33.596 |    43   -3   + |    29.384830321 |   13832    1557 |   6.25e-11
  -> CHAINE COMPLETE : toutes les 8 cibles restantes atteintes.

--- depart l=52 : b1[52] = (t=26,k=-2,sg=-) = 15.960354072 | chaine atteint n_l = 8 etape(s) ---
etape |   cible x0 |     t    k  sg |               b |      N1      N2 |     erreur
    0 |   (depart) |    26   -2   - |    15.960354072 |                 |           
    1 |     21.147 |     9   -3   + |    29.295431860 |   64807   41251 |   4.90e-11
    2 |      21.76 |     1   -2   - |    16.353479850 |   34721   48393 |   1.09e-10
    3 |     24.287 |    10   -3   + |    29.303877256 |   39101   61833 |   1.57e-10
    4 |     25.066 |    15   -3   - |    25.055774887 |     142   58853 |   7.98e-11
    5 |     30.344 |     3   -4   + |    38.240062994 |   62146   41621 |   9.87e-12
    6 |     30.895 |     6   -3   - |    25.129841095 |   40406   51479 |   4.38e-10
    7 |     32.787 |     1   -4   + |    38.034841852 |   38490   56161 |   3.74e-11
    8 |     33.596 |     1   -3   - |    25.418200133 |   20518   11137 |   2.80e-10
  -> CHAINE COMPLETE : toutes les 8 cibles restantes atteintes.

--- depart l=53 : b1[53] = (t=27,k=-2,sg=+) = 20.300340720 | chaine atteint n_l = 8 etape(s) ---
etape |   cible x0 |     t    k  sg |               b |      N1      N2 |     erreur
    0 |   (depart) |    27   -2   + |    20.300340720 |                 |           
    1 |     21.147 |    50   -3   - |    24.998008672 |   28337    6230 |   1.70e-10
    2 |      21.76 |    46   -2   + |    20.322612762 |   17471   39357 |   5.74e-11
    3 |     24.287 |    49   -3   - |    24.998719350 |    9536   53117 |   1.01e-11
    4 |     25.066 |     6   -3   + |    29.258480607 |   57079     916 |   2.15e-11
    5 |     30.344 |    49   -4   - |    34.063439633 |   35179   10267 |   6.10e-11
    6 |     30.895 |    45   -3   + |    29.386526655 |   10047   21103 |   4.16e-11
    7 |     32.787 |    41   -4   - |    34.070030595 |    5657   14993 |   1.09e-10
    8 |     33.596 |    43   -3   + |    29.384830321 |   13832    1557 |   6.25e-11
  -> CHAINE COMPLETE : toutes les 8 cibles restantes atteintes.

--- depart l=54 : b1[54] = (t=27,k=-2,sg=-) = 15.958540415 | chaine atteint n_l = 8 etape(s) ---
etape |   cible x0 |     t    k  sg |               b |      N1      N2 |     erreur
    0 |   (depart) |    27   -2   - |    15.958540415 |                 |           
    1 |     21.147 |     9   -3   + |    29.295431860 |   57703   36742 |   3.33e-10
    2 |      21.76 |     1   -2   - |    16.353479850 |   34721   48393 |   1.09e-10
    3 |     24.287 |    10   -3   + |    29.303877256 |   39101   61833 |   1.57e-10
    4 |     25.066 |    15   -3   - |    25.055774887 |     142   58853 |   7.98e-11
    5 |     30.344 |     3   -4   + |    38.240062994 |   62146   41621 |   9.87e-12
    6 |     30.895 |     6   -3   - |    25.129841095 |   40406   51479 |   4.38e-10
    7 |     32.787 |     1   -4   + |    38.034841852 |   38490   56161 |   3.74e-11
    8 |     33.596 |     1   -3   - |    25.418200133 |   20518   11137 |   2.80e-10
  -> CHAINE COMPLETE : toutes les 8 cibles restantes atteintes.

--- depart l=55 : b1[55] = (t=28,k=-2,sg=+) = 20.302056397 | chaine atteint n_l = 8 etape(s) ---
etape |   cible x0 |     t    k  sg |               b |      N1      N2 |     erreur
    0 |   (depart) |    28   -2   + |    20.302056397 |                 |           
    1 |     21.147 |    43   -3   - |    25.003491381 |   48166   10553 |   3.95e-10
    2 |      21.76 |    45   -2   + |    20.321806372 |   25649   57845 |   2.29e-10
    3 |     24.287 |    48   -3   - |    24.999452113 |    5232   29119 |   1.18e-10
    4 |     25.066 |     1   -3   + |    28.970121569 |   61541    1049 |   1.66e-10
    5 |     30.344 |    48   -4   - |    34.064172396 |   54061   19965 |   1.22e-10
    6 |     30.895 |    44   -3   + |    29.385692940 |   21884   45951 |   1.04e-10
    7 |     32.787 |    45   -4   - |    34.066515330 |    5841   15527 |   1.25e-10
    8 |     33.596 |    50   -3   + |    29.390313030 |   51280    5737 |   1.34e-10
  -> CHAINE COMPLETE : toutes les 8 cibles restantes atteintes.

--- depart l=56 : b1[56] = (t=28,k=-2,sg=-) = 15.956824737 | chaine atteint n_l = 8 etape(s) ---
etape |   cible x0 |     t    k  sg |               b |      N1      N2 |     erreur
    0 |   (depart) |    28   -2   - |    15.956824737 |                 |           
    1 |     21.147 |     1   -3   + |    28.970121569 |   59719   39620 |   2.62e-10
    2 |      21.76 |     6   -2   - |    16.065120811 |   26974   34151 |   1.32e-10
    3 |     24.287 |     2   -3   + |    29.111880423 |   29739   50677 |   1.61e-10
    4 |     25.066 |    18   -3   - |    25.044653087 |     100   18953 |   9.94e-11
    5 |     30.344 |     3   -4   + |    38.240062994 |   63443   42579 |   2.51e-11
    6 |     30.895 |     6   -3   - |    25.129841095 |   40406   51479 |   4.38e-10
    7 |     32.787 |     1   -4   + |    38.034841852 |   38490   56161 |   3.74e-11
    8 |     33.596 |     1   -3   - |    25.418200133 |   20518   11137 |   2.80e-10
  -> CHAINE COMPLETE : toutes les 8 cibles restantes atteintes.

--- depart l=57 : b1[57] = (t=29,k=-2,sg=+) = 20.303682611 | chaine atteint n_l = 8 etape(s) ---
etape |   cible x0 |     t    k  sg |               b |      N1      N2 |     erreur
    0 |   (depart) |    29   -2   + |    20.303682611 |                 |           
    1 |     21.147 |    50   -3   - |    24.998008672 |   41957    9188 |   6.16e-11
    2 |      21.76 |    46   -2   + |    20.322612762 |   17471   39357 |   5.74e-11
    3 |     24.287 |    49   -3   - |    24.998719350 |    9536   53117 |   1.01e-11
    4 |     25.066 |     6   -3   + |    29.258480607 |   57079     916 |   2.15e-11
    5 |     30.344 |    49   -4   - |    34.063439633 |   35179   10267 |   6.10e-11
    6 |     30.895 |    45   -3   + |    29.386526655 |   10047   21103 |   4.16e-11
    7 |     32.787 |    41   -4   - |    34.070030595 |    5657   14993 |   1.09e-10
    8 |     33.596 |    43   -3   + |    29.384830321 |   13832    1557 |   6.25e-11
  -> CHAINE COMPLETE : toutes les 8 cibles restantes atteintes.

--- depart l=58 : b1[58] = (t=29,k=-2,sg=-) = 15.955198523 | chaine atteint n_l = 8 etape(s) ---
etape |   cible x0 |     t    k  sg |               b |      N1      N2 |     erreur
    0 |   (depart) |    29   -2   - |    15.955198523 |                 |           
    1 |     21.147 |     2   -3   + |    29.111880423 |   19083   12439 |   2.08e-10
    2 |      21.76 |     8   -2   - |    16.038148923 |   13153   16900 |   2.92e-10
    3 |     24.287 |     1   -3   + |    28.970121569 |   31425   55352 |   3.34e-10
    4 |     25.066 |    17   -3   - |    25.048031726 |     201   43673 |   5.95e-11
    5 |     30.344 |     7   -4   + |    38.338130698 |   53689   35568 |   1.17e-10
    6 |     30.895 |    10   -3   - |    25.084444446 |   16461   21086 |   5.22e-11
    7 |     32.787 |     6   -4   + |    38.323200891 |   15852   22055 |   6.84e-11
    8 |     33.596 |     1   -3   - |    25.418200133 |   40306   23299 |   2.41e-10
  -> CHAINE COMPLETE : toutes les 8 cibles restantes atteintes.

--- depart l=59 : b1[59] = (t=30,k=-2,sg=+) = 20.305226876 | chaine atteint n_l = 8 etape(s) ---
etape |   cible x0 |     t    k  sg |               b |      N1      N2 |     erreur
    0 |   (depart) |    30   -2   + |    20.305226876 |                 |           
    1 |     21.147 |    41   -3   - |    25.005310311 |   59577   12998 |   5.83e-11
    2 |      21.76 |    49   -2   + |    20.324882069 |   17306   39135 |   1.44e-11
    3 |     24.287 |    44   -3   - |    25.002628762 |   10409   57630 |   1.14e-11
    4 |     25.066 |     4   -3   + |    29.213318780 |   59293     906 |   8.84e-11
    5 |     30.344 |    47   -4   - |    34.064928413 |   61513   18692 |   1.17e-10
    6 |     30.895 |    49   -3   + |    29.389602352 |   18324   38585 |   3.20e-11
    7 |     32.787 |    44   -4   - |    34.067349046 |   23001   61033 |   1.69e-11
    8 |     33.596 |    41   -3   + |    29.383011391 |   15463    1730 |   1.43e-10
  -> CHAINE COMPLETE : toutes les 8 cibles restantes atteintes.

--- depart l=60 : b1[60] = (t=30,k=-2,sg=-) = 15.953654259 | chaine atteint n_l = 8 etape(s) ---
etape |   cible x0 |     t    k  sg |               b |      N1      N2 |     erreur
    0 |   (depart) |    30   -2   - |    15.953654259 |                 |           
    1 |     21.147 |     6   -3   + |    29.258480607 |   17537   11228 |   8.76e-11
    2 |      21.76 |     2   -2   - |    16.211720995 |   42962   58063 |   2.30e-10
    3 |     24.287 |     1   -3   + |    28.970121569 |   30686   52913 |   8.49e-11
    4 |     25.066 |    17   -3   - |    25.048031726 |     201   43673 |   5.95e-11
    5 |     30.344 |     7   -4   + |    38.338130698 |   53689   35568 |   1.17e-10
    6 |     30.895 |    10   -3   - |    25.084444446 |   16461   21086 |   5.22e-11
    7 |     32.787 |     6   -4   + |    38.323200891 |   15852   22055 |   6.84e-11
    8 |     33.596 |     1   -3   - |    25.418200133 |   40306   23299 |   2.41e-10
  -> CHAINE COMPLETE : toutes les 8 cibles restantes atteintes.

--- depart l=61 : b1[61] = (t=31,k=-2,sg=+) = 20.306695850 | chaine atteint n_l = 8 etape(s) ---
etape |   cible x0 |     t    k  sg |               b |      N1      N2 |     erreur
    0 |   (depart) |    31   -2   + |    20.306695850 |                 |           
    1 |     21.147 |    42   -3   - |    25.004384612 |   60259   13127 |   2.61e-10
    2 |      21.76 |    43   -2   + |    20.320110038 |   23391   52705 |   2.31e-11
    3 |     24.287 |    48   -3   - |    24.999452113 |   10112   56303 |   1.87e-12
    4 |     25.066 |     1   -3   + |    28.970121569 |   61541    1049 |   1.66e-10
    5 |     30.344 |    48   -4   - |    34.064172396 |   54061   19965 |   1.22e-10
    6 |     30.895 |    44   -3   + |    29.385692940 |   21884   45951 |   1.04e-10
    7 |     32.787 |    45   -4   - |    34.066515330 |    5841   15527 |   1.25e-10
    8 |     33.596 |    50   -3   + |    29.390313030 |   51280    5737 |   1.34e-10
  -> CHAINE COMPLETE : toutes les 8 cibles restantes atteintes.

--- depart l=62 : b1[62] = (t=31,k=-2,sg=-) = 15.952185285 | chaine atteint n_l = 8 etape(s) ---
etape |   cible x0 |     t    k  sg |               b |      N1      N2 |     erreur
    0 |   (depart) |    31   -2   - |    15.952185285 |                 |           
    1 |     21.147 |     7   -3   + |    29.273410414 |   27551   17612 |   1.70e-10
    2 |      21.76 |     5   -2   - |    16.084314086 |   25949   34351 |   2.54e-11
    3 |     24.287 |     7   -3   + |    29.273410414 |   37291   61344 |   1.91e-10
    4 |     25.066 |    18   -3   - |    25.044653087 |     258   50851 |   1.59e-10
    5 |     30.344 |     3   -4   + |    38.240062994 |   63443   42579 |   2.51e-11
    6 |     30.895 |     6   -3   - |    25.129841095 |   40406   51479 |   4.38e-10
    7 |     32.787 |     1   -4   + |    38.034841852 |   38490   56161 |   3.74e-11
    8 |     33.596 |     1   -3   - |    25.418200133 |   20518   11137 |   2.80e-10
  -> CHAINE COMPLETE : toutes les 8 cibles restantes atteintes.

--- depart l=63 : b1[63] = (t=32,k=-2,sg=+) = 20.308095459 | chaine atteint n_l = 8 etape(s) ---
etape |   cible x0 |     t    k  sg |               b |      N1      N2 |     erreur
    0 |   (depart) |    32   -2   + |    20.308095459 |                 |           
    1 |     21.147 |    46   -3   - |    25.000988656 |   30229    6580 |   3.92e-11
    2 |      21.76 |    45   -2   + |    20.321806372 |   12808   28863 |   2.15e-10
    3 |     24.287 |    48   -3   - |    24.999452113 |    5232   29119 |   1.18e-10
    4 |     25.066 |     1   -3   + |    28.970121569 |   61541    1049 |   1.66e-10
    5 |     30.344 |    48   -4   - |    34.064172396 |   54061   19965 |   1.22e-10
    6 |     30.895 |    44   -3   + |    29.385692940 |   21884   45951 |   1.04e-10
    7 |     32.787 |    45   -4   - |    34.066515330 |    5841   15527 |   1.25e-10
    8 |     33.596 |    50   -3   + |    29.390313030 |   51280    5737 |   1.34e-10
  -> CHAINE COMPLETE : toutes les 8 cibles restantes atteintes.

--- depart l=64 : b1[64] = (t=32,k=-2,sg=-) = 15.950785675 | chaine atteint n_l = 8 etape(s) ---
etape |   cible x0 |     t    k  sg |               b |      N1      N2 |     erreur
    0 |   (depart) |    32   -2   - |    15.950785675 |                 |           
    1 |     21.147 |     3   -3   + |    29.175342710 |   27239   17630 |   3.50e-10
    2 |      21.76 |     3   -2   - |    16.148258708 |   47617   62921 |   3.30e-11
    3 |     24.287 |     4   -3   + |    29.213318780 |   36415   60161 |   3.71e-10
    4 |     25.066 |    13   -3   - |    25.065239780 |      12   65465 |   1.24e-10
    5 |     30.344 |     8   -4   + |    38.350172779 |   20099   13252 |   4.90e-11
    6 |     30.895 |     8   -3   - |    25.102869207 |   45803   58954 |   3.67e-11
    7 |     32.787 |     3   -4   + |    38.240062994 |   43259   60958 |   1.01e-10
    8 |     33.596 |     4   -3   - |    25.175002922 |   45925   25327 |   9.81e-12
  -> CHAINE COMPLETE : toutes les 8 cibles restantes atteintes.

--- depart l=65 : b1[65] = (t=33,k=-2,sg=+) = 20.309430997 | chaine atteint n_l = 8 etape(s) ---
etape |   cible x0 |     t    k  sg |               b |      N1      N2 |     erreur
    0 |   (depart) |    33   -2   + |    20.309430997 |                 |           
    1 |     21.147 |    48   -3   - |    24.999452113 |   33747    7337 |   2.10e-10
    2 |      21.76 |    42   -2   + |    20.319216806 |   26663   59949 |   6.91e-11
    3 |     24.287 |    43   -3   - |    25.003491381 |   10173   56336 |   2.80e-10
    4 |     25.066 |     8   -3   + |    29.285452495 |   17483     259 |   8.79e-11
    5 |     30.344 |    45   -4   - |    34.066515330 |   38602   10977 |   1.27e-11
    6 |     30.895 |    44   -3   + |    29.385692940 |    6051   12715 |   1.95e-10
    7 |     32.787 |    45   -4   - |    34.066515330 |    5841   15527 |   1.25e-10
    8 |     33.596 |    50   -3   + |    29.390313030 |   51280    5737 |   1.34e-10
  -> CHAINE COMPLETE : toutes les 8 cibles restantes atteintes.

--- depart l=66 : b1[66] = (t=33,k=-2,sg=-) = 15.949450138 | chaine atteint n_l = 8 etape(s) ---
etape |   cible x0 |     t    k  sg |               b |      N1      N2 |     erreur
    0 |   (depart) |    33   -2   - |    15.949450138 |                 |           
    1 |     21.147 |     3   -3   + |    29.175342710 |   50675   32807 |   1.26e-10
    2 |      21.76 |     3   -2   - |    16.148258708 |   47617   62921 |   3.30e-11
    3 |     24.287 |     4   -3   + |    29.213318780 |   36415   60161 |   3.71e-10
    4 |     25.066 |    13   -3   - |    25.065239780 |      12   65465 |   1.24e-10
    5 |     30.344 |     8   -4   + |    38.350172779 |   20099   13252 |   4.90e-11
    6 |     30.895 |     8   -3   - |    25.102869207 |   45803   58954 |   3.67e-11
    7 |     32.787 |     3   -4   + |    38.240062994 |   43259   60958 |   1.01e-10
    8 |     33.596 |     4   -3   - |    25.175002922 |   45925   25327 |   9.81e-12
  -> CHAINE COMPLETE : toutes les 8 cibles restantes atteintes.

--- depart l=67 : b1[67] = (t=34,k=-2,sg=+) = 20.310707207 | chaine atteint n_l = 8 etape(s) ---
etape |   cible x0 |     t    k  sg |               b |      N1      N2 |     erreur
    0 |   (depart) |    34   -2   + |    20.310707207 |                 |           
    1 |     21.147 |    48   -3   - |    24.999452113 |   53183   11545 |   1.14e-10
    2 |      21.76 |    42   -2   + |    20.319216806 |   26663   59949 |   6.91e-11
    3 |     24.287 |    43   -3   - |    25.003491381 |   10173   56336 |   2.80e-10
    4 |     25.066 |     8   -3   + |    29.285452495 |   17483     259 |   8.79e-11
    5 |     30.344 |    45   -4   - |    34.066515330 |   38602   10977 |   1.27e-11
    6 |     30.895 |    44   -3   + |    29.385692940 |    6051   12715 |   1.95e-10
    7 |     32.787 |    45   -4   - |    34.066515330 |    5841   15527 |   1.25e-10
    8 |     33.596 |    50   -3   + |    29.390313030 |   51280    5737 |   1.34e-10
  -> CHAINE COMPLETE : toutes les 8 cibles restantes atteintes.

--- depart l=68 : b1[68] = (t=34,k=-2,sg=-) = 15.948173928 | chaine atteint n_l = 8 etape(s) ---
etape |   cible x0 |     t    k  sg |               b |      N1      N2 |     erreur
    0 |   (depart) |    34   -2   - |    15.948173928 |                 |           
    1 |     21.147 |     7   -3   + |    29.273410414 |   63083   40357 |   1.74e-10
    2 |      21.76 |     5   -2   - |    16.084314086 |   25949   34351 |   2.54e-11
    3 |     24.287 |     7   -3   + |    29.273410414 |   37291   61344 |   1.91e-10
    4 |     25.066 |    18   -3   - |    25.044653087 |     258   50851 |   1.59e-10
    5 |     30.344 |     3   -4   + |    38.240062994 |   63443   42579 |   2.51e-11
    6 |     30.895 |     6   -3   - |    25.129841095 |   40406   51479 |   4.38e-10
    7 |     32.787 |     1   -4   + |    38.034841852 |   38490   56161 |   3.74e-11
    8 |     33.596 |     1   -3   - |    25.418200133 |   20518   11137 |   2.80e-10
  -> CHAINE COMPLETE : toutes les 8 cibles restantes atteintes.

--- depart l=69 : b1[69] = (t=35,k=-2,sg=+) = 20.311928354 | chaine atteint n_l = 8 etape(s) ---
etape |   cible x0 |     t    k  sg |               b |      N1      N2 |     erreur
    0 |   (depart) |    35   -2   + |    20.311928354 |                 |           
    1 |     21.147 |    47   -3   - |    25.000208129 |   43143    9350 |   5.05e-11
    2 |      21.76 |    42   -2   + |    20.319216806 |    8344   18765 |   4.49e-11
    3 |     24.287 |    43   -3   - |    25.003491381 |   10173   56336 |   2.80e-10
    4 |     25.066 |     8   -3   + |    29.285452495 |   17483     259 |   8.79e-11
    5 |     30.344 |    45   -4   - |    34.066515330 |   38602   10977 |   1.27e-11
    6 |     30.895 |    44   -3   + |    29.385692940 |    6051   12715 |   1.95e-10
    7 |     32.787 |    45   -4   - |    34.066515330 |    5841   15527 |   1.25e-10
    8 |     33.596 |    50   -3   + |    29.390313030 |   51280    5737 |   1.34e-10
  -> CHAINE COMPLETE : toutes les 8 cibles restantes atteintes.

--- depart l=70 : b1[70] = (t=35,k=-2,sg=-) = 15.946952780 | chaine atteint n_l = 8 etape(s) ---
etape |   cible x0 |     t    k  sg |               b |      N1      N2 |     erreur
    0 |   (depart) |    35   -2   - |    15.946952780 |                 |           
    1 |     21.147 |     4   -3   + |    29.213318780 |   37325   24062 |   5.66e-11
    2 |      21.76 |     2   -2   - |    16.211720995 |   26471   35560 |   3.31e-11
    3 |     24.287 |     1   -3   + |    28.970121569 |   30686   52913 |   8.49e-11
    4 |     25.066 |    17   -3   - |    25.048031726 |     201   43673 |   5.95e-11
    5 |     30.344 |     7   -4   + |    38.338130698 |   53689   35568 |   1.17e-10
    6 |     30.895 |    10   -3   - |    25.084444446 |   16461   21086 |   5.22e-11
    7 |     32.787 |     6   -4   + |    38.323200891 |   15852   22055 |   6.84e-11
    8 |     33.596 |     1   -3   - |    25.418200133 |   40306   23299 |   2.41e-10
  -> CHAINE COMPLETE : toutes les 8 cibles restantes atteintes.

--- depart l=71 : b1[71] = (t=36,k=-2,sg=+) = 20.313098289 | chaine atteint n_l = 8 etape(s) ---
etape |   cible x0 |     t    k  sg |               b |      N1      N2 |     erreur
    0 |   (depart) |    36   -2   + |    20.313098289 |                 |           
    1 |     21.147 |    47   -3   - |    25.000208129 |   18663    4039 |   8.84e-11
    2 |      21.76 |    42   -2   + |    20.319216806 |    8344   18765 |   4.49e-11
    3 |     24.287 |    43   -3   - |    25.003491381 |   10173   56336 |   2.80e-10
    4 |     25.066 |     8   -3   + |    29.285452495 |   17483     259 |   8.79e-11
    5 |     30.344 |    45   -4   - |    34.066515330 |   38602   10977 |   1.27e-11
    6 |     30.895 |    44   -3   + |    29.385692940 |    6051   12715 |   1.95e-10
    7 |     32.787 |    45   -4   - |    34.066515330 |    5841   15527 |   1.25e-10
    8 |     33.596 |    50   -3   + |    29.390313030 |   51280    5737 |   1.34e-10
  -> CHAINE COMPLETE : toutes les 8 cibles restantes atteintes.

--- depart l=72 : b1[72] = (t=36,k=-2,sg=-) = 15.945782846 | chaine atteint n_l = 8 etape(s) ---
etape |   cible x0 |     t    k  sg |               b |      N1      N2 |     erreur
    0 |   (depart) |    36   -2   - |    15.945782846 |                 |           
    1 |     21.147 |     6   -3   + |    29.258480607 |   29653   19014 |   2.82e-10
    2 |      21.76 |     2   -2   - |    16.211720995 |   42962   58063 |   2.30e-10
    3 |     24.287 |     1   -3   + |    28.970121569 |   30686   52913 |   8.49e-11
    4 |     25.066 |    17   -3   - |    25.048031726 |     201   43673 |   5.95e-11
    5 |     30.344 |     7   -4   + |    38.338130698 |   53689   35568 |   1.17e-10
    6 |     30.895 |    10   -3   - |    25.084444446 |   16461   21086 |   5.22e-11
    7 |     32.787 |     6   -4   + |    38.323200891 |   15852   22055 |   6.84e-11
    8 |     33.596 |     1   -3   - |    25.418200133 |   40306   23299 |   2.41e-10
  -> CHAINE COMPLETE : toutes les 8 cibles restantes atteintes.

--- depart l=73 : b1[73] = (t=37,k=-2,sg=+) = 20.314220493 | chaine atteint n_l = 8 etape(s) ---
etape |   cible x0 |     t    k  sg |               b |      N1      N2 |     erreur
    0 |   (depart) |    37   -2   + |    20.314220493 |                 |           
    1 |     21.147 |    49   -3   - |    24.998719350 |   46404   10033 |   1.22e-11
    2 |      21.76 |    50   -2   + |    20.325592746 |   20971   47350 |   3.76e-11
    3 |     24.287 |    43   -3   - |    25.003491381 |    8461   46780 |   5.74e-11
    4 |     25.066 |     8   -3   + |    29.285452495 |   17483     259 |   8.79e-11
    5 |     30.344 |    45   -4   - |    34.066515330 |   38602   10977 |   1.27e-11
    6 |     30.895 |    44   -3   + |    29.385692940 |    6051   12715 |   1.95e-10
    7 |     32.787 |    45   -4   - |    34.066515330 |    5841   15527 |   1.25e-10
    8 |     33.596 |    50   -3   + |    29.390313030 |   51280    5737 |   1.34e-10
  -> CHAINE COMPLETE : toutes les 8 cibles restantes atteintes.

--- depart l=74 : b1[74] = (t=37,k=-2,sg=-) = 15.944660641 | chaine atteint n_l = 8 etape(s) ---
etape |   cible x0 |     t    k  sg |               b |      N1      N2 |     erreur
    0 |   (depart) |    37   -2   - |    15.944660641 |                 |           
    1 |     21.147 |     9   -3   + |    29.295431860 |   52327   33408 |   2.86e-10
    2 |      21.76 |     1   -2   - |    16.353479850 |   34721   48393 |   1.09e-10
    3 |     24.287 |    10   -3   + |    29.303877256 |   39101   61833 |   1.57e-10
    4 |     25.066 |    15   -3   - |    25.055774887 |     142   58853 |   7.98e-11
    5 |     30.344 |     3   -4   + |    38.240062994 |   62146   41621 |   9.87e-12
    6 |     30.895 |     6   -3   - |    25.129841095 |   40406   51479 |   4.38e-10
    7 |     32.787 |     1   -4   + |    38.034841852 |   38490   56161 |   3.74e-11
    8 |     33.596 |     1   -3   - |    25.418200133 |   20518   11137 |   2.80e-10
  -> CHAINE COMPLETE : toutes les 8 cibles restantes atteintes.

--- depart l=75 : b1[75] = (t=38,k=-2,sg=+) = 20.315298126 | chaine atteint n_l = 8 etape(s) ---
etape |   cible x0 |     t    k  sg |               b |      N1      N2 |     erreur
    0 |   (depart) |    38   -2   + |    20.315298126 |                 |           
    1 |     21.147 |    49   -3   - |    24.998719350 |   40703    8789 |   5.58e-11
    2 |      21.76 |    50   -2   + |    20.325592746 |   20971   47350 |   3.76e-11
    3 |     24.287 |    43   -3   - |    25.003491381 |    8461   46780 |   5.74e-11
    4 |     25.066 |     8   -3   + |    29.285452495 |   17483     259 |   8.79e-11
    5 |     30.344 |    45   -4   - |    34.066515330 |   38602   10977 |   1.27e-11
    6 |     30.895 |    44   -3   + |    29.385692940 |    6051   12715 |   1.95e-10
    7 |     32.787 |    45   -4   - |    34.066515330 |    5841   15527 |   1.25e-10
    8 |     33.596 |    50   -3   + |    29.390313030 |   51280    5737 |   1.34e-10
  -> CHAINE COMPLETE : toutes les 8 cibles restantes atteintes.

--- depart l=76 : b1[76] = (t=38,k=-2,sg=-) = 15.943583008 | chaine atteint n_l = 8 etape(s) ---
etape |   cible x0 |     t    k  sg |               b |      N1      N2 |     erreur
    0 |   (depart) |    38   -2   - |    15.943583008 |                 |           
    1 |     21.147 |     7   -3   + |    29.273410414 |   45895   29387 |   3.55e-14
    2 |      21.76 |     5   -2   - |    16.084314086 |   25949   34351 |   2.54e-11
    3 |     24.287 |     7   -3   + |    29.273410414 |   37291   61344 |   1.91e-10
    4 |     25.066 |    18   -3   - |    25.044653087 |     258   50851 |   1.59e-10
    5 |     30.344 |     3   -4   + |    38.240062994 |   63443   42579 |   2.51e-11
    6 |     30.895 |     6   -3   - |    25.129841095 |   40406   51479 |   4.38e-10
    7 |     32.787 |     1   -4   + |    38.034841852 |   38490   56161 |   3.74e-11
    8 |     33.596 |     1   -3   - |    25.418200133 |   20518   11137 |   2.80e-10
  -> CHAINE COMPLETE : toutes les 8 cibles restantes atteintes.

--- depart l=77 : b1[77] = (t=39,k=-2,sg=+) = 20.316334063 | chaine atteint n_l = 8 etape(s) ---
etape |   cible x0 |     t    k  sg |               b |      N1      N2 |     erreur
    0 |   (depart) |    39   -2   + |    20.316334063 |                 |           
    1 |     21.147 |    44   -3   - |    25.002628762 |   43659    9406 |   1.47e-10
    2 |      21.76 |    46   -2   + |    20.322612762 |    9546   21535 |   1.49e-10
    3 |     24.287 |    49   -3   - |    24.998719350 |    9536   53117 |   1.01e-11
    4 |     25.066 |     6   -3   + |    29.258480607 |   57079     916 |   2.15e-11
    5 |     30.344 |    49   -4   - |    34.063439633 |   35179   10267 |   6.10e-11
    6 |     30.895 |    45   -3   + |    29.386526655 |   10047   21103 |   4.16e-11
    7 |     32.787 |    41   -4   - |    34.070030595 |    5657   14993 |   1.09e-10
    8 |     33.596 |    43   -3   + |    29.384830321 |   13832    1557 |   6.25e-11
  -> CHAINE COMPLETE : toutes les 8 cibles restantes atteintes.

--- depart l=78 : b1[78] = (t=39,k=-2,sg=-) = 15.942547072 | chaine atteint n_l = 8 etape(s) ---
etape |   cible x0 |     t    k  sg |               b |      N1      N2 |     erreur
    0 |   (depart) |    39   -2   - |    15.942547072 |                 |           
    1 |     21.147 |     8   -3   + |    29.285452495 |   16055   10267 |   8.15e-11
    2 |      21.76 |    10   -2   - |    16.019724162 |   10399   13633 |   3.27e-11
    3 |     24.287 |     8   -3   + |    29.285452495 |   24174   39983 |   1.35e-10
    4 |     25.066 |    19   -3   - |    25.041544537 |     373   64356 |   1.72e-10
    5 |     30.344 |     1   -4   + |    38.034841852 |   52420   36141 |   1.78e-10
    6 |     30.895 |     7   -3   - |    25.114911288 |   20319   25099 |   2.16e-10
    7 |     32.787 |     7   -4   + |    38.338130698 |   40361   55782 |   7.17e-10
    8 |     33.596 |     1   -3   - |    25.418200133 |   55165   31989 |   5.02e-11
  -> CHAINE COMPLETE : toutes les 8 cibles restantes atteintes.

--- depart l=79 : b1[79] = (t=40,k=-2,sg=+) = 20.317330924 | chaine atteint n_l = 8 etape(s) ---
etape |   cible x0 |     t    k  sg |               b |      N1      N2 |     erreur
    0 |   (depart) |    40   -2   + |    20.317330924 |                 |           
    1 |     21.147 |    49   -3   - |    24.998719350 |    6973    1502 |   4.46e-11
    2 |      21.76 |    50   -2   + |    20.325592746 |   20971   47350 |   3.76e-11
    3 |     24.287 |    43   -3   - |    25.003491381 |    8461   46780 |   5.74e-11
    4 |     25.066 |     8   -3   + |    29.285452495 |   17483     259 |   8.79e-11
    5 |     30.344 |    45   -4   - |    34.066515330 |   38602   10977 |   1.27e-11
    6 |     30.895 |    44   -3   + |    29.385692940 |    6051   12715 |   1.95e-10
    7 |     32.787 |    45   -4   - |    34.066515330 |    5841   15527 |   1.25e-10
    8 |     33.596 |    50   -3   + |    29.390313030 |   51280    5737 |   1.34e-10
  -> CHAINE COMPLETE : toutes les 8 cibles restantes atteintes.

--- depart l=80 : b1[80] = (t=40,k=-2,sg=-) = 15.941550210 | chaine atteint n_l = 8 etape(s) ---
etape |   cible x0 |     t    k  sg |               b |      N1      N2 |     erreur
    0 |   (depart) |    40   -2   - |    15.941550210 |                 |           
    1 |     21.147 |     9   -3   + |    29.295431860 |   63845   40786 |   2.16e-10
    2 |      21.76 |     1   -2   - |    16.353479850 |   34721   48393 |   1.09e-10
    3 |     24.287 |    10   -3   + |    29.303877256 |   39101   61833 |   1.57e-10
    4 |     25.066 |    15   -3   - |    25.055774887 |     142   58853 |   7.98e-11
    5 |     30.344 |     3   -4   + |    38.240062994 |   62146   41621 |   9.87e-12
    6 |     30.895 |     6   -3   - |    25.129841095 |   40406   51479 |   4.38e-10
    7 |     32.787 |     1   -4   + |    38.034841852 |   38490   56161 |   3.74e-11
    8 |     33.596 |     1   -3   - |    25.418200133 |   20518   11137 |   2.80e-10
  -> CHAINE COMPLETE : toutes les 8 cibles restantes atteintes.

--- depart l=81 : b1[81] = (t=41,k=-2,sg=+) = 20.318291107 | chaine atteint n_l = 8 etape(s) ---
etape |   cible x0 |     t    k  sg |               b |      N1      N2 |     erreur
    0 |   (depart) |    41   -2   + |    20.318291107 |                 |           
    1 |     21.147 |    41   -3   - |    25.005310311 |   61033   13109 |   7.45e-11
    2 |      21.76 |    49   -2   + |    20.324882069 |   17306   39135 |   1.44e-11
    3 |     24.287 |    44   -3   - |    25.002628762 |   10409   57630 |   1.14e-11
    4 |     25.066 |     4   -3   + |    29.213318780 |   59293     906 |   8.84e-11
    5 |     30.344 |    47   -4   - |    34.064928413 |   61513   18692 |   1.17e-10
    6 |     30.895 |    49   -3   + |    29.389602352 |   18324   38585 |   3.20e-11
    7 |     32.787 |    44   -4   - |    34.067349046 |   23001   61033 |   1.69e-11
    8 |     33.596 |    41   -3   + |    29.383011391 |   15463    1730 |   1.43e-10
  -> CHAINE COMPLETE : toutes les 8 cibles restantes atteintes.

--- depart l=82 : b1[82] = (t=41,k=-2,sg=-) = 15.940590028 | chaine atteint n_l = 8 etape(s) ---
etape |   cible x0 |     t    k  sg |               b |      N1      N2 |     erreur
    0 |   (depart) |    41   -2   - |    15.940590028 |                 |           
    1 |     21.147 |     8   -3   + |    29.285452495 |   51503   32948 |   1.19e-11
    2 |      21.76 |    10   -2   - |    16.019724162 |   10399   13633 |   3.27e-11
    3 |     24.287 |     8   -3   + |    29.285452495 |   24174   39983 |   1.35e-10
    4 |     25.066 |    19   -3   - |    25.041544537 |     373   64356 |   1.72e-10
    5 |     30.344 |     1   -4   + |    38.034841852 |   52420   36141 |   1.78e-10
    6 |     30.895 |     7   -3   - |    25.114911288 |   20319   25099 |   2.16e-10
    7 |     32.787 |     7   -4   + |    38.338130698 |   40361   55782 |   7.17e-10
    8 |     33.596 |     1   -3   - |    25.418200133 |   55165   31989 |   5.02e-11
  -> CHAINE COMPLETE : toutes les 8 cibles restantes atteintes.

--- depart l=83 : b1[83] = (t=42,k=-2,sg=+) = 20.319216806 | chaine atteint n_l = 8 etape(s) ---
etape |   cible x0 |     t    k  sg |               b |      N1      N2 |     erreur
    0 |   (depart) |    42   -2   + |    20.319216806 |                 |           
    1 |     21.147 |    45   -3   - |    25.001795047 |   56929   12225 |   8.73e-11
    2 |      21.76 |    49   -2   + |    20.324882069 |   10977   24796 |   7.76e-12
    3 |     24.287 |    44   -3   - |    25.002628762 |   10409   57630 |   1.14e-11
    4 |     25.066 |     4   -3   + |    29.213318780 |   59293     906 |   8.84e-11
    5 |     30.344 |    47   -4   - |    34.064928413 |   61513   18692 |   1.17e-10
    6 |     30.895 |    49   -3   + |    29.389602352 |   18324   38585 |   3.20e-11
    7 |     32.787 |    44   -4   - |    34.067349046 |   23001   61033 |   1.69e-11
    8 |     33.596 |    41   -3   + |    29.383011391 |   15463    1730 |   1.43e-10
  -> CHAINE COMPLETE : toutes les 8 cibles restantes atteintes.

--- depart l=84 : b1[84] = (t=42,k=-2,sg=-) = 15.939664328 | chaine atteint n_l = 8 etape(s) ---
etape |   cible x0 |     t    k  sg |               b |      N1      N2 |     erreur
    0 |   (depart) |    42   -2   - |    15.939664328 |                 |           
    1 |     21.147 |     3   -3   + |    29.175342710 |   64736   41989 |   1.81e-10
    2 |      21.76 |     3   -2   - |    16.148258708 |   47617   62921 |   3.30e-11
    3 |     24.287 |     4   -3   + |    29.213318780 |   36415   60161 |   3.71e-10
    4 |     25.066 |    13   -3   - |    25.065239780 |      12   65465 |   1.24e-10
    5 |     30.344 |     8   -4   + |    38.350172779 |   20099   13252 |   4.90e-11
    6 |     30.895 |     8   -3   - |    25.102869207 |   45803   58954 |   3.67e-11
    7 |     32.787 |     3   -4   + |    38.240062994 |   43259   60958 |   1.01e-10
    8 |     33.596 |     4   -3   - |    25.175002922 |   45925   25327 |   9.81e-12
  -> CHAINE COMPLETE : toutes les 8 cibles restantes atteintes.

--- depart l=85 : b1[85] = (t=43,k=-2,sg=+) = 20.320110038 | chaine atteint n_l = 8 etape(s) ---
etape |   cible x0 |     t    k  sg |               b |      N1      N2 |     erreur
    0 |   (depart) |    43   -2   + |    20.320110038 |                 |           
    1 |     21.147 |    45   -3   - |    25.001795047 |   57466   12327 |   4.10e-10
    2 |      21.76 |    49   -2   + |    20.324882069 |   10977   24796 |   7.76e-12
    3 |     24.287 |    44   -3   - |    25.002628762 |   10409   57630 |   1.14e-11
    4 |     25.066 |     4   -3   + |    29.213318780 |   59293     906 |   8.84e-11
    5 |     30.344 |    47   -4   - |    34.064928413 |   61513   18692 |   1.17e-10
    6 |     30.895 |    49   -3   + |    29.389602352 |   18324   38585 |   3.20e-11
    7 |     32.787 |    44   -4   - |    34.067349046 |   23001   61033 |   1.69e-11
    8 |     33.596 |    41   -3   + |    29.383011391 |   15463    1730 |   1.43e-10
  -> CHAINE COMPLETE : toutes les 8 cibles restantes atteintes.

--- depart l=86 : b1[86] = (t=43,k=-2,sg=-) = 15.938771097 | chaine atteint n_l = 8 etape(s) ---
etape |   cible x0 |     t    k  sg |               b |      N1      N2 |     erreur
    0 |   (depart) |    43   -2   - |    15.938771097 |                 |           
    1 |     21.147 |     8   -3   + |    29.285452495 |   14537    9303 |   1.15e-10
    2 |      21.76 |    10   -2   - |    16.019724162 |   10399   13633 |   3.27e-11
    3 |     24.287 |     8   -3   + |    29.285452495 |   24174   39983 |   1.35e-10
    4 |     25.066 |    19   -3   - |    25.041544537 |     373   64356 |   1.72e-10
    5 |     30.344 |     1   -4   + |    38.034841852 |   52420   36141 |   1.78e-10
    6 |     30.895 |     7   -3   - |    25.114911288 |   20319   25099 |   2.16e-10
    7 |     32.787 |     7   -4   + |    38.338130698 |   40361   55782 |   7.17e-10
    8 |     33.596 |     1   -3   - |    25.418200133 |   55165   31989 |   5.02e-11
  -> CHAINE COMPLETE : toutes les 8 cibles restantes atteintes.

--- depart l=87 : b1[87] = (t=44,k=-2,sg=+) = 20.320972656 | chaine atteint n_l = 8 etape(s) ---
etape |   cible x0 |     t    k  sg |               b |      N1      N2 |     erreur
    0 |   (depart) |    44   -2   + |    20.320972656 |                 |           
    1 |     21.147 |    42   -3   - |    25.004384612 |   35243    7547 |   1.10e-10
    2 |      21.76 |    43   -2   + |    20.320110038 |   23391   52705 |   2.31e-11
    3 |     24.287 |    48   -3   - |    24.999452113 |   10112   56303 |   1.87e-12
    4 |     25.066 |     1   -3   + |    28.970121569 |   61541    1049 |   1.66e-10
    5 |     30.344 |    48   -4   - |    34.064172396 |   54061   19965 |   1.22e-10
    6 |     30.895 |    44   -3   + |    29.385692940 |   21884   45951 |   1.04e-10
    7 |     32.787 |    45   -4   - |    34.066515330 |    5841   15527 |   1.25e-10
    8 |     33.596 |    50   -3   + |    29.390313030 |   51280    5737 |   1.34e-10
  -> CHAINE COMPLETE : toutes les 8 cibles restantes atteintes.

--- depart l=88 : b1[88] = (t=44,k=-2,sg=-) = 15.937908478 | chaine atteint n_l = 8 etape(s) ---
etape |   cible x0 |     t    k  sg |               b |      N1      N2 |     erreur
    0 |   (depart) |    44   -2   - |    15.937908478 |                 |           
    1 |     21.147 |     9   -3   + |    29.295431860 |   45428   29041 |   8.94e-11
    2 |      21.76 |     1   -2   - |    16.353479850 |   34721   48393 |   1.09e-10
    3 |     24.287 |    10   -3   + |    29.303877256 |   39101   61833 |   1.57e-10
    4 |     25.066 |    15   -3   - |    25.055774887 |     142   58853 |   7.98e-11
    5 |     30.344 |     3   -4   + |    38.240062994 |   62146   41621 |   9.87e-12
    6 |     30.895 |     6   -3   - |    25.129841095 |   40406   51479 |   4.38e-10
    7 |     32.787 |     1   -4   + |    38.034841852 |   38490   56161 |   3.74e-11
    8 |     33.596 |     1   -3   - |    25.418200133 |   20518   11137 |   2.80e-10
  -> CHAINE COMPLETE : toutes les 8 cibles restantes atteintes.

--- depart l=89 : b1[89] = (t=45,k=-2,sg=+) = 20.321806372 | chaine atteint n_l = 8 etape(s) ---
etape |   cible x0 |     t    k  sg |               b |      N1      N2 |     erreur
    0 |   (depart) |    45   -2   + |    20.321806372 |                 |           
    1 |     21.147 |    42   -3   - |    25.004384612 |   54360   11629 |   1.72e-10
    2 |      21.76 |    43   -2   + |    20.320110038 |   23391   52705 |   2.31e-11
    3 |     24.287 |    48   -3   - |    24.999452113 |   10112   56303 |   1.87e-12
    4 |     25.066 |     1   -3   + |    28.970121569 |   61541    1049 |   1.66e-10
    5 |     30.344 |    48   -4   - |    34.064172396 |   54061   19965 |   1.22e-10
    6 |     30.895 |    44   -3   + |    29.385692940 |   21884   45951 |   1.04e-10
    7 |     32.787 |    45   -4   - |    34.066515330 |    5841   15527 |   1.25e-10
    8 |     33.596 |    50   -3   + |    29.390313030 |   51280    5737 |   1.34e-10
  -> CHAINE COMPLETE : toutes les 8 cibles restantes atteintes.

--- depart l=90 : b1[90] = (t=45,k=-2,sg=-) = 15.937074763 | chaine atteint n_l = 8 etape(s) ---
etape |   cible x0 |     t    k  sg |               b |      N1      N2 |     erreur
    0 |   (depart) |    45   -2   - |    15.937074763 |                 |           
    1 |     21.147 |     3   -3   + |    29.175342710 |   65143   42274 |   1.62e-10
    2 |      21.76 |     3   -2   - |    16.148258708 |   47617   62921 |   3.30e-11
    3 |     24.287 |     4   -3   + |    29.213318780 |   36415   60161 |   3.71e-10
    4 |     25.066 |    13   -3   - |    25.065239780 |      12   65465 |   1.24e-10
    5 |     30.344 |     8   -4   + |    38.350172779 |   20099   13252 |   4.90e-11
    6 |     30.895 |     8   -3   - |    25.102869207 |   45803   58954 |   3.67e-11
    7 |     32.787 |     3   -4   + |    38.240062994 |   43259   60958 |   1.01e-10
    8 |     33.596 |     4   -3   - |    25.175002922 |   45925   25327 |   9.81e-12
  -> CHAINE COMPLETE : toutes les 8 cibles restantes atteintes.

--- depart l=91 : b1[91] = (t=46,k=-2,sg=+) = 20.322612762 | chaine atteint n_l = 8 etape(s) ---
etape |   cible x0 |     t    k  sg |               b |      N1      N2 |     erreur
    0 |   (depart) |    46   -2   + |    20.322612762 |                 |           
    1 |     21.147 |    45   -3   - |    25.001795047 |   28369    6067 |   1.41e-11
    2 |      21.76 |    49   -2   + |    20.324882069 |   10977   24796 |   7.76e-12
    3 |     24.287 |    44   -3   - |    25.002628762 |   10409   57630 |   1.14e-11
    4 |     25.066 |     4   -3   + |    29.213318780 |   59293     906 |   8.84e-11
    5 |     30.344 |    47   -4   - |    34.064928413 |   61513   18692 |   1.17e-10
    6 |     30.895 |    49   -3   + |    29.389602352 |   18324   38585 |   3.20e-11
    7 |     32.787 |    44   -4   - |    34.067349046 |   23001   61033 |   1.69e-11
    8 |     33.596 |    41   -3   + |    29.383011391 |   15463    1730 |   1.43e-10
  -> CHAINE COMPLETE : toutes les 8 cibles restantes atteintes.

--- depart l=92 : b1[92] = (t=46,k=-2,sg=-) = 15.936268372 | chaine atteint n_l = 8 etape(s) ---
etape |   cible x0 |     t    k  sg |               b |      N1      N2 |     erreur
    0 |   (depart) |    46   -2   - |    15.936268372 |                 |           
    1 |     21.147 |     1   -3   + |    28.970121569 |   13365    8902 |   1.91e-11
    2 |      21.76 |     6   -2   - |    16.065120811 |   26974   34151 |   1.32e-10
    3 |     24.287 |     2   -3   + |    29.111880423 |   29739   50677 |   1.61e-10
    4 |     25.066 |    18   -3   - |    25.044653087 |     100   18953 |   9.94e-11
    5 |     30.344 |     3   -4   + |    38.240062994 |   63443   42579 |   2.51e-11
    6 |     30.895 |     6   -3   - |    25.129841095 |   40406   51479 |   4.38e-10
    7 |     32.787 |     1   -4   + |    38.034841852 |   38490   56161 |   3.74e-11
    8 |     33.596 |     1   -3   - |    25.418200133 |   20518   11137 |   2.80e-10
  -> CHAINE COMPLETE : toutes les 8 cibles restantes atteintes.

--- depart l=93 : b1[93] = (t=47,k=-2,sg=+) = 20.323393289 | chaine atteint n_l = 8 etape(s) ---
etape |   cible x0 |     t    k  sg |               b |      N1      N2 |     erreur
    0 |   (depart) |    47   -2   + |    20.323393289 |                 |           
    1 |     21.147 |    48   -3   - |    24.999452113 |   51916   11099 |   1.48e-10
    2 |      21.76 |    42   -2   + |    20.319216806 |   26663   59949 |   6.91e-11
    3 |     24.287 |    43   -3   - |    25.003491381 |   10173   56336 |   2.80e-10
    4 |     25.066 |     8   -3   + |    29.285452495 |   17483     259 |   8.79e-11
    5 |     30.344 |    45   -4   - |    34.066515330 |   38602   10977 |   1.27e-11
    6 |     30.895 |    44   -3   + |    29.385692940 |    6051   12715 |   1.95e-10
    7 |     32.787 |    45   -4   - |    34.066515330 |    5841   15527 |   1.25e-10
    8 |     33.596 |    50   -3   + |    29.390313030 |   51280    5737 |   1.34e-10
  -> CHAINE COMPLETE : toutes les 8 cibles restantes atteintes.

--- depart l=94 : b1[94] = (t=47,k=-2,sg=-) = 15.935487846 | chaine atteint n_l = 8 etape(s) ---
etape |   cible x0 |     t    k  sg |               b |      N1      N2 |     erreur
    0 |   (depart) |    47   -2   - |    15.935487846 |                 |           
    1 |     21.147 |     2   -3   + |    29.111880423 |   60595   39648 |   2.85e-10
    2 |      21.76 |     8   -2   - |    16.038148923 |   13153   16900 |   2.92e-10
    3 |     24.287 |     1   -3   + |    28.970121569 |   31425   55352 |   3.34e-10
    4 |     25.066 |    17   -3   - |    25.048031726 |     201   43673 |   5.95e-11
    5 |     30.344 |     7   -4   + |    38.338130698 |   53689   35568 |   1.17e-10
    6 |     30.895 |    10   -3   - |    25.084444446 |   16461   21086 |   5.22e-11
    7 |     32.787 |     6   -4   + |    38.323200891 |   15852   22055 |   6.84e-11
    8 |     33.596 |     1   -3   - |    25.418200133 |   40306   23299 |   2.41e-10
  -> CHAINE COMPLETE : toutes les 8 cibles restantes atteintes.

--- depart l=95 : b1[95] = (t=48,k=-2,sg=+) = 20.324149306 | chaine atteint n_l = 8 etape(s) ---
etape |   cible x0 |     t    k  sg |               b |      N1      N2 |     erreur
    0 |   (depart) |    48   -2   + |    20.324149306 |                 |           
    1 |     21.147 |    50   -3   - |    24.998008672 |   38840    8299 |   5.05e-11
    2 |      21.76 |    46   -2   + |    20.322612762 |   17471   39357 |   5.74e-11
    3 |     24.287 |    49   -3   - |    24.998719350 |    9536   53117 |   1.01e-11
    4 |     25.066 |     6   -3   + |    29.258480607 |   57079     916 |   2.15e-11
    5 |     30.344 |    49   -4   - |    34.063439633 |   35179   10267 |   6.10e-11
    6 |     30.895 |    45   -3   + |    29.386526655 |   10047   21103 |   4.16e-11
    7 |     32.787 |    41   -4   - |    34.070030595 |    5657   14993 |   1.09e-10
    8 |     33.596 |    43   -3   + |    29.384830321 |   13832    1557 |   6.25e-11
  -> CHAINE COMPLETE : toutes les 8 cibles restantes atteintes.

--- depart l=96 : b1[96] = (t=48,k=-2,sg=-) = 15.934731829 | chaine atteint n_l = 8 etape(s) ---
etape |   cible x0 |     t    k  sg |               b |      N1      N2 |     erreur
    0 |   (depart) |    48   -2   - |    15.934731829 |                 |           
    1 |     21.147 |     9   -3   + |    29.295431860 |   44084   28199 |   2.91e-10
    2 |      21.76 |     1   -2   - |    16.353479850 |   34721   48393 |   1.09e-10
    3 |     24.287 |    10   -3   + |    29.303877256 |   39101   61833 |   1.57e-10
    4 |     25.066 |    15   -3   - |    25.055774887 |     142   58853 |   7.98e-11
    5 |     30.344 |     3   -4   + |    38.240062994 |   62146   41621 |   9.87e-12
    6 |     30.895 |     6   -3   - |    25.129841095 |   40406   51479 |   4.38e-10
    7 |     32.787 |     1   -4   + |    38.034841852 |   38490   56161 |   3.74e-11
    8 |     33.596 |     1   -3   - |    25.418200133 |   20518   11137 |   2.80e-10
  -> CHAINE COMPLETE : toutes les 8 cibles restantes atteintes.

--- depart l=97 : b1[97] = (t=49,k=-2,sg=+) = 20.324882069 | chaine atteint n_l = 8 etape(s) ---
etape |   cible x0 |     t    k  sg |               b |      N1      N2 |     erreur
    0 |   (depart) |    49   -2   + |    20.324882069 |                 |           
    1 |     21.147 |    47   -3   - |    25.000208129 |   10255    2188 |   1.28e-11
    2 |      21.76 |    42   -2   + |    20.319216806 |    8344   18765 |   4.49e-11
    3 |     24.287 |    43   -3   - |    25.003491381 |   10173   56336 |   2.80e-10
    4 |     25.066 |     8   -3   + |    29.285452495 |   17483     259 |   8.79e-11
    5 |     30.344 |    45   -4   - |    34.066515330 |   38602   10977 |   1.27e-11
    6 |     30.895 |    44   -3   + |    29.385692940 |    6051   12715 |   1.95e-10
    7 |     32.787 |    45   -4   - |    34.066515330 |    5841   15527 |   1.25e-10
    8 |     33.596 |    50   -3   + |    29.390313030 |   51280    5737 |   1.34e-10
  -> CHAINE COMPLETE : toutes les 8 cibles restantes atteintes.

--- depart l=98 : b1[98] = (t=49,k=-2,sg=-) = 15.933999066 | chaine atteint n_l = 8 etape(s) ---
etape |   cible x0 |     t    k  sg |               b |      N1      N2 |     erreur
    0 |   (depart) |    49   -2   - |    15.933999066 |                 |           
    1 |     21.147 |     8   -3   + |    29.285452495 |   30913   19801 |   2.82e-10
    2 |      21.76 |    10   -2   - |    16.019724162 |   10399   13633 |   3.27e-11
    3 |     24.287 |     8   -3   + |    29.285452495 |   24174   39983 |   1.35e-10
    4 |     25.066 |    19   -3   - |    25.041544537 |     373   64356 |   1.72e-10
    5 |     30.344 |     1   -4   + |    38.034841852 |   52420   36141 |   1.78e-10
    6 |     30.895 |     7   -3   - |    25.114911288 |   20319   25099 |   2.16e-10
    7 |     32.787 |     7   -4   + |    38.338130698 |   40361   55782 |   7.17e-10
    8 |     33.596 |     1   -3   - |    25.418200133 |   55165   31989 |   5.02e-11
  -> CHAINE COMPLETE : toutes les 8 cibles restantes atteintes.

--- depart l=99 : b1[99] = (t=50,k=-2,sg=+) = 20.325592746 | chaine atteint n_l = 8 etape(s) ---
etape |   cible x0 |     t    k  sg |               b |      N1      N2 |     erreur
    0 |   (depart) |    50   -2   + |    20.325592746 |                 |           
    1 |     21.147 |    46   -3   - |    25.000988656 |   36705    7823 |   9.79e-11
    2 |      21.76 |    45   -2   + |    20.321806372 |   12808   28863 |   2.15e-10
    3 |     24.287 |    48   -3   - |    24.999452113 |    5232   29119 |   1.18e-10
    4 |     25.066 |     1   -3   + |    28.970121569 |   61541    1049 |   1.66e-10
    5 |     30.344 |    48   -4   - |    34.064172396 |   54061   19965 |   1.22e-10
    6 |     30.895 |    44   -3   + |    29.385692940 |   21884   45951 |   1.04e-10
    7 |     32.787 |    45   -4   - |    34.066515330 |    5841   15527 |   1.25e-10
    8 |     33.596 |    50   -3   + |    29.390313030 |   51280    5737 |   1.34e-10
  -> CHAINE COMPLETE : toutes les 8 cibles restantes atteintes.

--- depart l=100 : b1[100] = (t=50,k=-2,sg=-) = 15.933288389 | chaine atteint n_l = 8 etape(s) ---
etape |   cible x0 |     t    k  sg |               b |      N1      N2 |     erreur
    0 |   (depart) |    50   -2   - |    15.933288389 |                 |           
    1 |     21.147 |     2   -3   + |    29.111880423 |   33253   21767 |   6.59e-10
    2 |      21.76 |     8   -2   - |    16.038148923 |   13153   16900 |   2.92e-10
    3 |     24.287 |     1   -3   + |    28.970121569 |   31425   55352 |   3.34e-10
    4 |     25.066 |    17   -3   - |    25.048031726 |     201   43673 |   5.95e-11
    5 |     30.344 |     7   -4   + |    38.338130698 |   53689   35568 |   1.17e-10
    6 |     30.895 |    10   -3   - |    25.084444446 |   16461   21086 |   5.22e-11
    7 |     32.787 |     6   -4   + |    38.323200891 |   15852   22055 |   6.84e-11
    8 |     33.596 |     1   -3   - |    25.418200133 |   40306   23299 |   2.41e-10
  -> CHAINE COMPLETE : toutes les 8 cibles restantes atteintes.

====================================================================================================
Intervalle [10] ]21.147,21.76[ -> 0 ancrage de depart (VIDE, structurel)


====================================================================================================
Intervalle [11] ]21.76,24.287[ -> 0 ancrage de depart (VIDE, structurel)


====================================================================================================
Intervalle [12] : intervalle de depart ]x0_1=24.287, x0_2=25.066[  -> 38 ancrages de depart trouves
cibles enchainees (dans l'ordre) : [25.066, 30.344, 30.895, 32.787, 33.596]
====================================================================================================

--- depart l=1 : b1[1] = (t=13,k=-3,sg=-) = 25.065239780 | chaine atteint n_l = 5 etape(s) ---
etape |   cible x0 |     t    k  sg |               b |      N1      N2 |     erreur
    0 |   (depart) |    13   -3   - |    25.065239780 |                 |           
    1 |     25.066 |     4   -3   + |    29.213318780 |   65465      12 |   1.24e-10
    2 |     30.344 |    47   -4   - |    34.064928413 |   61513   18692 |   1.17e-10
    3 |     30.895 |    49   -3   + |    29.389602352 |   18324   38585 |   3.20e-11
    4 |     32.787 |    44   -4   - |    34.067349046 |   23001   61033 |   1.69e-11
    5 |     33.596 |    41   -3   + |    29.383011391 |   15463    1730 |   1.43e-10
  -> CHAINE COMPLETE : toutes les 5 cibles restantes atteintes.

--- depart l=2 : b1[2] = (t=14,k=-3,sg=-) = 25.060254034 | chaine atteint n_l = 5 etape(s) ---
etape |   cible x0 |     t    k  sg |               b |      N1      N2 |     erreur
    0 |   (depart) |    14   -3   - |    25.060254034 |                 |           
    1 |     25.066 |     9   -3   + |    29.295431860 |   31651      43 |   2.48e-11
    2 |     30.344 |    48   -4   - |    34.064172396 |   60083   16935 |   4.83e-11
    3 |     30.895 |    44   -3   + |    29.385692940 |   21884   45951 |   1.04e-10
    4 |     32.787 |    45   -4   - |    34.066515330 |    5841   15527 |   1.25e-10
    5 |     33.596 |    50   -3   + |    29.390313030 |   51280    5737 |   1.34e-10
  -> CHAINE COMPLETE : toutes les 5 cibles restantes atteintes.

--- depart l=3 : b1[3] = (t=15,k=-3,sg=-) = 25.055774887 | chaine atteint n_l = 5 etape(s) ---
etape |   cible x0 |     t    k  sg |               b |      N1      N2 |     erreur
    0 |   (depart) |    15   -3   - |    25.055774887 |                 |           
    1 |     25.066 |    10   -3   + |    29.303877256 |   58853     142 |   7.98e-11
    2 |     30.344 |    46   -4   - |    34.065708940 |   47117   13168 |   5.80e-11
    3 |     30.895 |    50   -3   + |    29.390313030 |   10427   21972 |   1.26e-11
    4 |     32.787 |    46   -4   - |    34.065708940 |   12364   32843 |   1.09e-10
    5 |     33.596 |    49   -3   + |    29.389602352 |   19245    2149 |   9.91e-12
  -> CHAINE COMPLETE : toutes les 5 cibles restantes atteintes.

--- depart l=4 : b1[4] = (t=16,k=-3,sg=-) = 25.051721977 | chaine atteint n_l = 5 etape(s) ---
etape |   cible x0 |     t    k  sg |               b |      N1      N2 |     erreur
    0 |   (depart) |    16   -3   - |    25.051721977 |                 |           
    1 |     25.066 |     2   -3   + |    29.111880423 |   45905     162 |   3.35e-10
    2 |     30.344 |    41   -4   - |    34.070030595 |   40435   13371 |   3.05e-11
    3 |     30.895 |    47   -3   + |    29.388113573 |   17166   36169 |   3.35e-11
    4 |     32.787 |    50   -4   - |    34.062728956 |   18220   48543 |   7.63e-11
    5 |     33.596 |    50   -3   + |    29.390313030 |   54967    6100 |   7.97e-11
  -> CHAINE COMPLETE : toutes les 5 cibles restantes atteintes.

--- depart l=5 : b1[5] = (t=17,k=-3,sg=-) = 25.048031726 | chaine atteint n_l = 5 etape(s) ---
etape |   cible x0 |     t    k  sg |               b |      N1      N2 |     erreur
    0 |   (depart) |    17   -3   - |    25.048031726 |                 |           
    1 |     25.066 |     1   -3   + |    28.970121569 |   43673     201 |   5.95e-11
    2 |     30.344 |    48   -4   - |    34.064172396 |   54061   19965 |   1.22e-10
    3 |     30.895 |    44   -3   + |    29.385692940 |   21884   45951 |   1.04e-10
    4 |     32.787 |    45   -4   - |    34.066515330 |    5841   15527 |   1.25e-10
    5 |     33.596 |    50   -3   + |    29.390313030 |   51280    5737 |   1.34e-10
  -> CHAINE COMPLETE : toutes les 5 cibles restantes atteintes.

--- depart l=6 : b1[6] = (t=18,k=-3,sg=-) = 25.044653087 | chaine atteint n_l = 5 etape(s) ---
etape |   cible x0 |     t    k  sg |               b |      N1      N2 |     erreur
    0 |   (depart) |    18   -3   - |    25.044653087 |                 |           
    1 |     25.066 |     2   -3   + |    29.111880423 |   18953     100 |   9.94e-11
    2 |     30.344 |    41   -4   - |    34.070030595 |   40435   13371 |   3.05e-11
    3 |     30.895 |    47   -3   + |    29.388113573 |   17166   36169 |   3.35e-11
    4 |     32.787 |    50   -4   - |    34.062728956 |   18220   48543 |   7.63e-11
    5 |     33.596 |    50   -3   + |    29.390313030 |   54967    6100 |   7.97e-11
  -> CHAINE COMPLETE : toutes les 5 cibles restantes atteintes.

--- depart l=7 : b1[7] = (t=19,k=-3,sg=-) = 25.041544537 | chaine atteint n_l = 5 etape(s) ---
etape |   cible x0 |     t    k  sg |               b |      N1      N2 |     erreur
    0 |   (depart) |    19   -3   - |    25.041544537 |                 |           
    1 |     25.066 |     1   -3   + |    28.970121569 |   15166      95 |   7.38e-11
    2 |     30.344 |    48   -4   - |    34.064172396 |   54061   19965 |   1.22e-10
    3 |     30.895 |    44   -3   + |    29.385692940 |   21884   45951 |   1.04e-10
    4 |     32.787 |    45   -4   - |    34.066515330 |    5841   15527 |   1.25e-10
    5 |     33.596 |    50   -3   + |    29.390313030 |   51280    5737 |   1.34e-10
  -> CHAINE COMPLETE : toutes les 5 cibles restantes atteintes.

--- depart l=8 : b1[8] = (t=20,k=-3,sg=-) = 25.038671909 | chaine atteint n_l = 5 etape(s) ---
etape |   cible x0 |     t    k  sg |               b |      N1      N2 |     erreur
    0 |   (depart) |    20   -3   - |    25.038671909 |                 |           
    1 |     25.066 |     3   -3   + |    29.175342710 |   60449     402 |   2.43e-10
    2 |     30.344 |    46   -4   - |    34.065708940 |   19028    5975 |   1.08e-10
    3 |     30.895 |    50   -3   + |    29.390313030 |   10427   21972 |   1.26e-11
    4 |     32.787 |    46   -4   - |    34.065708940 |   12364   32843 |   1.09e-10
    5 |     33.596 |    49   -3   + |    29.389602352 |   19245    2149 |   9.91e-12
  -> CHAINE COMPLETE : toutes les 5 cibles restantes atteintes.

--- depart l=9 : b1[9] = (t=21,k=-3,sg=-) = 25.036006795 | chaine atteint n_l = 5 etape(s) ---
etape |   cible x0 |     t    k  sg |               b |      N1      N2 |     erreur
    0 |   (depart) |    21   -3   - |    25.036006795 |                 |           
    1 |     25.066 |     5   -3   + |    29.239287332 |   56213     404 |   5.09e-10
    2 |     30.344 |    41   -4   - |    34.070030595 |   60998   18085 |   3.76e-11
    3 |     30.895 |    47   -3   + |    29.388113573 |   17166   36169 |   3.35e-11
    4 |     32.787 |    50   -4   - |    34.062728956 |   18220   48543 |   7.63e-11
    5 |     33.596 |    50   -3   + |    29.390313030 |   54967    6100 |   7.97e-11
  -> CHAINE COMPLETE : toutes les 5 cibles restantes atteintes.

--- depart l=10 : b1[10] = (t=22,k=-3,sg=-) = 25.033525356 | chaine atteint n_l = 5 etape(s) ---
etape |   cible x0 |     t    k  sg |               b |      N1      N2 |     erreur
    0 |   (depart) |    22   -3   - |    25.033525356 |                 |           
    1 |     25.066 |     3   -3   + |    29.175342710 |   61625     487 |   2.83e-10
    2 |     30.344 |    46   -4   - |    34.065708940 |   19028    5975 |   1.08e-10
    3 |     30.895 |    50   -3   + |    29.390313030 |   10427   21972 |   1.26e-11
    4 |     32.787 |    46   -4   - |    34.065708940 |   12364   32843 |   1.09e-10
    5 |     33.596 |    49   -3   + |    29.389602352 |   19245    2149 |   9.91e-12
  -> CHAINE COMPLETE : toutes les 5 cibles restantes atteintes.

--- depart l=11 : b1[11] = (t=23,k=-3,sg=-) = 25.031207421 | chaine atteint n_l = 5 etape(s) ---
etape |   cible x0 |     t    k  sg |               b |      N1      N2 |     erreur
    0 |   (depart) |    23   -3   - |    25.031207421 |                 |           
    1 |     25.066 |     9   -3   + |    29.295431860 |   25771     212 |   2.85e-10
    2 |     30.344 |    48   -4   - |    34.064172396 |   60083   16935 |   4.83e-11
    3 |     30.895 |    44   -3   + |    29.385692940 |   21884   45951 |   1.04e-10
    4 |     32.787 |    45   -4   - |    34.066515330 |    5841   15527 |   1.25e-10
    5 |     33.596 |    50   -3   + |    29.390313030 |   51280    5737 |   1.34e-10
  -> CHAINE COMPLETE : toutes les 5 cibles restantes atteintes.

--- depart l=12 : b1[12] = (t=24,k=-3,sg=-) = 25.029035788 | chaine atteint n_l = 5 etape(s) ---
etape |   cible x0 |     t    k  sg |               b |      N1      N2 |     erreur
    0 |   (depart) |    24   -3   - |    25.029035788 |                 |           
    1 |     25.066 |     1   -3   + |    28.970121569 |   56823     538 |   1.93e-11
    2 |     30.344 |    48   -4   - |    34.064172396 |   54061   19965 |   1.22e-10
    3 |     30.895 |    44   -3   + |    29.385692940 |   21884   45951 |   1.04e-10
    4 |     32.787 |    45   -4   - |    34.066515330 |    5841   15527 |   1.25e-10
    5 |     33.596 |    50   -3   + |    29.390313030 |   51280    5737 |   1.34e-10
  -> CHAINE COMPLETE : toutes les 5 cibles restantes atteintes.

--- depart l=13 : b1[13] = (t=25,k=-3,sg=-) = 25.026995687 | chaine atteint n_l = 5 etape(s) ---
etape |   cible x0 |     t    k  sg |               b |      N1      N2 |     erreur
    0 |   (depart) |    25   -3   - |    25.026995687 |                 |           
    1 |     25.066 |     4   -3   + |    29.213318780 |   29666     279 |   7.01e-11
    2 |     30.344 |    47   -4   - |    34.064928413 |   61513   18692 |   1.17e-10
    3 |     30.895 |    49   -3   + |    29.389602352 |   18324   38585 |   3.20e-11
    4 |     32.787 |    44   -4   - |    34.067349046 |   23001   61033 |   1.69e-11
    5 |     33.596 |    41   -3   + |    29.383011391 |   15463    1730 |   1.43e-10
  -> CHAINE COMPLETE : toutes les 5 cibles restantes atteintes.

--- depart l=14 : b1[14] = (t=26,k=-3,sg=-) = 25.025074356 | chaine atteint n_l = 5 etape(s) ---
etape |   cible x0 |     t    k  sg |               b |      N1      N2 |     erreur
    0 |   (depart) |    26   -3   - |    25.025074356 |                 |           
    1 |     25.066 |     2   -3   + |    29.111880423 |   19673     199 |   1.36e-12
    2 |     30.344 |    41   -4   - |    34.070030595 |   40435   13371 |   3.05e-11
    3 |     30.895 |    47   -3   + |    29.388113573 |   17166   36169 |   3.35e-11
    4 |     32.787 |    50   -4   - |    34.062728956 |   18220   48543 |   7.63e-11
    5 |     33.596 |    50   -3   + |    29.390313030 |   54967    6100 |   7.97e-11
  -> CHAINE COMPLETE : toutes les 5 cibles restantes atteintes.

--- depart l=15 : b1[15] = (t=27,k=-3,sg=-) = 25.023260698 | chaine atteint n_l = 5 etape(s) ---
etape |   cible x0 |     t    k  sg |               b |      N1      N2 |     erreur
    0 |   (depart) |    27   -3   - |    25.023260698 |                 |           
    1 |     25.066 |     2   -3   + |    29.111880423 |   63141     667 |   6.47e-11
    2 |     30.344 |    41   -4   - |    34.070030595 |   40435   13371 |   3.05e-11
    3 |     30.895 |    47   -3   + |    29.388113573 |   17166   36169 |   3.35e-11
    4 |     32.787 |    50   -4   - |    34.062728956 |   18220   48543 |   7.63e-11
    5 |     33.596 |    50   -3   + |    29.390313030 |   54967    6100 |   7.97e-11
  -> CHAINE COMPLETE : toutes les 5 cibles restantes atteintes.

--- depart l=16 : b1[16] = (t=28,k=-3,sg=-) = 25.021545021 | chaine atteint n_l = 5 etape(s) ---
etape |   cible x0 |     t    k  sg |               b |      N1      N2 |     erreur
    0 |   (depart) |    28   -3   - |    25.021545021 |                 |           
    1 |     25.066 |     5   -3   + |    29.239287332 |    6853      73 |   4.51e-10
    2 |     30.344 |    41   -4   - |    34.070030595 |   60998   18085 |   3.76e-11
    3 |     30.895 |    47   -3   + |    29.388113573 |   17166   36169 |   3.35e-11
    4 |     32.787 |    50   -4   - |    34.062728956 |   18220   48543 |   7.63e-11
    5 |     33.596 |    50   -3   + |    29.390313030 |   54967    6100 |   7.97e-11
  -> CHAINE COMPLETE : toutes les 5 cibles restantes atteintes.

--- depart l=17 : b1[17] = (t=29,k=-3,sg=-) = 25.019918807 | chaine atteint n_l = 5 etape(s) ---
etape |   cible x0 |     t    k  sg |               b |      N1      N2 |     erreur
    0 |   (depart) |    29   -3   - |    25.019918807 |                 |           
    1 |     25.066 |     7   -3   + |    29.273410414 |   63913     700 |   1.29e-11
    2 |     30.344 |    47   -4   - |    34.064928413 |   48905   14071 |   6.28e-11
    3 |     30.895 |    49   -3   + |    29.389602352 |   18324   38585 |   3.20e-11
    4 |     32.787 |    44   -4   - |    34.067349046 |   23001   61033 |   1.69e-11
    5 |     33.596 |    41   -3   + |    29.383011391 |   15463    1730 |   1.43e-10
  -> CHAINE COMPLETE : toutes les 5 cibles restantes atteintes.

--- depart l=18 : b1[18] = (t=30,k=-3,sg=-) = 25.018374543 | chaine atteint n_l = 5 etape(s) ---
etape |   cible x0 |     t    k  sg |               b |      N1      N2 |     erreur
    0 |   (depart) |    30   -3   - |    25.018374543 |                 |           
    1 |     25.066 |     8   -3   + |    29.285452495 |   36236     409 |   7.73e-11
    2 |     30.344 |    45   -4   - |    34.066515330 |   38602   10977 |   1.27e-11
    3 |     30.895 |    44   -3   + |    29.385692940 |    6051   12715 |   1.95e-10
    4 |     32.787 |    45   -4   - |    34.066515330 |    5841   15527 |   1.25e-10
    5 |     33.596 |    50   -3   + |    29.390313030 |   51280    5737 |   1.34e-10
  -> CHAINE COMPLETE : toutes les 5 cibles restantes atteintes.

--- depart l=19 : b1[19] = (t=31,k=-3,sg=-) = 25.016905568 | chaine atteint n_l = 5 etape(s) ---
etape |   cible x0 |     t    k  sg |               b |      N1      N2 |     erreur
    0 |   (depart) |    31   -3   - |    25.016905568 |                 |           
    1 |     25.066 |     2   -3   + |    29.111880423 |   24311     295 |   5.43e-11
    2 |     30.344 |    41   -4   - |    34.070030595 |   40435   13371 |   3.05e-11
    3 |     30.895 |    47   -3   + |    29.388113573 |   17166   36169 |   3.35e-11
    4 |     32.787 |    50   -4   - |    34.062728956 |   18220   48543 |   7.63e-11
    5 |     33.596 |    50   -3   + |    29.390313030 |   54967    6100 |   7.97e-11
  -> CHAINE COMPLETE : toutes les 5 cibles restantes atteintes.

--- depart l=20 : b1[20] = (t=32,k=-3,sg=-) = 25.015505959 | chaine atteint n_l = 5 etape(s) ---
etape |   cible x0 |     t    k  sg |               b |      N1      N2 |     erreur
    0 |   (depart) |    32   -3   - |    25.015505959 |                 |           
    1 |     25.066 |     1   -3   + |    28.970121569 |   50257     650 |   1.83e-10
    2 |     30.344 |    48   -4   - |    34.064172396 |   54061   19965 |   1.22e-10
    3 |     30.895 |    44   -3   + |    29.385692940 |   21884   45951 |   1.04e-10
    4 |     32.787 |    45   -4   - |    34.066515330 |    5841   15527 |   1.25e-10
    5 |     33.596 |    50   -3   + |    29.390313030 |   51280    5737 |   1.34e-10
  -> CHAINE COMPLETE : toutes les 5 cibles restantes atteintes.

--- depart l=21 : b1[21] = (t=33,k=-3,sg=-) = 25.014170421 | chaine atteint n_l = 5 etape(s) ---
etape |   cible x0 |     t    k  sg |               b |      N1      N2 |     erreur
    0 |   (depart) |    33   -3   - |    25.014170421 |                 |           
    1 |     25.066 |     1   -3   + |    28.970121569 |   38341     509 |   6.11e-11
    2 |     30.344 |    48   -4   - |    34.064172396 |   54061   19965 |   1.22e-10
    3 |     30.895 |    44   -3   + |    29.385692940 |   21884   45951 |   1.04e-10
    4 |     32.787 |    45   -4   - |    34.066515330 |    5841   15527 |   1.25e-10
    5 |     33.596 |    50   -3   + |    29.390313030 |   51280    5737 |   1.34e-10
  -> CHAINE COMPLETE : toutes les 5 cibles restantes atteintes.

--- depart l=22 : b1[22] = (t=34,k=-3,sg=-) = 25.012894212 | chaine atteint n_l = 5 etape(s) ---
etape |   cible x0 |     t    k  sg |               b |      N1      N2 |     erreur
    0 |   (depart) |    34   -3   - |    25.012894212 |                 |           
    1 |     25.066 |     5   -3   + |    29.239287332 |    6051      77 |   6.37e-11
    2 |     30.344 |    41   -4   - |    34.070030595 |   60998   18085 |   3.76e-11
    3 |     30.895 |    47   -3   + |    29.388113573 |   17166   36169 |   3.35e-11
    4 |     32.787 |    50   -4   - |    34.062728956 |   18220   48543 |   7.63e-11
    5 |     33.596 |    50   -3   + |    29.390313030 |   54967    6100 |   7.97e-11
  -> CHAINE COMPLETE : toutes les 5 cibles restantes atteintes.

--- depart l=23 : b1[23] = (t=35,k=-3,sg=-) = 25.011673064 | chaine atteint n_l = 5 etape(s) ---
etape |   cible x0 |     t    k  sg |               b |      N1      N2 |     erreur
    0 |   (depart) |    35   -3   - |    25.011673064 |                 |           
    1 |     25.066 |     9   -3   + |    29.295431860 |   52939     680 |   7.38e-12
    2 |     30.344 |    48   -4   - |    34.064172396 |   60083   16935 |   4.83e-11
    3 |     30.895 |    44   -3   + |    29.385692940 |   21884   45951 |   1.04e-10
    4 |     32.787 |    45   -4   - |    34.066515330 |    5841   15527 |   1.25e-10
    5 |     33.596 |    50   -3   + |    29.390313030 |   51280    5737 |   1.34e-10
  -> CHAINE COMPLETE : toutes les 5 cibles restantes atteintes.

--- depart l=24 : b1[24] = (t=36,k=-3,sg=-) = 25.010503129 | chaine atteint n_l = 5 etape(s) ---
etape |   cible x0 |     t    k  sg |               b |      N1      N2 |     erreur
    0 |   (depart) |    36   -3   - |    25.010503129 |                 |           
    1 |     25.066 |     5   -3   + |    29.239287332 |   21582     287 |   3.04e-12
    2 |     30.344 |    41   -4   - |    34.070030595 |   60998   18085 |   3.76e-11
    3 |     30.895 |    47   -3   + |    29.388113573 |   17166   36169 |   3.35e-11
    4 |     32.787 |    50   -4   - |    34.062728956 |   18220   48543 |   7.63e-11
    5 |     33.596 |    50   -3   + |    29.390313030 |   54967    6100 |   7.97e-11
  -> CHAINE COMPLETE : toutes les 5 cibles restantes atteintes.

--- depart l=25 : b1[25] = (t=37,k=-3,sg=-) = 25.009380925 | chaine atteint n_l = 5 etape(s) ---
etape |   cible x0 |     t    k  sg |               b |      N1      N2 |     erreur
    0 |   (depart) |    37   -3   - |    25.009380925 |                 |           
    1 |     25.066 |     4   -3   + |    29.213318780 |   36405     497 |   3.23e-10
    2 |     30.344 |    47   -4   - |    34.064928413 |   61513   18692 |   1.17e-10
    3 |     30.895 |    49   -3   + |    29.389602352 |   18324   38585 |   3.20e-11
    4 |     32.787 |    44   -4   - |    34.067349046 |   23001   61033 |   1.69e-11
    5 |     33.596 |    41   -3   + |    29.383011391 |   15463    1730 |   1.43e-10
  -> CHAINE COMPLETE : toutes les 5 cibles restantes atteintes.

--- depart l=26 : b1[26] = (t=38,k=-3,sg=-) = 25.008303292 | chaine atteint n_l = 5 etape(s) ---
etape |   cible x0 |     t    k  sg |               b |      N1      N2 |     erreur
    0 |   (depart) |    38   -3   - |    25.008303292 |                 |           
    1 |     25.066 |     4   -3   + |    29.213318780 |   60596     843 |   1.09e-10
    2 |     30.344 |    47   -4   - |    34.064928413 |   61513   18692 |   1.17e-10
    3 |     30.895 |    49   -3   + |    29.389602352 |   18324   38585 |   3.20e-11
    4 |     32.787 |    44   -4   - |    34.067349046 |   23001   61033 |   1.69e-11
    5 |     33.596 |    41   -3   + |    29.383011391 |   15463    1730 |   1.43e-10
  -> CHAINE COMPLETE : toutes les 5 cibles restantes atteintes.

--- depart l=27 : b1[27] = (t=39,k=-3,sg=-) = 25.007267355 | chaine atteint n_l = 5 etape(s) ---
etape |   cible x0 |     t    k  sg |               b |      N1      N2 |     erreur
    0 |   (depart) |    39   -3   - |    25.007267355 |                 |           
    1 |     25.066 |     1   -3   + |    28.970121569 |   57366     863 |   2.54e-10
    2 |     30.344 |    48   -4   - |    34.064172396 |   54061   19965 |   1.22e-10
    3 |     30.895 |    44   -3   + |    29.385692940 |   21884   45951 |   1.04e-10
    4 |     32.787 |    45   -4   - |    34.066515330 |    5841   15527 |   1.25e-10
    5 |     33.596 |    50   -3   + |    29.390313030 |   51280    5737 |   1.34e-10
  -> CHAINE COMPLETE : toutes les 5 cibles restantes atteintes.

--- depart l=28 : b1[28] = (t=40,k=-3,sg=-) = 25.006270494 | chaine atteint n_l = 5 etape(s) ---
etape |   cible x0 |     t    k  sg |               b |      N1      N2 |     erreur
    0 |   (depart) |    40   -3   - |    25.006270494 |                 |           
    1 |     25.066 |     4   -3   + |    29.213318780 |   40064     577 |   1.29e-11
    2 |     30.344 |    47   -4   - |    34.064928413 |   61513   18692 |   1.17e-10
    3 |     30.895 |    49   -3   + |    29.389602352 |   18324   38585 |   3.20e-11
    4 |     32.787 |    44   -4   - |    34.067349046 |   23001   61033 |   1.69e-11
    5 |     33.596 |    41   -3   + |    29.383011391 |   15463    1730 |   1.43e-10
  -> CHAINE COMPLETE : toutes les 5 cibles restantes atteintes.

--- depart l=29 : b1[29] = (t=41,k=-3,sg=-) = 25.005310311 | chaine atteint n_l = 5 etape(s) ---
etape |   cible x0 |     t    k  sg |               b |      N1      N2 |     erreur
    0 |   (depart) |    41   -3   - |    25.005310311 |                 |           
    1 |     25.066 |     3   -3   + |    29.175342710 |   27152     401 |   8.92e-11
    2 |     30.344 |    46   -4   - |    34.065708940 |   19028    5975 |   1.08e-10
    3 |     30.895 |    50   -3   + |    29.390313030 |   10427   21972 |   1.26e-11
    4 |     32.787 |    46   -4   - |    34.065708940 |   12364   32843 |   1.09e-10
    5 |     33.596 |    49   -3   + |    29.389602352 |   19245    2149 |   9.91e-12
  -> CHAINE COMPLETE : toutes les 5 cibles restantes atteintes.

--- depart l=30 : b1[30] = (t=42,k=-3,sg=-) = 25.004384612 | chaine atteint n_l = 5 etape(s) ---
etape |   cible x0 |     t    k  sg |               b |      N1      N2 |     erreur
    0 |   (depart) |    42   -3   - |    25.004384612 |                 |           
    1 |     25.066 |     4   -3   + |    29.213318780 |   54319     807 |   2.48e-11
    2 |     30.344 |    47   -4   - |    34.064928413 |   61513   18692 |   1.17e-10
    3 |     30.895 |    49   -3   + |    29.389602352 |   18324   38585 |   3.20e-11
    4 |     32.787 |    44   -4   - |    34.067349046 |   23001   61033 |   1.69e-11
    5 |     33.596 |    41   -3   + |    29.383011391 |   15463    1730 |   1.43e-10
  -> CHAINE COMPLETE : toutes les 5 cibles restantes atteintes.

--- depart l=31 : b1[31] = (t=43,k=-3,sg=-) = 25.003491381 | chaine atteint n_l = 5 etape(s) ---
etape |   cible x0 |     t    k  sg |               b |      N1      N2 |     erreur
    0 |   (depart) |    43   -3   - |    25.003491381 |                 |           
    1 |     25.066 |     8   -3   + |    29.285452495 |   17483     259 |   8.79e-11
    2 |     30.344 |    45   -4   - |    34.066515330 |   38602   10977 |   1.27e-11
    3 |     30.895 |    44   -3   + |    29.385692940 |    6051   12715 |   1.95e-10
    4 |     32.787 |    45   -4   - |    34.066515330 |    5841   15527 |   1.25e-10
    5 |     33.596 |    50   -3   + |    29.390313030 |   51280    5737 |   1.34e-10
  -> CHAINE COMPLETE : toutes les 5 cibles restantes atteintes.

--- depart l=32 : b1[32] = (t=44,k=-3,sg=-) = 25.002628762 | chaine atteint n_l = 5 etape(s) ---
etape |   cible x0 |     t    k  sg |               b |      N1      N2 |     erreur
    0 |   (depart) |    44   -3   - |    25.002628762 |                 |           
    1 |     25.066 |     4   -3   + |    29.213318780 |   59293     906 |   8.84e-11
    2 |     30.344 |    47   -4   - |    34.064928413 |   61513   18692 |   1.17e-10
    3 |     30.895 |    49   -3   + |    29.389602352 |   18324   38585 |   3.20e-11
    4 |     32.787 |    44   -4   - |    34.067349046 |   23001   61033 |   1.69e-11
    5 |     33.596 |    41   -3   + |    29.383011391 |   15463    1730 |   1.43e-10
  -> CHAINE COMPLETE : toutes les 5 cibles restantes atteintes.

--- depart l=33 : b1[33] = (t=45,k=-3,sg=-) = 25.001795047 | chaine atteint n_l = 5 etape(s) ---
etape |   cible x0 |     t    k  sg |               b |      N1      N2 |     erreur
    0 |   (depart) |    45   -3   - |    25.001795047 |                 |           
    1 |     25.066 |     9   -3   + |    29.295431860 |   53292     809 |   8.97e-11
    2 |     30.344 |    48   -4   - |    34.064172396 |   60083   16935 |   4.83e-11
    3 |     30.895 |    44   -3   + |    29.385692940 |   21884   45951 |   1.04e-10
    4 |     32.787 |    45   -4   - |    34.066515330 |    5841   15527 |   1.25e-10
    5 |     33.596 |    50   -3   + |    29.390313030 |   51280    5737 |   1.34e-10
  -> CHAINE COMPLETE : toutes les 5 cibles restantes atteintes.

--- depart l=34 : b1[34] = (t=46,k=-3,sg=-) = 25.000988656 | chaine atteint n_l = 5 etape(s) ---
etape |   cible x0 |     t    k  sg |               b |      N1      N2 |     erreur
    0 |   (depart) |    46   -3   - |    25.000988656 |                 |           
    1 |     25.066 |     3   -3   + |    29.175342710 |   59101     935 |   6.63e-11
    2 |     30.344 |    46   -4   - |    34.065708940 |   19028    5975 |   1.08e-10
    3 |     30.895 |    50   -3   + |    29.390313030 |   10427   21972 |   1.26e-11
    4 |     32.787 |    46   -4   - |    34.065708940 |   12364   32843 |   1.09e-10
    5 |     33.596 |    49   -3   + |    29.389602352 |   19245    2149 |   9.91e-12
  -> CHAINE COMPLETE : toutes les 5 cibles restantes atteintes.

--- depart l=35 : b1[35] = (t=47,k=-3,sg=-) = 25.000208129 | chaine atteint n_l = 5 etape(s) ---
etape |   cible x0 |     t    k  sg |               b |      N1      N2 |     erreur
    0 |   (depart) |    47   -3   - |    25.000208129 |                 |           
    1 |     25.066 |     4   -3   + |    29.213318780 |   52888     839 |   6.71e-11
    2 |     30.344 |    47   -4   - |    34.064928413 |   61513   18692 |   1.17e-10
    3 |     30.895 |    49   -3   + |    29.389602352 |   18324   38585 |   3.20e-11
    4 |     32.787 |    44   -4   - |    34.067349046 |   23001   61033 |   1.69e-11
    5 |     33.596 |    41   -3   + |    29.383011391 |   15463    1730 |   1.43e-10
  -> CHAINE COMPLETE : toutes les 5 cibles restantes atteintes.

--- depart l=36 : b1[36] = (t=48,k=-3,sg=-) = 24.999452113 | chaine atteint n_l = 5 etape(s) ---
etape |   cible x0 |     t    k  sg |               b |      N1      N2 |     erreur
    0 |   (depart) |    48   -3   - |    24.999452113 |                 |           
    1 |     25.066 |     1   -3   + |    28.970121569 |   61541    1049 |   1.66e-10
    2 |     30.344 |    48   -4   - |    34.064172396 |   54061   19965 |   1.22e-10
    3 |     30.895 |    44   -3   + |    29.385692940 |   21884   45951 |   1.04e-10
    4 |     32.787 |    45   -4   - |    34.066515330 |    5841   15527 |   1.25e-10
    5 |     33.596 |    50   -3   + |    29.390313030 |   51280    5737 |   1.34e-10
  -> CHAINE COMPLETE : toutes les 5 cibles restantes atteintes.

--- depart l=37 : b1[37] = (t=49,k=-3,sg=-) = 24.998719350 | chaine atteint n_l = 5 etape(s) ---
etape |   cible x0 |     t    k  sg |               b |      N1      N2 |     erreur
    0 |   (depart) |    49   -3   - |    24.998719350 |                 |           
    1 |     25.066 |     6   -3   + |    29.258480607 |   57079     916 |   2.15e-11
    2 |     30.344 |    49   -4   - |    34.063439633 |   35179   10267 |   6.10e-11
    3 |     30.895 |    45   -3   + |    29.386526655 |   10047   21103 |   4.16e-11
    4 |     32.787 |    41   -4   - |    34.070030595 |    5657   14993 |   1.09e-10
    5 |     33.596 |    43   -3   + |    29.384830321 |   13832    1557 |   6.25e-11
  -> CHAINE COMPLETE : toutes les 5 cibles restantes atteintes.

--- depart l=38 : b1[38] = (t=50,k=-3,sg=-) = 24.998008672 | chaine atteint n_l = 5 etape(s) ---
etape |   cible x0 |     t    k  sg |               b |      N1      N2 |     erreur
    0 |   (depart) |    50   -3   - |    24.998008672 |                 |           
    1 |     25.066 |     1   -3   + |    28.970121569 |   17054     297 |   2.32e-10
    2 |     30.344 |    48   -4   - |    34.064172396 |   54061   19965 |   1.22e-10
    3 |     30.895 |    44   -3   + |    29.385692940 |   21884   45951 |   1.04e-10
    4 |     32.787 |    45   -4   - |    34.066515330 |    5841   15527 |   1.25e-10
    5 |     33.596 |    50   -3   + |    29.390313030 |   51280    5737 |   1.34e-10
  -> CHAINE COMPLETE : toutes les 5 cibles restantes atteintes.

====================================================================================================
Intervalle [13] : intervalle de depart ]x0_1=25.066, x0_2=30.344[  -> 62 ancrages de depart trouves
cibles enchainees (dans l'ordre) : [30.344, 30.895, 32.787, 33.596]
====================================================================================================

--- depart l=1 : b1[1] = (t=1,k=-3,sg=+) = 28.970121569 | chaine atteint n_l = 4 etape(s) ---
etape |   cible x0 |     t    k  sg |               b |      N1      N2 |     erreur
    0 |   (depart) |     1   -3   + |    28.970121569 |                 |           
    1 |     30.344 |    48   -4   - |    34.064172396 |   54061   19965 |   1.22e-10
    2 |     30.895 |    44   -3   + |    29.385692940 |   21884   45951 |   1.04e-10
    3 |     32.787 |    45   -4   - |    34.066515330 |    5841   15527 |   1.25e-10
    4 |     33.596 |    50   -3   + |    29.390313030 |   51280    5737 |   1.34e-10
  -> CHAINE COMPLETE : toutes les 4 cibles restantes atteintes.

--- depart l=2 : b1[2] = (t=1,k=-3,sg=-) = 25.418200133 | chaine atteint n_l = 4 etape(s) ---
etape |   cible x0 |     t    k  sg |               b |      N1      N2 |     erreur
    0 |   (depart) |     1   -3   - |    25.418200133 |                 |           
    1 |     30.344 |     9   -4   + |    38.360152144 |   65022   39955 |   1.30e-10
    2 |     30.895 |    10   -3   - |    25.084444446 |   20744   26651 |   1.45e-11
    3 |     32.787 |     6   -4   + |    38.323200891 |   15852   22055 |   6.84e-11
    4 |     33.596 |     1   -3   - |    25.418200133 |   40306   23299 |   2.41e-10
  -> CHAINE COMPLETE : toutes les 4 cibles restantes atteintes.

--- depart l=3 : b1[3] = (t=2,k=-3,sg=+) = 29.111880423 | chaine atteint n_l = 4 etape(s) ---
etape |   cible x0 |     t    k  sg |               b |      N1      N2 |     erreur
    0 |   (depart) |     2   -3   + |    29.111880423 |                 |           
    1 |     30.344 |    41   -4   - |    34.070030595 |   40435   13371 |   3.05e-11
    2 |     30.895 |    47   -3   + |    29.388113573 |   17166   36169 |   3.35e-11
    3 |     32.787 |    50   -4   - |    34.062728956 |   18220   48543 |   7.63e-11
    4 |     33.596 |    50   -3   + |    29.390313030 |   54967    6100 |   7.97e-11
  -> CHAINE COMPLETE : toutes les 4 cibles restantes atteintes.

--- depart l=4 : b1[4] = (t=2,k=-3,sg=-) = 25.276441279 | chaine atteint n_l = 4 etape(s) ---
etape |   cible x0 |     t    k  sg |               b |      N1      N2 |     erreur
    0 |   (depart) |     2   -3   - |    25.276441279 |                 |           
    1 |     30.344 |     9   -4   + |    38.360152144 |   40978   25905 |   6.89e-11
    2 |     30.895 |    10   -3   - |    25.084444446 |   20744   26651 |   1.45e-11
    3 |     32.787 |     6   -4   + |    38.323200891 |   15852   22055 |   6.84e-11
    4 |     33.596 |     1   -3   - |    25.418200133 |   40306   23299 |   2.41e-10
  -> CHAINE COMPLETE : toutes les 4 cibles restantes atteintes.

--- depart l=5 : b1[5] = (t=3,k=-3,sg=+) = 29.175342710 | chaine atteint n_l = 4 etape(s) ---
etape |   cible x0 |     t    k  sg |               b |      N1      N2 |     erreur
    0 |   (depart) |     3   -3   + |    29.175342710 |                 |           
    1 |     30.344 |    46   -4   - |    34.065708940 |   19028    5975 |   1.08e-10
    2 |     30.895 |    50   -3   + |    29.390313030 |   10427   21972 |   1.26e-11
    3 |     32.787 |    46   -4   - |    34.065708940 |   12364   32843 |   1.09e-10
    4 |     33.596 |    49   -3   + |    29.389602352 |   19245    2149 |   9.91e-12
  -> CHAINE COMPLETE : toutes les 4 cibles restantes atteintes.

--- depart l=6 : b1[6] = (t=3,k=-3,sg=-) = 25.212978992 | chaine atteint n_l = 4 etape(s) ---
etape |   cible x0 |     t    k  sg |               b |      N1      N2 |     erreur
    0 |   (depart) |     3   -3   - |    25.212978992 |                 |           
    1 |     30.344 |     3   -4   + |    38.240062994 |   58667   38123 |   2.51e-10
    2 |     30.895 |     6   -3   - |    25.129841095 |   40406   51479 |   4.38e-10
    3 |     32.787 |     1   -4   + |    38.034841852 |   38490   56161 |   3.74e-11
    4 |     33.596 |     1   -3   - |    25.418200133 |   20518   11137 |   2.80e-10
  -> CHAINE COMPLETE : toutes les 4 cibles restantes atteintes.

--- depart l=7 : b1[7] = (t=4,k=-3,sg=+) = 29.213318780 | chaine atteint n_l = 4 etape(s) ---
etape |   cible x0 |     t    k  sg |               b |      N1      N2 |     erreur
    0 |   (depart) |     4   -3   + |    29.213318780 |                 |           
    1 |     30.344 |    47   -4   - |    34.064928413 |   61513   18692 |   1.17e-10
    2 |     30.895 |    49   -3   + |    29.389602352 |   18324   38585 |   3.20e-11
    3 |     32.787 |    44   -4   - |    34.067349046 |   23001   61033 |   1.69e-11
    4 |     33.596 |    41   -3   + |    29.383011391 |   15463    1730 |   1.43e-10
  -> CHAINE COMPLETE : toutes les 4 cibles restantes atteintes.

--- depart l=8 : b1[8] = (t=4,k=-3,sg=-) = 25.175002922 | chaine atteint n_l = 4 etape(s) ---
etape |   cible x0 |     t    k  sg |               b |      N1      N2 |     erreur
    0 |   (depart) |     4   -3   - |    25.175002922 |                 |           
    1 |     30.344 |     2   -4   + |    38.176600707 |   65449   43192 |   7.37e-11
    2 |     30.895 |     6   -3   - |    25.129841095 |   41732   52709 |   3.74e-10
    3 |     32.787 |     1   -4   + |    38.034841852 |   38490   56161 |   3.74e-11
    4 |     33.596 |     1   -3   - |    25.418200133 |   20518   11137 |   2.80e-10
  -> CHAINE COMPLETE : toutes les 4 cibles restantes atteintes.

--- depart l=9 : b1[9] = (t=5,k=-3,sg=+) = 29.239287332 | chaine atteint n_l = 4 etape(s) ---
etape |   cible x0 |     t    k  sg |               b |      N1      N2 |     erreur
    0 |   (depart) |     5   -3   + |    29.239287332 |                 |           
    1 |     30.344 |    41   -4   - |    34.070030595 |   60998   18085 |   3.76e-11
    2 |     30.895 |    47   -3   + |    29.388113573 |   17166   36169 |   3.35e-11
    3 |     32.787 |    50   -4   - |    34.062728956 |   18220   48543 |   7.63e-11
    4 |     33.596 |    50   -3   + |    29.390313030 |   54967    6100 |   7.97e-11
  -> CHAINE COMPLETE : toutes les 4 cibles restantes atteintes.

--- depart l=10 : b1[10] = (t=5,k=-3,sg=-) = 25.149034370 | chaine atteint n_l = 4 etape(s) ---
etape |   cible x0 |     t    k  sg |               b |      N1      N2 |     erreur
    0 |   (depart) |     5   -3   - |    25.149034370 |                 |           
    1 |     30.344 |     5   -4   + |    38.304007616 |   31520   20571 |   2.58e-11
    2 |     30.895 |     1   -3   - |    25.418200133 |   35088   47467 |   4.94e-10
    3 |     32.787 |     5   -4   + |    38.304007616 |   37241   49741 |   9.81e-11
    4 |     33.596 |     7   -3   - |    25.114911288 |   59717   33150 |   5.88e-11
  -> CHAINE COMPLETE : toutes les 4 cibles restantes atteintes.

--- depart l=11 : b1[11] = (t=6,k=-3,sg=+) = 29.258480607 | chaine atteint n_l = 4 etape(s) ---
etape |   cible x0 |     t    k  sg |               b |      N1      N2 |     erreur
    0 |   (depart) |     6   -3   + |    29.258480607 |                 |           
    1 |     30.344 |    49   -4   - |    34.063439633 |   35179   10267 |   6.10e-11
    2 |     30.895 |    45   -3   + |    29.386526655 |   10047   21103 |   4.16e-11
    3 |     32.787 |    41   -4   - |    34.070030595 |    5657   14993 |   1.09e-10
    4 |     33.596 |    43   -3   + |    29.384830321 |   13832    1557 |   6.25e-11
  -> CHAINE COMPLETE : toutes les 4 cibles restantes atteintes.

--- depart l=12 : b1[12] = (t=6,k=-3,sg=-) = 25.129841095 | chaine atteint n_l = 4 etape(s) ---
etape |   cible x0 |     t    k  sg |               b |      N1      N2 |     erreur
    0 |   (depart) |     6   -3   - |    25.129841095 |                 |           
    1 |     30.344 |     5   -4   + |    38.304007616 |   61176   40073 |   2.98e-11
    2 |     30.895 |     1   -3   - |    25.418200133 |   35088   47467 |   4.94e-10
    3 |     32.787 |     5   -4   + |    38.304007616 |   37241   49741 |   9.81e-11
    4 |     33.596 |     7   -3   - |    25.114911288 |   59717   33150 |   5.88e-11
  -> CHAINE COMPLETE : toutes les 4 cibles restantes atteintes.

--- depart l=13 : b1[13] = (t=7,k=-3,sg=+) = 29.273410414 | chaine atteint n_l = 4 etape(s) ---
etape |   cible x0 |     t    k  sg |               b |      N1      N2 |     erreur
    0 |   (depart) |     7   -3   + |    29.273410414 |                 |           
    1 |     30.344 |    47   -4   - |    34.064928413 |   48905   14071 |   6.28e-11
    2 |     30.895 |    49   -3   + |    29.389602352 |   18324   38585 |   3.20e-11
    3 |     32.787 |    44   -4   - |    34.067349046 |   23001   61033 |   1.69e-11
    4 |     33.596 |    41   -3   + |    29.383011391 |   15463    1730 |   1.43e-10
  -> CHAINE COMPLETE : toutes les 4 cibles restantes atteintes.

--- depart l=14 : b1[14] = (t=7,k=-3,sg=-) = 25.114911288 | chaine atteint n_l = 4 etape(s) ---
etape |   cible x0 |     t    k  sg |               b |      N1      N2 |     erreur
    0 |   (depart) |     7   -3   - |    25.114911288 |                 |           
    1 |     30.344 |     6   -4   + |    38.323200891 |   51677   33866 |   5.64e-11
    2 |     30.895 |     3   -3   - |    25.212978992 |   12697   16599 |   1.13e-10
    3 |     32.787 |     7   -4   + |    38.338130698 |   11391   15542 |   3.01e-11
    4 |     33.596 |     1   -3   - |    25.418200133 |   55165   31989 |   5.02e-11
  -> CHAINE COMPLETE : toutes les 4 cibles restantes atteintes.

--- depart l=15 : b1[15] = (t=8,k=-3,sg=+) = 29.285452495 | chaine atteint n_l = 4 etape(s) ---
etape |   cible x0 |     t    k  sg |               b |      N1      N2 |     erreur
    0 |   (depart) |     8   -3   + |    29.285452495 |                 |           
    1 |     30.344 |    45   -4   - |    34.066515330 |   38602   10977 |   1.27e-11
    2 |     30.895 |    44   -3   + |    29.385692940 |    6051   12715 |   1.95e-10
    3 |     32.787 |    45   -4   - |    34.066515330 |    5841   15527 |   1.25e-10
    4 |     33.596 |    50   -3   + |    29.390313030 |   51280    5737 |   1.34e-10
  -> CHAINE COMPLETE : toutes les 4 cibles restantes atteintes.

--- depart l=16 : b1[16] = (t=8,k=-3,sg=-) = 25.102869207 | chaine atteint n_l = 4 etape(s) ---
etape |   cible x0 |     t    k  sg |               b |      N1      N2 |     erreur
    0 |   (depart) |     8   -3   - |    25.102869207 |                 |           
    1 |     30.344 |     3   -4   + |    38.240062994 |   40897   27146 |   3.23e-10
    2 |     30.895 |     6   -3   - |    25.129841095 |   40406   51479 |   4.38e-10
    3 |     32.787 |     1   -4   + |    38.034841852 |   38490   56161 |   3.74e-11
    4 |     33.596 |     1   -3   - |    25.418200133 |   20518   11137 |   2.80e-10
  -> CHAINE COMPLETE : toutes les 4 cibles restantes atteintes.

--- depart l=17 : b1[17] = (t=9,k=-3,sg=+) = 29.295431860 | chaine atteint n_l = 4 etape(s) ---
etape |   cible x0 |     t    k  sg |               b |      N1      N2 |     erreur
    0 |   (depart) |     9   -3   + |    29.295431860 |                 |           
    1 |     30.344 |    48   -4   - |    34.064172396 |   60083   16935 |   4.83e-11
    2 |     30.895 |    44   -3   + |    29.385692940 |   21884   45951 |   1.04e-10
    3 |     32.787 |    45   -4   - |    34.066515330 |    5841   15527 |   1.25e-10
    4 |     33.596 |    50   -3   + |    29.390313030 |   51280    5737 |   1.34e-10
  -> CHAINE COMPLETE : toutes les 4 cibles restantes atteintes.

--- depart l=18 : b1[18] = (t=9,k=-3,sg=-) = 25.092889842 | chaine atteint n_l = 4 etape(s) ---
etape |   cible x0 |     t    k  sg |               b |      N1      N2 |     erreur
    0 |   (depart) |     9   -3   - |    25.092889842 |                 |           
    1 |     30.344 |     8   -4   + |    38.350172779 |   43305   28403 |   3.65e-10
    2 |     30.895 |     8   -3   - |    25.102869207 |   45803   58954 |   3.67e-11
    3 |     32.787 |     3   -4   + |    38.240062994 |   43259   60958 |   1.01e-10
    4 |     33.596 |     4   -3   - |    25.175002922 |   45925   25327 |   9.81e-12
  -> CHAINE COMPLETE : toutes les 4 cibles restantes atteintes.

--- depart l=19 : b1[19] = (t=10,k=-3,sg=+) = 29.303877256 | chaine atteint n_l = 4 etape(s) ---
etape |   cible x0 |     t    k  sg |               b |      N1      N2 |     erreur
    0 |   (depart) |    10   -3   + |    29.303877256 |                 |           
    1 |     30.344 |    46   -4   - |    34.065708940 |   47117   13168 |   5.80e-11
    2 |     30.895 |    50   -3   + |    29.390313030 |   10427   21972 |   1.26e-11
    3 |     32.787 |    46   -4   - |    34.065708940 |   12364   32843 |   1.09e-10
    4 |     33.596 |    49   -3   + |    29.389602352 |   19245    2149 |   9.91e-12
  -> CHAINE COMPLETE : toutes les 4 cibles restantes atteintes.

--- depart l=20 : b1[20] = (t=10,k=-3,sg=-) = 25.084444446 | chaine atteint n_l = 4 etape(s) ---
etape |   cible x0 |     t    k  sg |               b |      N1      N2 |     erreur
    0 |   (depart) |    10   -3   - |    25.084444446 |                 |           
    1 |     30.344 |     4   -4   + |    38.278039063 |    8075    5353 |   4.32e-10
    2 |     30.895 |     4   -3   - |    25.175002922 |   49329   63671 |   1.51e-10
    3 |     32.787 |     9   -4   + |    38.360152144 |   43241   59060 |   1.57e-10
    4 |     33.596 |     1   -3   - |    25.418200133 |   51731   30137 |   2.33e-10
  -> CHAINE COMPLETE : toutes les 4 cibles restantes atteintes.

--- depart l=21 : b1[21] = (t=11,k=-3,sg=+) = 29.311145266 | chaine atteint n_l = 4 etape(s) ---
etape |   cible x0 |     t    k  sg |               b |      N1      N2 |     erreur
    0 |   (depart) |    11   -3   + |    29.311145266 |                 |           
    1 |     30.344 |    43   -4   - |    34.068211664 |   54847   15211 |   6.95e-11
    2 |     30.895 |    48   -3   + |    29.388869589 |   11903   25078 |   4.12e-11
    3 |     32.787 |    41   -4   - |    34.070030595 |    3949   10459 |   5.36e-12
    4 |     33.596 |    43   -3   + |    29.384830321 |   13832    1557 |   6.25e-11
  -> CHAINE COMPLETE : toutes les 4 cibles restantes atteintes.

--- depart l=22 : b1[22] = (t=11,k=-3,sg=-) = 25.077176436 | chaine atteint n_l = 4 etape(s) ---
etape |   cible x0 |     t    k  sg |               b |      N1      N2 |     erreur
    0 |   (depart) |    11   -3   - |    25.077176436 |                 |           
    1 |     30.344 |     5   -4   + |    38.304007616 |   27833   18416 |   1.68e-10
    2 |     30.895 |     1   -3   - |    25.418200133 |   35088   47467 |   4.94e-10
    3 |     32.787 |     5   -4   + |    38.304007616 |   37241   49741 |   9.81e-11
    4 |     33.596 |     7   -3   - |    25.114911288 |   59717   33150 |   5.88e-11
  -> CHAINE COMPLETE : toutes les 4 cibles restantes atteintes.

--- depart l=23 : b1[23] = (t=12,k=-3,sg=+) = 29.317486267 | chaine atteint n_l = 4 etape(s) ---
etape |   cible x0 |     t    k  sg |               b |      N1      N2 |     erreur
    0 |   (depart) |    12   -3   + |    29.317486267 |                 |           
    1 |     30.344 |    45   -4   - |    34.066515330 |   46762   12895 |   2.08e-10
    2 |     30.895 |    44   -3   + |    29.385692940 |    6051   12715 |   1.95e-10
    3 |     32.787 |    45   -4   - |    34.066515330 |    5841   15527 |   1.25e-10
    4 |     33.596 |    50   -3   + |    29.390313030 |   51280    5737 |   1.34e-10
  -> CHAINE COMPLETE : toutes les 4 cibles restantes atteintes.

--- depart l=24 : b1[24] = (t=12,k=-3,sg=-) = 25.070835435 | chaine atteint n_l = 4 etape(s) ---
etape |   cible x0 |     t    k  sg |               b |      N1      N2 |     erreur
    0 |   (depart) |    12   -3   - |    25.070835435 |                 |           
    1 |     30.344 |     7   -4   + |    38.338130698 |   65320   43087 |   1.26e-11
    2 |     30.895 |    10   -3   - |    25.084444446 |   16461   21086 |   5.22e-11
    3 |     32.787 |     6   -4   + |    38.323200891 |   15852   22055 |   6.84e-11
    4 |     33.596 |     1   -3   - |    25.418200133 |   40306   23299 |   2.41e-10
  -> CHAINE COMPLETE : toutes les 4 cibles restantes atteintes.

--- depart l=25 : b1[25] = (t=13,k=-3,sg=+) = 29.323081922 | chaine atteint n_l = 4 etape(s) ---
etape |   cible x0 |     t    k  sg |               b |      N1      N2 |     erreur
    0 |   (depart) |    13   -3   + |    29.323081922 |                 |           
    1 |     30.344 |    48   -4   - |    34.064172396 |   44857   12310 |   3.41e-10
    2 |     30.895 |    44   -3   + |    29.385692940 |   21884   45951 |   1.04e-10
    3 |     32.787 |    45   -4   - |    34.066515330 |    5841   15527 |   1.25e-10
    4 |     33.596 |    50   -3   + |    29.390313030 |   51280    5737 |   1.34e-10
  -> CHAINE COMPLETE : toutes les 4 cibles restantes atteintes.

--- depart l=26 : b1[26] = (t=14,k=-3,sg=+) = 29.328067668 | chaine atteint n_l = 4 etape(s) ---
etape |   cible x0 |     t    k  sg |               b |      N1      N2 |     erreur
    0 |   (depart) |    14   -3   + |    29.328067668 |                 |           
    1 |     30.344 |    42   -4   - |    34.069104896 |   63100   17209 |   1.73e-11
    2 |     30.895 |    50   -3   + |    29.390313030 |   15994   33739 |   1.48e-10
    3 |     32.787 |    46   -4   - |    34.065708940 |   12364   32843 |   1.09e-10
    4 |     33.596 |    49   -3   + |    29.389602352 |   19245    2149 |   9.91e-12
  -> CHAINE COMPLETE : toutes les 4 cibles restantes atteintes.

--- depart l=27 : b1[27] = (t=15,k=-3,sg=+) = 29.332546815 | chaine atteint n_l = 4 etape(s) ---
etape |   cible x0 |     t    k  sg |               b |      N1      N2 |     erreur
    0 |   (depart) |    15   -3   + |    29.332546815 |                 |           
    1 |     30.344 |    48   -4   - |    34.064172396 |   51603   14030 |   3.32e-11
    2 |     30.895 |    44   -3   + |    29.385692940 |   21884   45951 |   1.04e-10
    3 |     32.787 |    45   -4   - |    34.066515330 |    5841   15527 |   1.25e-10
    4 |     33.596 |    50   -3   + |    29.390313030 |   51280    5737 |   1.34e-10
  -> CHAINE COMPLETE : toutes les 4 cibles restantes atteintes.

--- depart l=28 : b1[28] = (t=16,k=-3,sg=+) = 29.336599725 | chaine atteint n_l = 4 etape(s) ---
etape |   cible x0 |     t    k  sg |               b |      N1      N2 |     erreur
    0 |   (depart) |    16   -3   + |    29.336599725 |                 |           
    1 |     30.344 |    44   -4   - |    34.067349046 |   12559    3398 |   1.07e-10
    2 |     30.895 |    42   -3   + |    29.383937090 |   29603   62149 |   7.56e-11
    3 |     32.787 |    49   -4   - |    34.063439633 |   22477   59925 |   1.98e-11
    4 |     33.596 |    44   -3   + |    29.385692940 |   65347    7255 |   2.41e-11
  -> CHAINE COMPLETE : toutes les 4 cibles restantes atteintes.

--- depart l=29 : b1[29] = (t=17,k=-3,sg=+) = 29.340289976 | chaine atteint n_l = 4 etape(s) ---
etape |   cible x0 |     t    k  sg |               b |      N1      N2 |     erreur
    0 |   (depart) |    17   -3   + |    29.340289976 |                 |           
    1 |     30.344 |    47   -4   - |    34.064928413 |   45728   12335 |   8.94e-11
    2 |     30.895 |    49   -3   + |    29.389602352 |   18324   38585 |   3.20e-11
    3 |     32.787 |    44   -4   - |    34.067349046 |   23001   61033 |   1.69e-11
    4 |     33.596 |    41   -3   + |    29.383011391 |   15463    1730 |   1.43e-10
  -> CHAINE COMPLETE : toutes les 4 cibles restantes atteintes.

--- depart l=30 : b1[30] = (t=18,k=-3,sg=+) = 29.343668615 | chaine atteint n_l = 4 etape(s) ---
etape |   cible x0 |     t    k  sg |               b |      N1      N2 |     erreur
    0 |   (depart) |    18   -3   + |    29.343668615 |                 |           
    1 |     30.344 |    49   -4   - |    34.063439633 |   43477   11693 |   1.65e-10
    2 |     30.895 |    45   -3   + |    29.386526655 |   10047   21103 |   4.16e-11
    3 |     32.787 |    41   -4   - |    34.070030595 |    5657   14993 |   1.09e-10
    4 |     33.596 |    43   -3   + |    29.384830321 |   13832    1557 |   6.25e-11
  -> CHAINE COMPLETE : toutes les 4 cibles restantes atteintes.

--- depart l=31 : b1[31] = (t=19,k=-3,sg=+) = 29.346777165 | chaine atteint n_l = 4 etape(s) ---
etape |   cible x0 |     t    k  sg |               b |      N1      N2 |     erreur
    0 |   (depart) |    19   -3   + |    29.346777165 |                 |           
    1 |     30.344 |    43   -4   - |    34.068211664 |   40636   10881 |   2.52e-10
    2 |     30.895 |    48   -3   + |    29.388869589 |   11903   25078 |   4.12e-11
    3 |     32.787 |    41   -4   - |    34.070030595 |    3949   10459 |   5.36e-12
    4 |     33.596 |    43   -3   + |    29.384830321 |   13832    1557 |   6.25e-11
  -> CHAINE COMPLETE : toutes les 4 cibles restantes atteintes.

--- depart l=32 : b1[32] = (t=20,k=-3,sg=+) = 29.349649793 | chaine atteint n_l = 4 etape(s) ---
etape |   cible x0 |     t    k  sg |               b |      N1      N2 |     erreur
    0 |   (depart) |    20   -3   + |    29.349649793 |                 |           
    1 |     30.344 |    50   -4   - |    34.062728956 |   56513   15111 |   1.73e-10
    2 |     30.895 |    46   -3   + |    29.387333046 |   19351   40658 |   1.03e-10
    3 |     32.787 |    49   -4   - |    34.063439633 |   23966   63831 |   1.70e-10
    4 |     33.596 |    44   -3   + |    29.385692940 |   65347    7255 |   2.41e-11
  -> CHAINE COMPLETE : toutes les 4 cibles restantes atteintes.

--- depart l=33 : b1[33] = (t=21,k=-3,sg=+) = 29.352314907 | chaine atteint n_l = 4 etape(s) ---
etape |   cible x0 |     t    k  sg |               b |      N1      N2 |     erreur
    0 |   (depart) |    21   -3   + |    29.352314907 |                 |           
    1 |     30.344 |    48   -4   - |    34.064172396 |   62539   16671 |   7.64e-11
    2 |     30.895 |    44   -3   + |    29.385692940 |   21884   45951 |   1.04e-10
    3 |     32.787 |    45   -4   - |    34.066515330 |    5841   15527 |   1.25e-10
    4 |     33.596 |    50   -3   + |    29.390313030 |   51280    5737 |   1.34e-10
  -> CHAINE COMPLETE : toutes les 4 cibles restantes atteintes.

--- depart l=34 : b1[34] = (t=22,k=-3,sg=+) = 29.354796346 | chaine atteint n_l = 4 etape(s) ---
etape |   cible x0 |     t    k  sg |               b |      N1      N2 |     erreur
    0 |   (depart) |    22   -3   + |    29.354796346 |                 |           
    1 |     30.344 |    42   -4   - |    34.069104896 |   46172   12261 |   6.20e-11
    2 |     30.895 |    50   -3   + |    29.390313030 |   15994   33739 |   1.48e-10
    3 |     32.787 |    46   -4   - |    34.065708940 |   12364   32843 |   1.09e-10
    4 |     33.596 |    49   -3   + |    29.389602352 |   19245    2149 |   9.91e-12
  -> CHAINE COMPLETE : toutes les 4 cibles restantes atteintes.

--- depart l=35 : b1[35] = (t=23,k=-3,sg=+) = 29.357114281 | chaine atteint n_l = 4 etape(s) ---
etape |   cible x0 |     t    k  sg |               b |      N1      N2 |     erreur
    0 |   (depart) |    23   -3   + |    29.357114281 |                 |           
    1 |     30.344 |    46   -4   - |    34.065708940 |   43342   11493 |   4.96e-11
    2 |     30.895 |    50   -3   + |    29.390313030 |   10427   21972 |   1.26e-11
    3 |     32.787 |    46   -4   - |    34.065708940 |   12364   32843 |   1.09e-10
    4 |     33.596 |    49   -3   + |    29.389602352 |   19245    2149 |   9.91e-12
  -> CHAINE COMPLETE : toutes les 4 cibles restantes atteintes.

--- depart l=36 : b1[36] = (t=24,k=-3,sg=+) = 29.359285914 | chaine atteint n_l = 4 etape(s) ---
etape |   cible x0 |     t    k  sg |               b |      N1      N2 |     erreur
    0 |   (depart) |    24   -3   + |    29.359285914 |                 |           
    1 |     30.344 |    49   -4   - |    34.063439633 |   37039    9806 |   4.20e-11
    2 |     30.895 |    45   -3   + |    29.386526655 |   10047   21103 |   4.16e-11
    3 |     32.787 |    41   -4   - |    34.070030595 |    5657   14993 |   1.09e-10
    4 |     33.596 |    43   -3   + |    29.384830321 |   13832    1557 |   6.25e-11
  -> CHAINE COMPLETE : toutes les 4 cibles restantes atteintes.

--- depart l=37 : b1[37] = (t=25,k=-3,sg=+) = 29.361326015 | chaine atteint n_l = 4 etape(s) ---
etape |   cible x0 |     t    k  sg |               b |      N1      N2 |     erreur
    0 |   (depart) |    25   -3   + |    29.361326015 |                 |           
    1 |     30.344 |    46   -4   - |    34.065708940 |   24807    6550 |   8.33e-11
    2 |     30.895 |    50   -3   + |    29.390313030 |   10427   21972 |   1.26e-11
    3 |     32.787 |    46   -4   - |    34.065708940 |   12364   32843 |   1.09e-10
    4 |     33.596 |    49   -3   + |    29.389602352 |   19245    2149 |   9.91e-12
  -> CHAINE COMPLETE : toutes les 4 cibles restantes atteintes.

--- depart l=38 : b1[38] = (t=26,k=-3,sg=+) = 29.363247346 | chaine atteint n_l = 4 etape(s) ---
etape |   cible x0 |     t    k  sg |               b |      N1      N2 |     erreur
    0 |   (depart) |    26   -3   + |    29.363247346 |                 |           
    1 |     30.344 |    48   -4   - |    34.064172396 |   57296   15105 |   9.44e-11
    2 |     30.895 |    44   -3   + |    29.385692940 |   21884   45951 |   1.04e-10
    3 |     32.787 |    45   -4   - |    34.066515330 |    5841   15527 |   1.25e-10
    4 |     33.596 |    50   -3   + |    29.390313030 |   51280    5737 |   1.34e-10
  -> CHAINE COMPLETE : toutes les 4 cibles restantes atteintes.

--- depart l=39 : b1[39] = (t=27,k=-3,sg=+) = 29.365061003 | chaine atteint n_l = 4 etape(s) ---
etape |   cible x0 |     t    k  sg |               b |      N1      N2 |     erreur
    0 |   (depart) |    27   -3   + |    29.365061003 |                 |           
    1 |     30.344 |    43   -4   - |    34.068211664 |   63365   16656 |   4.68e-10
    2 |     30.895 |    48   -3   + |    29.388869589 |   11903   25078 |   4.12e-11
    3 |     32.787 |    41   -4   - |    34.070030595 |    3949   10459 |   5.36e-12
    4 |     33.596 |    43   -3   + |    29.384830321 |   13832    1557 |   6.25e-11
  -> CHAINE COMPLETE : toutes les 4 cibles restantes atteintes.

--- depart l=40 : b1[40] = (t=28,k=-3,sg=+) = 29.366776681 | chaine atteint n_l = 4 etape(s) ---
etape |   cible x0 |     t    k  sg |               b |      N1      N2 |     erreur
    0 |   (depart) |    28   -3   + |    29.366776681 |                 |           
    1 |     30.344 |    46   -4   - |    34.065708940 |   44875   11783 |   2.50e-12
    2 |     30.895 |    50   -3   + |    29.390313030 |   10427   21972 |   1.26e-11
    3 |     32.787 |    46   -4   - |    34.065708940 |   12364   32843 |   1.09e-10
    4 |     33.596 |    49   -3   + |    29.389602352 |   19245    2149 |   9.91e-12
  -> CHAINE COMPLETE : toutes les 4 cibles restantes atteintes.

--- depart l=41 : b1[41] = (t=29,k=-3,sg=+) = 29.368402895 | chaine atteint n_l = 4 etape(s) ---
etape |   cible x0 |     t    k  sg |               b |      N1      N2 |     erreur
    0 |   (depart) |    29   -3   + |    29.368402895 |                 |           
    1 |     30.344 |    42   -4   - |    34.069104896 |   45029   11793 |   1.49e-10
    2 |     30.895 |    50   -3   + |    29.390313030 |   15994   33739 |   1.48e-10
    3 |     32.787 |    46   -4   - |    34.065708940 |   12364   32843 |   1.09e-10
    4 |     33.596 |    49   -3   + |    29.389602352 |   19245    2149 |   9.91e-12
  -> CHAINE COMPLETE : toutes les 4 cibles restantes atteintes.

--- depart l=42 : b1[42] = (t=30,k=-3,sg=+) = 29.369947159 | chaine atteint n_l = 4 etape(s) ---
etape |   cible x0 |     t    k  sg |               b |      N1      N2 |     erreur
    0 |   (depart) |    30   -3   + |    29.369947159 |                 |           
    1 |     30.344 |    46   -4   - |    34.065708940 |   39328   10293 |   5.18e-11
    2 |     30.895 |    50   -3   + |    29.390313030 |   10427   21972 |   1.26e-11
    3 |     32.787 |    46   -4   - |    34.065708940 |   12364   32843 |   1.09e-10
    4 |     33.596 |    49   -3   + |    29.389602352 |   19245    2149 |   9.91e-12
  -> CHAINE COMPLETE : toutes les 4 cibles restantes atteintes.

--- depart l=43 : b1[43] = (t=31,k=-3,sg=+) = 29.371416134 | chaine atteint n_l = 4 etape(s) ---
etape |   cible x0 |     t    k  sg |               b |      N1      N2 |     erreur
    0 |   (depart) |    31   -3   + |    29.371416134 |                 |           
    1 |     30.344 |    50   -4   - |    34.062728956 |   42170   11029 |   1.09e-10
    2 |     30.895 |    46   -3   + |    29.387333046 |   19351   40658 |   1.03e-10
    3 |     32.787 |    49   -4   - |    34.063439633 |   23966   63831 |   1.70e-10
    4 |     33.596 |    44   -3   + |    29.385692940 |   65347    7255 |   2.41e-11
  -> CHAINE COMPLETE : toutes les 4 cibles restantes atteintes.

--- depart l=44 : b1[44] = (t=32,k=-3,sg=+) = 29.372815743 | chaine atteint n_l = 4 etape(s) ---
etape |   cible x0 |     t    k  sg |               b |      N1      N2 |     erreur
    0 |   (depart) |    32   -3   + |    29.372815743 |                 |           
    1 |     30.344 |    48   -4   - |    34.064172396 |   47066   12287 |   7.51e-12
    2 |     30.895 |    44   -3   + |    29.385692940 |   21884   45951 |   1.04e-10
    3 |     32.787 |    45   -4   - |    34.066515330 |    5841   15527 |   1.25e-10
    4 |     33.596 |    50   -3   + |    29.390313030 |   51280    5737 |   1.34e-10
  -> CHAINE COMPLETE : toutes les 4 cibles restantes atteintes.

--- depart l=45 : b1[45] = (t=33,k=-3,sg=+) = 29.374151281 | chaine atteint n_l = 4 etape(s) ---
etape |   cible x0 |     t    k  sg |               b |      N1      N2 |     erreur
    0 |   (depart) |    33   -3   + |    29.374151281 |                 |           
    1 |     30.344 |    50   -4   - |    34.062728956 |   43838   11433 |   2.87e-11
    2 |     30.895 |    46   -3   + |    29.387333046 |   19351   40658 |   1.03e-10
    3 |     32.787 |    49   -4   - |    34.063439633 |   23966   63831 |   1.70e-10
    4 |     33.596 |    44   -3   + |    29.385692940 |   65347    7255 |   2.41e-11
  -> CHAINE COMPLETE : toutes les 4 cibles restantes atteintes.

--- depart l=46 : b1[46] = (t=34,k=-3,sg=+) = 29.375427490 | chaine atteint n_l = 4 etape(s) ---
etape |   cible x0 |     t    k  sg |               b |      N1      N2 |     erreur
    0 |   (depart) |    34   -3   + |    29.375427490 |                 |           
    1 |     30.344 |    43   -4   - |    34.068211664 |   58787   15289 |   1.29e-11
    2 |     30.895 |    48   -3   + |    29.388869589 |   11903   25078 |   4.12e-11
    3 |     32.787 |    41   -4   - |    34.070030595 |    3949   10459 |   5.36e-12
    4 |     33.596 |    43   -3   + |    29.384830321 |   13832    1557 |   6.25e-11
  -> CHAINE COMPLETE : toutes les 4 cibles restantes atteintes.

--- depart l=47 : b1[47] = (t=35,k=-3,sg=+) = 29.376648638 | chaine atteint n_l = 4 etape(s) ---
etape |   cible x0 |     t    k  sg |               b |      N1      N2 |     erreur
    0 |   (depart) |    35   -3   + |    29.376648638 |                 |           
    1 |     30.344 |    41   -4   - |    34.070030595 |   15203    3947 |   3.10e-11
    2 |     30.895 |    47   -3   + |    29.388113573 |   17166   36169 |   3.35e-11
    3 |     32.787 |    50   -4   - |    34.062728956 |   18220   48543 |   7.63e-11
    4 |     33.596 |    50   -3   + |    29.390313030 |   54967    6100 |   7.97e-11
  -> CHAINE COMPLETE : toutes les 4 cibles restantes atteintes.

--- depart l=48 : b1[48] = (t=36,k=-3,sg=+) = 29.377818573 | chaine atteint n_l = 4 etape(s) ---
etape |   cible x0 |     t    k  sg |               b |      N1      N2 |     erreur
    0 |   (depart) |    36   -3   + |    29.377818573 |                 |           
    1 |     30.344 |    47   -4   - |    34.064928413 |   64380   16717 |   1.57e-10
    2 |     30.895 |    49   -3   + |    29.389602352 |   18324   38585 |   3.20e-11
    3 |     32.787 |    44   -4   - |    34.067349046 |   23001   61033 |   1.69e-11
    4 |     33.596 |    41   -3   + |    29.383011391 |   15463    1730 |   1.43e-10
  -> CHAINE COMPLETE : toutes les 4 cibles restantes atteintes.

--- depart l=49 : b1[49] = (t=37,k=-3,sg=+) = 29.378940777 | chaine atteint n_l = 4 etape(s) ---
etape |   cible x0 |     t    k  sg |               b |      N1      N2 |     erreur
    0 |   (depart) |    37   -3   + |    29.378940777 |                 |           
    1 |     30.344 |    50   -4   - |    34.062728956 |   56737   14724 |   3.80e-11
    2 |     30.895 |    46   -3   + |    29.387333046 |   19351   40658 |   1.03e-10
    3 |     32.787 |    49   -4   - |    34.063439633 |   23966   63831 |   1.70e-10
    4 |     33.596 |    44   -3   + |    29.385692940 |   65347    7255 |   2.41e-11
  -> CHAINE COMPLETE : toutes les 4 cibles restantes atteintes.

--- depart l=50 : b1[50] = (t=38,k=-3,sg=+) = 29.380018410 | chaine atteint n_l = 4 etape(s) ---
etape |   cible x0 |     t    k  sg |               b |      N1      N2 |     erreur
    0 |   (depart) |    38   -3   + |    29.380018410 |                 |           
    1 |     30.344 |    42   -4   - |    34.069104896 |   23093    5976 |   5.49e-12
    2 |     30.895 |    50   -3   + |    29.390313030 |   15994   33739 |   1.48e-10
    3 |     32.787 |    46   -4   - |    34.065708940 |   12364   32843 |   1.09e-10
    4 |     33.596 |    49   -3   + |    29.389602352 |   19245    2149 |   9.91e-12
  -> CHAINE COMPLETE : toutes les 4 cibles restantes atteintes.

--- depart l=51 : b1[51] = (t=39,k=-3,sg=+) = 29.381054347 | chaine atteint n_l = 4 etape(s) ---
etape |   cible x0 |     t    k  sg |               b |      N1      N2 |     erreur
    0 |   (depart) |    39   -3   + |    29.381054347 |                 |           
    1 |     30.344 |    42   -4   - |    34.069104896 |   49667   12839 |   1.15e-10
    2 |     30.895 |    50   -3   + |    29.390313030 |   15994   33739 |   1.48e-10
    3 |     32.787 |    46   -4   - |    34.065708940 |   12364   32843 |   1.09e-10
    4 |     33.596 |    49   -3   + |    29.389602352 |   19245    2149 |   9.91e-12
  -> CHAINE COMPLETE : toutes les 4 cibles restantes atteintes.

--- depart l=52 : b1[52] = (t=40,k=-3,sg=+) = 29.382051208 | chaine atteint n_l = 4 etape(s) ---
etape |   cible x0 |     t    k  sg |               b |      N1      N2 |     erreur
    0 |   (depart) |    40   -3   + |    29.382051208 |                 |           
    1 |     30.344 |    42   -4   - |    34.069104896 |   65278   16857 |   1.04e-10
    2 |     30.895 |    50   -3   + |    29.390313030 |   15994   33739 |   1.48e-10
    3 |     32.787 |    46   -4   - |    34.065708940 |   12364   32843 |   1.09e-10
    4 |     33.596 |    49   -3   + |    29.389602352 |   19245    2149 |   9.91e-12
  -> CHAINE COMPLETE : toutes les 4 cibles restantes atteintes.

--- depart l=53 : b1[53] = (t=41,k=-3,sg=+) = 29.383011391 | chaine atteint n_l = 4 etape(s) ---
etape |   cible x0 |     t    k  sg |               b |      N1      N2 |     erreur
    0 |   (depart) |    41   -3   + |    29.383011391 |                 |           
    1 |     30.344 |    49   -4   - |    34.063439633 |   46480   12009 |   6.39e-11
    2 |     30.895 |    45   -3   + |    29.386526655 |   10047   21103 |   4.16e-11
    3 |     32.787 |    41   -4   - |    34.070030595 |    5657   14993 |   1.09e-10
    4 |     33.596 |    43   -3   + |    29.384830321 |   13832    1557 |   6.25e-11
  -> CHAINE COMPLETE : toutes les 4 cibles restantes atteintes.

--- depart l=54 : b1[54] = (t=42,k=-3,sg=+) = 29.383937090 | chaine atteint n_l = 4 etape(s) ---
etape |   cible x0 |     t    k  sg |               b |      N1      N2 |     erreur
    0 |   (depart) |    42   -3   + |    29.383937090 |                 |           
    1 |     30.344 |    42   -4   - |    34.069104896 |   29407    7579 |   1.61e-10
    2 |     30.895 |    50   -3   + |    29.390313030 |   15994   33739 |   1.48e-10
    3 |     32.787 |    46   -4   - |    34.065708940 |   12364   32843 |   1.09e-10
    4 |     33.596 |    49   -3   + |    29.389602352 |   19245    2149 |   9.91e-12
  -> CHAINE COMPLETE : toutes les 4 cibles restantes atteintes.

--- depart l=55 : b1[55] = (t=43,k=-3,sg=+) = 29.384830321 | chaine atteint n_l = 4 etape(s) ---
etape |   cible x0 |     t    k  sg |               b |      N1      N2 |     erreur
    0 |   (depart) |    43   -3   + |    29.384830321 |                 |           
    1 |     30.344 |    45   -4   - |    34.066515330 |   15097    3890 |   1.21e-10
    2 |     30.895 |    44   -3   + |    29.385692940 |    6051   12715 |   1.95e-10
    3 |     32.787 |    45   -4   - |    34.066515330 |    5841   15527 |   1.25e-10
    4 |     33.596 |    50   -3   + |    29.390313030 |   51280    5737 |   1.34e-10
  -> CHAINE COMPLETE : toutes les 4 cibles restantes atteintes.

--- depart l=56 : b1[56] = (t=44,k=-3,sg=+) = 29.385692940 | chaine atteint n_l = 4 etape(s) ---
etape |   cible x0 |     t    k  sg |               b |      N1      N2 |     erreur
    0 |   (depart) |    44   -3   + |    29.385692940 |                 |           
    1 |     30.344 |    48   -4   - |    34.064172396 |   14643    3772 |   3.18e-11
    2 |     30.895 |    44   -3   + |    29.385692940 |   21884   45951 |   1.04e-10
    3 |     32.787 |    45   -4   - |    34.066515330 |    5841   15527 |   1.25e-10
    4 |     33.596 |    50   -3   + |    29.390313030 |   51280    5737 |   1.34e-10
  -> CHAINE COMPLETE : toutes les 4 cibles restantes atteintes.

--- depart l=57 : b1[57] = (t=45,k=-3,sg=+) = 29.386526655 | chaine atteint n_l = 4 etape(s) ---
etape |   cible x0 |     t    k  sg |               b |      N1      N2 |     erreur
    0 |   (depart) |    45   -3   + |    29.386526655 |                 |           
    1 |     30.344 |    44   -4   - |    34.067349046 |   39175   10074 |   5.59e-11
    2 |     30.895 |    42   -3   + |    29.383937090 |   29603   62149 |   7.56e-11
    3 |     32.787 |    49   -4   - |    34.063439633 |   22477   59925 |   1.98e-11
    4 |     33.596 |    44   -3   + |    29.385692940 |   65347    7255 |   2.41e-11
  -> CHAINE COMPLETE : toutes les 4 cibles restantes atteintes.

--- depart l=58 : b1[58] = (t=46,k=-3,sg=+) = 29.387333046 | chaine atteint n_l = 4 etape(s) ---
etape |   cible x0 |     t    k  sg |               b |      N1      N2 |     erreur
    0 |   (depart) |    46   -3   + |    29.387333046 |                 |           
    1 |     30.344 |    47   -4   - |    34.064928413 |   54192   13933 |   2.27e-11
    2 |     30.895 |    49   -3   + |    29.389602352 |   18324   38585 |   3.20e-11
    3 |     32.787 |    44   -4   - |    34.067349046 |   23001   61033 |   1.69e-11
    4 |     33.596 |    41   -3   + |    29.383011391 |   15463    1730 |   1.43e-10
  -> CHAINE COMPLETE : toutes les 4 cibles restantes atteintes.

--- depart l=59 : b1[59] = (t=47,k=-3,sg=+) = 29.388113573 | chaine atteint n_l = 4 etape(s) ---
etape |   cible x0 |     t    k  sg |               b |      N1      N2 |     erreur
    0 |   (depart) |    47   -3   + |    29.388113573 |                 |           
    1 |     30.344 |    44   -4   - |    34.067349046 |   43552   11181 |   8.49e-11
    2 |     30.895 |    42   -3   + |    29.383937090 |   29603   62149 |   7.56e-11
    3 |     32.787 |    49   -4   - |    34.063439633 |   22477   59925 |   1.98e-11
    4 |     33.596 |    44   -3   + |    29.385692940 |   65347    7255 |   2.41e-11
  -> CHAINE COMPLETE : toutes les 4 cibles restantes atteintes.

--- depart l=60 : b1[60] = (t=48,k=-3,sg=+) = 29.388869589 | chaine atteint n_l = 4 etape(s) ---
etape |   cible x0 |     t    k  sg |               b |      N1      N2 |     erreur
    0 |   (depart) |    48   -3   + |    29.388869589 |                 |           
    1 |     30.344 |    41   -4   - |    34.070030595 |   43021   11028 |   1.87e-11
    2 |     30.895 |    47   -3   + |    29.388113573 |   17166   36169 |   3.35e-11
    3 |     32.787 |    50   -4   - |    34.062728956 |   18220   48543 |   7.63e-11
    4 |     33.596 |    50   -3   + |    29.390313030 |   54967    6100 |   7.97e-11
  -> CHAINE COMPLETE : toutes les 4 cibles restantes atteintes.

--- depart l=61 : b1[61] = (t=49,k=-3,sg=+) = 29.389602352 | chaine atteint n_l = 4 etape(s) ---
etape |   cible x0 |     t    k  sg |               b |      N1      N2 |     erreur
    0 |   (depart) |    49   -3   + |    29.389602352 |                 |           
    1 |     30.344 |    41   -4   - |    34.070030595 |   58967   15104 |   1.08e-10
    2 |     30.895 |    47   -3   + |    29.388113573 |   17166   36169 |   3.35e-11
    3 |     32.787 |    50   -4   - |    34.062728956 |   18220   48543 |   7.63e-11
    4 |     33.596 |    50   -3   + |    29.390313030 |   54967    6100 |   7.97e-11
  -> CHAINE COMPLETE : toutes les 4 cibles restantes atteintes.

--- depart l=62 : b1[62] = (t=50,k=-3,sg=+) = 29.390313030 | chaine atteint n_l = 4 etape(s) ---
etape |   cible x0 |     t    k  sg |               b |      N1      N2 |     erreur
    0 |   (depart) |    50   -3   + |    29.390313030 |                 |           
    1 |     30.344 |    45   -4   - |    34.066515330 |   62316   15965 |   1.05e-11
    2 |     30.895 |    44   -3   + |    29.385692940 |    6051   12715 |   1.95e-10
    3 |     32.787 |    45   -4   - |    34.066515330 |    5841   15527 |   1.25e-10
    4 |     33.596 |    50   -3   + |    29.390313030 |   51280    5737 |   1.34e-10
  -> CHAINE COMPLETE : toutes les 4 cibles restantes atteintes.

====================================================================================================
Intervalle [14] ]30.344,30.895[ -> 0 ancrage de depart (VIDE, structurel)


====================================================================================================
Intervalle [15] ]30.895,32.787[ -> 0 ancrage de depart (VIDE, structurel)


====================================================================================================
Intervalle [16] ]32.787,33.596[ -> 0 ancrage de depart (VIDE, structurel)
